"archivo","hoja","anio","variable","dias_esperados","dias_ge18_presentes","dias_ge18_validos","pct_dias_ge18_presentes","pct_dias_ge18_validos","cumple_75"
"BD 2020.xlsx","CE",2020,"CO",366,359,359,98.0874316939891,98.0874316939891,TRUE
"BD 2020.xlsx","CE",2020,"NO",366,320,320,87.431693989071,87.431693989071,TRUE
"BD 2020.xlsx","CE",2020,"NO2",366,319,319,87.1584699453552,87.1584699453552,TRUE
"BD 2020.xlsx","CE",2020,"NOX",366,319,319,87.1584699453552,87.1584699453552,TRUE
"BD 2020.xlsx","CE",2020,"O3",366,299,299,81.6939890710382,81.6939890710382,TRUE
"BD 2020.xlsx","CE",2020,"PM10",366,344,344,93.9890710382514,93.9890710382514,TRUE
"BD 2020.xlsx","CE",2020,"PM2.5",366,265,265,72.4043715846994,72.4043715846994,FALSE
"BD 2020.xlsx","CE",2020,"PRS",366,357,357,97.5409836065574,97.5409836065574,TRUE
"BD 2020.xlsx","CE",2020,"RAINF",366,359,359,98.0874316939891,98.0874316939891,TRUE
"BD 2020.xlsx","CE",2020,"RH",366,359,359,98.0874316939891,98.0874316939891,TRUE
"BD 2020.xlsx","CE",2020,"SO2",366,359,359,98.0874316939891,98.0874316939891,TRUE
"BD 2020.xlsx","CE",2020,"SR",366,359,359,98.0874316939891,98.0874316939891,TRUE
"BD 2020.xlsx","CE",2020,"TOUT",366,358,358,97.8142076502732,97.8142076502732,TRUE
"BD 2020.xlsx","CE",2020,"WSR",366,359,359,98.0874316939891,98.0874316939891,TRUE
"BD 2020.xlsx","CE",2020,"WDR",366,359,359,98.0874316939891,98.0874316939891,TRUE
"BD 2020.xlsx","NE",2020,"CO",366,190,190,51.9125683060109,51.9125683060109,FALSE
"BD 2020.xlsx","NE",2020,"NO",366,83,83,22.6775956284153,22.6775956284153,FALSE
"BD 2020.xlsx","NE",2020,"NO2",366,0,0,0,0,FALSE
"BD 2020.xlsx","NE",2020,"NOX",366,0,0,0,0,FALSE
"BD 2020.xlsx","NE",2020,"O3",366,0,0,0,0,FALSE
"BD 2020.xlsx","NE",2020,"PM10",366,338,338,92.3497267759563,92.3497267759563,TRUE
"BD 2020.xlsx","NE",2020,"PM2.5",366,325,325,88.7978142076503,88.7978142076503,TRUE
"BD 2020.xlsx","NE",2020,"PRS",366,284,284,77.5956284153006,77.5956284153006,TRUE
"BD 2020.xlsx","NE",2020,"RAINF",366,302,302,82.5136612021858,82.5136612021858,TRUE
"BD 2020.xlsx","NE",2020,"RH",366,280,280,76.5027322404372,76.5027322404372,TRUE
"BD 2020.xlsx","NE",2020,"SO2",366,37,37,10.1092896174863,10.1092896174863,FALSE
"BD 2020.xlsx","NE",2020,"SR",366,323,323,88.2513661202186,88.2513661202186,TRUE
"BD 2020.xlsx","NE",2020,"TOUT",366,284,284,77.5956284153006,77.5956284153006,TRUE
"BD 2020.xlsx","NE",2020,"WSR",366,190,189,51.9125683060109,51.6393442622951,FALSE
"BD 2020.xlsx","NE",2020,"WDR",366,232,232,63.3879781420765,63.3879781420765,FALSE
"BD 2020.xlsx","NE2",2020,"CO",366,243,243,66.3934426229508,66.3934426229508,FALSE
"BD 2020.xlsx","NE2",2020,"NO",366,7,7,1.91256830601093,1.91256830601093,FALSE
"BD 2020.xlsx","NE2",2020,"NO2",366,7,7,1.91256830601093,1.91256830601093,FALSE
"BD 2020.xlsx","NE2",2020,"NOX",366,20,20,5.46448087431694,5.46448087431694,FALSE
"BD 2020.xlsx","NE2",2020,"O3",366,39,39,10.655737704918,10.655737704918,FALSE
"BD 2020.xlsx","NE2",2020,"PM10",366,326,326,89.0710382513661,89.0710382513661,TRUE
"BD 2020.xlsx","NE2",2020,"PM2.5",366,198,198,54.0983606557377,54.0983606557377,FALSE
"BD 2020.xlsx","NE2",2020,"PRS",366,351,351,95.9016393442623,95.9016393442623,TRUE
"BD 2020.xlsx","NE2",2020,"RAINF",366,351,351,95.9016393442623,95.9016393442623,TRUE
"BD 2020.xlsx","NE2",2020,"RH",366,351,351,95.9016393442623,95.9016393442623,TRUE
"BD 2020.xlsx","NE2",2020,"SO2",366,194,194,53.0054644808743,53.0054644808743,FALSE
"BD 2020.xlsx","NE2",2020,"SR",366,362,362,98.9071038251366,98.9071038251366,TRUE
"BD 2020.xlsx","NE2",2020,"TOUT",366,351,351,95.9016393442623,95.9016393442623,TRUE
"BD 2020.xlsx","NE2",2020,"WSR",366,188,188,51.3661202185792,51.3661202185792,FALSE
"BD 2020.xlsx","NE2",2020,"WDR",366,313,313,85.5191256830601,85.5191256830601,TRUE
"BD 2020.xlsx","NO",2020,"CO",366,15,15,4.0983606557377,4.0983606557377,FALSE
"BD 2020.xlsx","NO",2020,"NO",366,92,92,25.1366120218579,25.1366120218579,FALSE
"BD 2020.xlsx","NO",2020,"NO2",366,32,32,8.7431693989071,8.7431693989071,FALSE
"BD 2020.xlsx","NO",2020,"NOX",366,48,48,13.1147540983607,13.1147540983607,FALSE
"BD 2020.xlsx","NO",2020,"O3",366,2,2,0.546448087431694,0.546448087431694,FALSE
"BD 2020.xlsx","NO",2020,"PM10",366,349,349,95.3551912568306,95.3551912568306,TRUE
"BD 2020.xlsx","NO",2020,"PM2.5",366,350,350,95.6284153005465,95.6284153005465,TRUE
"BD 2020.xlsx","NO",2020,"PRS",366,360,360,98.3606557377049,98.3606557377049,TRUE
"BD 2020.xlsx","NO",2020,"RAINF",366,360,360,98.3606557377049,98.3606557377049,TRUE
"BD 2020.xlsx","NO",2020,"RH",366,360,360,98.3606557377049,98.3606557377049,TRUE
"BD 2020.xlsx","NO",2020,"SO2",366,75,75,20.4918032786885,20.4918032786885,FALSE
"BD 2020.xlsx","NO",2020,"SR",366,360,360,98.3606557377049,98.3606557377049,TRUE
"BD 2020.xlsx","NO",2020,"TOUT",366,360,360,98.3606557377049,98.3606557377049,TRUE
"BD 2020.xlsx","NO",2020,"WSR",366,352,352,96.1748633879781,96.1748633879781,TRUE
"BD 2020.xlsx","NO",2020,"WDR",366,176,176,48.0874316939891,48.0874316939891,FALSE
"BD 2020.xlsx","NO2",2020,"CO",366,361,361,98.6338797814208,98.6338797814208,TRUE
"BD 2020.xlsx","NO2",2020,"NO",366,316,316,86.3387978142077,86.3387978142077,TRUE
"BD 2020.xlsx","NO2",2020,"NO2",366,145,145,39.6174863387978,39.6174863387978,FALSE
"BD 2020.xlsx","NO2",2020,"NOX",366,317,317,86.6120218579235,86.6120218579235,TRUE
"BD 2020.xlsx","NO2",2020,"O3",366,262,262,71.5846994535519,71.5846994535519,FALSE
"BD 2020.xlsx","NO2",2020,"PM10",366,354,354,96.7213114754098,96.7213114754098,TRUE
"BD 2020.xlsx","NO2",2020,"PM2.5",366,297,297,81.1475409836066,81.1475409836066,TRUE
"BD 2020.xlsx","NO2",2020,"PRS",366,361,361,98.6338797814208,98.6338797814208,TRUE
"BD 2020.xlsx","NO2",2020,"RAINF",366,361,361,98.6338797814208,98.6338797814208,TRUE
"BD 2020.xlsx","NO2",2020,"RH",366,360,360,98.3606557377049,98.3606557377049,TRUE
"BD 2020.xlsx","NO2",2020,"SO2",366,316,316,86.3387978142077,86.3387978142077,TRUE
"BD 2020.xlsx","NO2",2020,"SR",366,365,365,99.7267759562842,99.7267759562842,TRUE
"BD 2020.xlsx","NO2",2020,"TOUT",366,361,361,98.6338797814208,98.6338797814208,TRUE
"BD 2020.xlsx","NO2",2020,"WSR",366,324,324,88.5245901639344,88.5245901639344,TRUE
"BD 2020.xlsx","NO2",2020,"WDR",366,238,238,65.0273224043716,65.0273224043716,FALSE
"BD 2020.xlsx","NTE",2020,"CO",366,1,1,0.273224043715847,0.273224043715847,FALSE
"BD 2020.xlsx","NTE",2020,"NO",366,0,0,0,0,FALSE
"BD 2020.xlsx","NTE",2020,"NO2",366,0,0,0,0,FALSE
"BD 2020.xlsx","NTE",2020,"NOX",366,0,0,0,0,FALSE
"BD 2020.xlsx","NTE",2020,"O3",366,0,0,0,0,FALSE
"BD 2020.xlsx","NTE",2020,"PM10",366,272,272,74.3169398907104,74.3169398907104,FALSE
"BD 2020.xlsx","NTE",2020,"PM2.5",366,242,242,66.120218579235,66.120218579235,FALSE
"BD 2020.xlsx","NTE",2020,"PRS",366,36,36,9.83606557377049,9.83606557377049,FALSE
"BD 2020.xlsx","NTE",2020,"RAINF",366,111,111,30.327868852459,30.327868852459,FALSE
"BD 2020.xlsx","NTE",2020,"RH",366,44,44,12.0218579234973,12.0218579234973,FALSE
"BD 2020.xlsx","NTE",2020,"SO2",366,0,0,0,0,FALSE
"BD 2020.xlsx","NTE",2020,"SR",366,335,335,91.5300546448087,91.5300546448087,TRUE
"BD 2020.xlsx","NTE",2020,"TOUT",366,53,36,14.4808743169399,9.83606557377049,FALSE
"BD 2020.xlsx","NTE",2020,"WSR",366,78,78,21.3114754098361,21.3114754098361,FALSE
"BD 2020.xlsx","NTE",2020,"WDR",366,58,58,15.8469945355191,15.8469945355191,FALSE
"BD 2020.xlsx","NTE2",2020,"CO",366,276,276,75.4098360655738,75.4098360655738,TRUE
"BD 2020.xlsx","NTE2",2020,"NO",366,74,74,20.2185792349727,20.2185792349727,FALSE
"BD 2020.xlsx","NTE2",2020,"NO2",366,64,64,17.4863387978142,17.4863387978142,FALSE
"BD 2020.xlsx","NTE2",2020,"NOX",366,64,64,17.4863387978142,17.4863387978142,FALSE
"BD 2020.xlsx","NTE2",2020,"O3",366,21,21,5.73770491803279,5.73770491803279,FALSE
"BD 2020.xlsx","NTE2",2020,"PM10",366,329,329,89.8907103825137,89.8907103825137,TRUE
"BD 2020.xlsx","NTE2",2020,"PM2.5",366,188,188,51.3661202185792,51.3661202185792,FALSE
"BD 2020.xlsx","NTE2",2020,"PRS",366,358,358,97.8142076502732,97.8142076502732,TRUE
"BD 2020.xlsx","NTE2",2020,"RAINF",366,358,358,97.8142076502732,97.8142076502732,TRUE
"BD 2020.xlsx","NTE2",2020,"RH",366,358,358,97.8142076502732,97.8142076502732,TRUE
"BD 2020.xlsx","NTE2",2020,"SO2",366,91,91,24.8633879781421,24.8633879781421,FALSE
"BD 2020.xlsx","NTE2",2020,"SR",366,362,362,98.9071038251366,98.9071038251366,TRUE
"BD 2020.xlsx","NTE2",2020,"TOUT",366,358,358,97.8142076502732,97.8142076502732,TRUE
"BD 2020.xlsx","NTE2",2020,"WSR",366,358,358,97.8142076502732,97.8142076502732,TRUE
"BD 2020.xlsx","NTE2",2020,"WDR",366,358,358,97.8142076502732,97.8142076502732,TRUE
"BD 2020.xlsx","SE",2020,"CO",366,317,317,86.6120218579235,86.6120218579235,TRUE
"BD 2020.xlsx","SE",2020,"NO",366,0,0,0,0,FALSE
"BD 2020.xlsx","SE",2020,"NO2",366,0,0,0,0,FALSE
"BD 2020.xlsx","SE",2020,"NOX",366,0,0,0,0,FALSE
"BD 2020.xlsx","SE",2020,"O3",366,333,333,90.983606557377,90.983606557377,TRUE
"BD 2020.xlsx","SE",2020,"PM10",366,340,340,92.896174863388,92.896174863388,TRUE
"BD 2020.xlsx","SE",2020,"PM2.5",366,320,320,87.431693989071,87.431693989071,TRUE
"BD 2020.xlsx","SE",2020,"PRS",366,299,299,81.6939890710382,81.6939890710382,TRUE
"BD 2020.xlsx","SE",2020,"RAINF",366,357,357,97.5409836065574,97.5409836065574,TRUE
"BD 2020.xlsx","SE",2020,"RH",366,357,357,97.5409836065574,97.5409836065574,TRUE
"BD 2020.xlsx","SE",2020,"SO2",366,322,322,87.9781420765027,87.9781420765027,TRUE
"BD 2020.xlsx","SE",2020,"SR",366,362,362,98.9071038251366,98.9071038251366,TRUE
"BD 2020.xlsx","SE",2020,"TOUT",366,329,327,89.8907103825137,89.344262295082,TRUE
"BD 2020.xlsx","SE",2020,"WSR",366,357,357,97.5409836065574,97.5409836065574,TRUE
"BD 2020.xlsx","SE",2020,"WDR",366,10,10,2.73224043715847,2.73224043715847,FALSE
"BD 2020.xlsx","SE2",2020,"CO",366,2,2,0.546448087431694,0.546448087431694,FALSE
"BD 2020.xlsx","SE2",2020,"NO",366,35,35,9.56284153005464,9.56284153005464,FALSE
"BD 2020.xlsx","SE2",2020,"NO2",366,34,34,9.2896174863388,9.2896174863388,FALSE
"BD 2020.xlsx","SE2",2020,"NOX",366,35,35,9.56284153005464,9.56284153005464,FALSE
"BD 2020.xlsx","SE2",2020,"O3",366,0,0,0,0,FALSE
"BD 2020.xlsx","SE2",2020,"PM10",366,327,327,89.344262295082,89.344262295082,TRUE
"BD 2020.xlsx","SE2",2020,"PM2.5",366,240,240,65.5737704918033,65.5737704918033,FALSE
"BD 2020.xlsx","SE2",2020,"PRS",366,297,297,81.1475409836066,81.1475409836066,TRUE
"BD 2020.xlsx","SE2",2020,"RAINF",366,47,47,12.8415300546448,12.8415300546448,FALSE
"BD 2020.xlsx","SE2",2020,"RH",366,0,0,0,0,FALSE
"BD 2020.xlsx","SE2",2020,"SO2",366,329,329,89.8907103825137,89.8907103825137,TRUE
"BD 2020.xlsx","SE2",2020,"SR",366,364,364,99.4535519125683,99.4535519125683,TRUE
"BD 2020.xlsx","SE2",2020,"TOUT",366,297,297,81.1475409836066,81.1475409836066,TRUE
"BD 2020.xlsx","SE2",2020,"WSR",366,289,289,78.9617486338798,78.9617486338798,TRUE
"BD 2020.xlsx","SE2",2020,"WDR",366,332,332,90.7103825136612,90.7103825136612,TRUE
"BD 2020.xlsx","SE3",2020,"CO",366,323,323,88.2513661202186,88.2513661202186,TRUE
"BD 2020.xlsx","SE3",2020,"NO",366,362,362,98.9071038251366,98.9071038251366,TRUE
"BD 2020.xlsx","SE3",2020,"NO2",366,362,362,98.9071038251366,98.9071038251366,TRUE
"BD 2020.xlsx","SE3",2020,"NOX",366,362,362,98.9071038251366,98.9071038251366,TRUE
"BD 2020.xlsx","SE3",2020,"O3",366,260,260,71.0382513661202,71.0382513661202,FALSE
"BD 2020.xlsx","SE3",2020,"PM10",366,341,341,93.1693989071038,93.1693989071038,TRUE
"BD 2020.xlsx","SE3",2020,"PM2.5",366,302,302,82.5136612021858,82.5136612021858,TRUE
"BD 2020.xlsx","SE3",2020,"PRS",366,362,362,98.9071038251366,98.9071038251366,TRUE
"BD 2020.xlsx","SE3",2020,"RAINF",366,362,362,98.9071038251366,98.9071038251366,TRUE
"BD 2020.xlsx","SE3",2020,"RH",366,361,361,98.6338797814208,98.6338797814208,TRUE
"BD 2020.xlsx","SE3",2020,"SO2",366,312,312,85.2459016393443,85.2459016393443,TRUE
"BD 2020.xlsx","SE3",2020,"SR",366,366,366,100,100,TRUE
"BD 2020.xlsx","SE3",2020,"TOUT",366,362,362,98.9071038251366,98.9071038251366,TRUE
"BD 2020.xlsx","SE3",2020,"WSR",366,362,362,98.9071038251366,98.9071038251366,TRUE
"BD 2020.xlsx","SE3",2020,"WDR",366,362,362,98.9071038251366,98.9071038251366,TRUE
"BD 2020.xlsx","SO",2020,"CO",366,181,181,49.4535519125683,49.4535519125683,FALSE
"BD 2020.xlsx","SO",2020,"NO",366,221,221,60.3825136612022,60.3825136612022,FALSE
"BD 2020.xlsx","SO",2020,"NO2",366,163,163,44.5355191256831,44.5355191256831,FALSE
"BD 2020.xlsx","SO",2020,"NOX",366,151,151,41.2568306010929,41.2568306010929,FALSE
"BD 2020.xlsx","SO",2020,"O3",366,254,254,69.3989071038251,69.3989071038251,FALSE
"BD 2020.xlsx","SO",2020,"PM10",366,357,357,97.5409836065574,97.5409836065574,TRUE
"BD 2020.xlsx","SO",2020,"PM2.5",366,344,344,93.9890710382514,93.9890710382514,TRUE
"BD 2020.xlsx","SO",2020,"PRS",366,329,326,89.8907103825137,89.0710382513661,TRUE
"BD 2020.xlsx","SO",2020,"RAINF",366,365,365,99.7267759562842,99.7267759562842,TRUE
"BD 2020.xlsx","SO",2020,"RH",366,363,363,99.1803278688525,99.1803278688525,TRUE
"BD 2020.xlsx","SO",2020,"SO2",366,275,275,75.1366120218579,75.1366120218579,TRUE
"BD 2020.xlsx","SO",2020,"SR",366,365,365,99.7267759562842,99.7267759562842,TRUE
"BD 2020.xlsx","SO",2020,"TOUT",366,365,365,99.7267759562842,99.7267759562842,TRUE
"BD 2020.xlsx","SO",2020,"WSR",366,365,365,99.7267759562842,99.7267759562842,TRUE
"BD 2020.xlsx","SO",2020,"WDR",366,300,300,81.9672131147541,81.9672131147541,TRUE
"BD 2020.xlsx","SO2",2020,"CO",366,366,366,100,100,TRUE
"BD 2020.xlsx","SO2",2020,"NO",366,179,179,48.9071038251366,48.9071038251366,FALSE
"BD 2020.xlsx","SO2",2020,"NO2",366,191,191,52.1857923497268,52.1857923497268,FALSE
"BD 2020.xlsx","SO2",2020,"NOX",366,191,191,52.1857923497268,52.1857923497268,FALSE
"BD 2020.xlsx","SO2",2020,"O3",366,356,356,97.2677595628415,97.2677595628415,TRUE
"BD 2020.xlsx","SO2",2020,"PM10",366,326,326,89.0710382513661,89.0710382513661,TRUE
"BD 2020.xlsx","SO2",2020,"PM2.5",366,278,278,75.9562841530055,75.9562841530055,TRUE
"BD 2020.xlsx","SO2",2020,"PRS",366,366,366,100,100,TRUE
"BD 2020.xlsx","SO2",2020,"RAINF",366,366,366,100,100,TRUE
"BD 2020.xlsx","SO2",2020,"RH",366,366,366,100,100,TRUE
"BD 2020.xlsx","SO2",2020,"SO2",366,246,246,67.2131147540984,67.2131147540984,FALSE
"BD 2020.xlsx","SO2",2020,"SR",366,366,366,100,100,TRUE
"BD 2020.xlsx","SO2",2020,"TOUT",366,366,366,100,100,TRUE
"BD 2020.xlsx","SO2",2020,"WSR",366,96,96,26.2295081967213,26.2295081967213,FALSE
"BD 2020.xlsx","SO2",2020,"WDR",366,366,366,100,100,TRUE
"BD 2020.xlsx","SUR",2020,"CO",366,12,12,3.27868852459016,3.27868852459016,FALSE
"BD 2020.xlsx","SUR",2020,"NO",366,0,0,0,0,FALSE
"BD 2020.xlsx","SUR",2020,"NO2",366,0,0,0,0,FALSE
"BD 2020.xlsx","SUR",2020,"NOX",366,8,8,2.18579234972678,2.18579234972678,FALSE
"BD 2020.xlsx","SUR",2020,"O3",366,0,0,0,0,FALSE
"BD 2020.xlsx","SUR",2020,"PM10",366,349,349,95.3551912568306,95.3551912568306,TRUE
"BD 2020.xlsx","SUR",2020,"PM2.5",366,123,123,33.6065573770492,33.6065573770492,FALSE
"BD 2020.xlsx","SUR",2020,"PRS",366,366,366,100,100,TRUE
"BD 2020.xlsx","SUR",2020,"RAINF",366,366,366,100,100,TRUE
"BD 2020.xlsx","SUR",2020,"RH",366,366,366,100,100,TRUE
"BD 2020.xlsx","SUR",2020,"SO2",366,0,0,0,0,FALSE
"BD 2020.xlsx","SUR",2020,"SR",366,366,366,100,100,TRUE
"BD 2020.xlsx","SUR",2020,"TOUT",366,366,366,100,100,TRUE
"BD 2020.xlsx","SUR",2020,"WSR",366,363,363,99.1803278688525,99.1803278688525,TRUE
"BD 2020.xlsx","SUR",2020,"WDR",366,40,40,10.9289617486339,10.9289617486339,FALSE
"BD 2021.xlsx","CE",2021,"CO",365,336,336,92.0547945205479,92.0547945205479,TRUE
"BD 2021.xlsx","CE",2021,"NO",365,289,289,79.1780821917808,79.1780821917808,TRUE
"BD 2021.xlsx","CE",2021,"NO2",365,287,287,78.6301369863014,78.6301369863014,TRUE
"BD 2021.xlsx","CE",2021,"NOX",365,286,286,78.3561643835616,78.3561643835616,TRUE
"BD 2021.xlsx","CE",2021,"O3",365,314,314,86.027397260274,86.027397260274,TRUE
"BD 2021.xlsx","CE",2021,"PM10",365,351,351,96.1643835616438,96.1643835616438,TRUE
"BD 2021.xlsx","CE",2021,"PM2.5",365,329,329,90.1369863013699,90.1369863013699,TRUE
"BD 2021.xlsx","CE",2021,"PRS",365,355,355,97.2602739726027,97.2602739726027,TRUE
"BD 2021.xlsx","CE",2021,"RAINF",365,355,355,97.2602739726027,97.2602739726027,TRUE
"BD 2021.xlsx","CE",2021,"RH",365,355,355,97.2602739726027,97.2602739726027,TRUE
"BD 2021.xlsx","CE",2021,"SO2",365,334,334,91.5068493150685,91.5068493150685,TRUE
"BD 2021.xlsx","CE",2021,"SR",365,354,354,96.986301369863,96.986301369863,TRUE
"BD 2021.xlsx","CE",2021,"TOUT",365,355,355,97.2602739726027,97.2602739726027,TRUE
"BD 2021.xlsx","CE",2021,"WSR",365,355,355,97.2602739726027,97.2602739726027,TRUE
"BD 2021.xlsx","CE",2021,"WDR",365,355,355,97.2602739726027,97.2602739726027,TRUE
"BD 2021.xlsx","NE",2021,"CO",365,351,351,96.1643835616438,96.1643835616438,TRUE
"BD 2021.xlsx","NE",2021,"NO",365,313,313,85.7534246575343,85.7534246575343,TRUE
"BD 2021.xlsx","NE",2021,"NO2",365,307,307,84.1095890410959,84.1095890410959,TRUE
"BD 2021.xlsx","NE",2021,"NOX",365,307,307,84.1095890410959,84.1095890410959,TRUE
"BD 2021.xlsx","NE",2021,"O3",365,308,308,84.3835616438356,84.3835616438356,TRUE
"BD 2021.xlsx","NE",2021,"PM10",365,360,360,98.6301369863014,98.6301369863014,TRUE
"BD 2021.xlsx","NE",2021,"PM2.5",365,359,359,98.3561643835616,98.3561643835616,TRUE
"BD 2021.xlsx","NE",2021,"PRS",365,363,363,99.4520547945205,99.4520547945205,TRUE
"BD 2021.xlsx","NE",2021,"RAINF",365,363,363,99.4520547945205,99.4520547945205,TRUE
"BD 2021.xlsx","NE",2021,"RH",365,362,362,99.1780821917808,99.1780821917808,TRUE
"BD 2021.xlsx","NE",2021,"SO2",365,260,260,71.2328767123288,71.2328767123288,FALSE
"BD 2021.xlsx","NE",2021,"SR",365,361,360,98.9041095890411,98.6301369863014,TRUE
"BD 2021.xlsx","NE",2021,"TOUT",365,363,363,99.4520547945205,99.4520547945205,TRUE
"BD 2021.xlsx","NE",2021,"WSR",365,274,274,75.0684931506849,75.0684931506849,TRUE
"BD 2021.xlsx","NE",2021,"WDR",365,361,361,98.9041095890411,98.9041095890411,TRUE
"BD 2021.xlsx","NE2",2021,"CO",365,332,332,90.958904109589,90.958904109589,TRUE
"BD 2021.xlsx","NE2",2021,"NO",365,294,294,80.5479452054795,80.5479452054795,TRUE
"BD 2021.xlsx","NE2",2021,"NO2",365,293,293,80.2739726027397,80.2739726027397,TRUE
"BD 2021.xlsx","NE2",2021,"NOX",365,293,293,80.2739726027397,80.2739726027397,TRUE
"BD 2021.xlsx","NE2",2021,"O3",365,295,295,80.8219178082192,80.8219178082192,TRUE
"BD 2021.xlsx","NE2",2021,"PM10",365,337,337,92.3287671232877,92.3287671232877,TRUE
"BD 2021.xlsx","NE2",2021,"PM2.5",365,329,329,90.1369863013699,90.1369863013699,TRUE
"BD 2021.xlsx","NE2",2021,"PRS",365,351,351,96.1643835616438,96.1643835616438,TRUE
"BD 2021.xlsx","NE2",2021,"RAINF",365,353,353,96.7123287671233,96.7123287671233,TRUE
"BD 2021.xlsx","NE2",2021,"RH",365,351,351,96.1643835616438,96.1643835616438,TRUE
"BD 2021.xlsx","NE2",2021,"SO2",365,335,335,91.7808219178082,91.7808219178082,TRUE
"BD 2021.xlsx","NE2",2021,"SR",365,363,363,99.4520547945205,99.4520547945205,TRUE
"BD 2021.xlsx","NE2",2021,"TOUT",365,353,353,96.7123287671233,96.7123287671233,TRUE
"BD 2021.xlsx","NE2",2021,"WSR",365,261,250,71.5068493150685,68.4931506849315,FALSE
"BD 2021.xlsx","NE2",2021,"WDR",365,350,350,95.8904109589041,95.8904109589041,TRUE
"BD 2021.xlsx","NE3",2021,"CO",365,338,338,92.6027397260274,92.6027397260274,TRUE
"BD 2021.xlsx","NE3",2021,"NO",365,345,345,94.5205479452055,94.5205479452055,TRUE
"BD 2021.xlsx","NE3",2021,"NO2",365,345,345,94.5205479452055,94.5205479452055,TRUE
"BD 2021.xlsx","NE3",2021,"NOX",365,345,345,94.5205479452055,94.5205479452055,TRUE
"BD 2021.xlsx","NE3",2021,"O3",365,345,345,94.5205479452055,94.5205479452055,TRUE
"BD 2021.xlsx","NE3",2021,"PM10",365,345,345,94.5205479452055,94.5205479452055,TRUE
"BD 2021.xlsx","NE3",2021,"PM2.5",365,0,0,0,0,FALSE
"BD 2021.xlsx","NE3",2021,"PRS",365,343,343,93.972602739726,93.972602739726,TRUE
"BD 2021.xlsx","NE3",2021,"RAINF",365,347,347,95.0684931506849,95.0684931506849,TRUE
"BD 2021.xlsx","NE3",2021,"RH",365,347,347,95.0684931506849,95.0684931506849,TRUE
"BD 2021.xlsx","NE3",2021,"SO2",365,305,305,83.5616438356164,83.5616438356164,TRUE
"BD 2021.xlsx","NE3",2021,"SR",365,335,335,91.7808219178082,91.7808219178082,TRUE
"BD 2021.xlsx","NE3",2021,"TOUT",365,347,347,95.0684931506849,95.0684931506849,TRUE
"BD 2021.xlsx","NE3",2021,"WSR",365,325,325,89.041095890411,89.041095890411,TRUE
"BD 2021.xlsx","NE3",2021,"WDR",365,347,347,95.0684931506849,95.0684931506849,TRUE
"BD 2021.xlsx","NO",2021,"CO",365,292,292,80,80,TRUE
"BD 2021.xlsx","NO",2021,"NO",365,340,340,93.1506849315068,93.1506849315068,TRUE
"BD 2021.xlsx","NO",2021,"NO2",365,323,323,88.4931506849315,88.4931506849315,TRUE
"BD 2021.xlsx","NO",2021,"NOX",365,331,331,90.6849315068493,90.6849315068493,TRUE
"BD 2021.xlsx","NO",2021,"O3",365,290,290,79.4520547945205,79.4520547945205,TRUE
"BD 2021.xlsx","NO",2021,"PM10",365,313,313,85.7534246575343,85.7534246575343,TRUE
"BD 2021.xlsx","NO",2021,"PM2.5",365,310,310,84.9315068493151,84.9315068493151,TRUE
"BD 2021.xlsx","NO",2021,"PRS",365,359,359,98.3561643835616,98.3561643835616,TRUE
"BD 2021.xlsx","NO",2021,"RAINF",365,359,359,98.3561643835616,98.3561643835616,TRUE
"BD 2021.xlsx","NO",2021,"RH",365,349,349,95.6164383561644,95.6164383561644,TRUE
"BD 2021.xlsx","NO",2021,"SO2",365,352,352,96.4383561643836,96.4383561643836,TRUE
"BD 2021.xlsx","NO",2021,"SR",365,359,359,98.3561643835616,98.3561643835616,TRUE
"BD 2021.xlsx","NO",2021,"TOUT",365,359,359,98.3561643835616,98.3561643835616,TRUE
"BD 2021.xlsx","NO",2021,"WSR",365,310,309,84.9315068493151,84.6575342465753,TRUE
"BD 2021.xlsx","NO",2021,"WDR",365,321,321,87.9452054794521,87.9452054794521,TRUE
"BD 2021.xlsx","NO2",2021,"CO",365,354,354,96.986301369863,96.986301369863,TRUE
"BD 2021.xlsx","NO2",2021,"NO",365,346,346,94.7945205479452,94.7945205479452,TRUE
"BD 2021.xlsx","NO2",2021,"NO2",365,346,346,94.7945205479452,94.7945205479452,TRUE
"BD 2021.xlsx","NO2",2021,"NOX",365,346,346,94.7945205479452,94.7945205479452,TRUE
"BD 2021.xlsx","NO2",2021,"O3",365,350,350,95.8904109589041,95.8904109589041,TRUE
"BD 2021.xlsx","NO2",2021,"PM10",365,349,349,95.6164383561644,95.6164383561644,TRUE
"BD 2021.xlsx","NO2",2021,"PM2.5",365,348,348,95.3424657534247,95.3424657534247,TRUE
"BD 2021.xlsx","NO2",2021,"PRS",365,322,319,88.2191780821918,87.3972602739726,TRUE
"BD 2021.xlsx","NO2",2021,"RAINF",365,354,354,96.986301369863,96.986301369863,TRUE
"BD 2021.xlsx","NO2",2021,"RH",365,341,341,93.4246575342466,93.4246575342466,TRUE
"BD 2021.xlsx","NO2",2021,"SO2",365,250,250,68.4931506849315,68.4931506849315,FALSE
"BD 2021.xlsx","NO2",2021,"SR",365,363,362,99.4520547945205,99.1780821917808,TRUE
"BD 2021.xlsx","NO2",2021,"TOUT",365,339,339,92.8767123287671,92.8767123287671,TRUE
"BD 2021.xlsx","NO2",2021,"WSR",365,324,323,88.7671232876712,88.4931506849315,TRUE
"BD 2021.xlsx","NO2",2021,"WDR",365,268,268,73.4246575342466,73.4246575342466,FALSE
"BD 2021.xlsx","NTE",2021,"CO",365,269,269,73.6986301369863,73.6986301369863,FALSE
"BD 2021.xlsx","NTE",2021,"NO",365,243,243,66.5753424657534,66.5753424657534,FALSE
"BD 2021.xlsx","NTE",2021,"NO2",365,243,243,66.5753424657534,66.5753424657534,FALSE
"BD 2021.xlsx","NTE",2021,"NOX",365,243,243,66.5753424657534,66.5753424657534,FALSE
"BD 2021.xlsx","NTE",2021,"O3",365,297,297,81.3698630136986,81.3698630136986,TRUE
"BD 2021.xlsx","NTE",2021,"PM10",365,339,339,92.8767123287671,92.8767123287671,TRUE
"BD 2021.xlsx","NTE",2021,"PM2.5",365,295,295,80.8219178082192,80.8219178082192,TRUE
"BD 2021.xlsx","NTE",2021,"PRS",365,272,272,74.5205479452055,74.5205479452055,FALSE
"BD 2021.xlsx","NTE",2021,"RAINF",365,272,272,74.5205479452055,74.5205479452055,FALSE
"BD 2021.xlsx","NTE",2021,"RH",365,247,247,67.6712328767123,67.6712328767123,FALSE
"BD 2021.xlsx","NTE",2021,"SO2",365,262,262,71.7808219178082,71.7808219178082,FALSE
"BD 2021.xlsx","NTE",2021,"SR",365,351,351,96.1643835616438,96.1643835616438,TRUE
"BD 2021.xlsx","NTE",2021,"TOUT",365,272,272,74.5205479452055,74.5205479452055,FALSE
"BD 2021.xlsx","NTE",2021,"WSR",365,272,272,74.5205479452055,74.5205479452055,FALSE
"BD 2021.xlsx","NTE",2021,"WDR",365,272,272,74.5205479452055,74.5205479452055,FALSE
"BD 2021.xlsx","NTE2",2021,"CO",365,358,358,98.0821917808219,98.0821917808219,TRUE
"BD 2021.xlsx","NTE2",2021,"NO",365,279,279,76.4383561643836,76.4383561643836,TRUE
"BD 2021.xlsx","NTE2",2021,"NO2",365,279,279,76.4383561643836,76.4383561643836,TRUE
"BD 2021.xlsx","NTE2",2021,"NOX",365,278,278,76.1643835616438,76.1643835616438,TRUE
"BD 2021.xlsx","NTE2",2021,"O3",365,328,328,89.8630136986301,89.8630136986301,TRUE
"BD 2021.xlsx","NTE2",2021,"PM10",365,345,345,94.5205479452055,94.5205479452055,TRUE
"BD 2021.xlsx","NTE2",2021,"PM2.5",365,344,344,94.2465753424657,94.2465753424657,TRUE
"BD 2021.xlsx","NTE2",2021,"PRS",365,358,358,98.0821917808219,98.0821917808219,TRUE
"BD 2021.xlsx","NTE2",2021,"RAINF",365,359,359,98.3561643835616,98.3561643835616,TRUE
"BD 2021.xlsx","NTE2",2021,"RH",365,358,358,98.0821917808219,98.0821917808219,TRUE
"BD 2021.xlsx","NTE2",2021,"SO2",365,110,110,30.1369863013699,30.1369863013699,FALSE
"BD 2021.xlsx","NTE2",2021,"SR",365,364,364,99.7260273972603,99.7260273972603,TRUE
"BD 2021.xlsx","NTE2",2021,"TOUT",365,358,358,98.0821917808219,98.0821917808219,TRUE
"BD 2021.xlsx","NTE2",2021,"WSR",365,359,359,98.3561643835616,98.3561643835616,TRUE
"BD 2021.xlsx","NTE2",2021,"WDR",365,359,359,98.3561643835616,98.3561643835616,TRUE
"BD 2021.xlsx","SE",2021,"CO",365,343,343,93.972602739726,93.972602739726,TRUE
"BD 2021.xlsx","SE",2021,"NO",365,242,242,66.3013698630137,66.3013698630137,FALSE
"BD 2021.xlsx","SE",2021,"NO2",365,283,283,77.5342465753425,77.5342465753425,TRUE
"BD 2021.xlsx","SE",2021,"NOX",365,283,283,77.5342465753425,77.5342465753425,TRUE
"BD 2021.xlsx","SE",2021,"O3",365,341,341,93.4246575342466,93.4246575342466,TRUE
"BD 2021.xlsx","SE",2021,"PM10",365,342,342,93.6986301369863,93.6986301369863,TRUE
"BD 2021.xlsx","SE",2021,"PM2.5",365,335,335,91.7808219178082,91.7808219178082,TRUE
"BD 2021.xlsx","SE",2021,"PRS",365,326,326,89.3150684931507,89.3150684931507,TRUE
"BD 2021.xlsx","SE",2021,"RAINF",365,352,352,96.4383561643836,96.4383561643836,TRUE
"BD 2021.xlsx","SE",2021,"RH",365,350,350,95.8904109589041,95.8904109589041,TRUE
"BD 2021.xlsx","SE",2021,"SO2",365,338,338,92.6027397260274,92.6027397260274,TRUE
"BD 2021.xlsx","SE",2021,"SR",365,362,362,99.1780821917808,99.1780821917808,TRUE
"BD 2021.xlsx","SE",2021,"TOUT",365,208,208,56.986301369863,56.986301369863,FALSE
"BD 2021.xlsx","SE",2021,"WSR",365,352,352,96.4383561643836,96.4383561643836,TRUE
"BD 2021.xlsx","SE",2021,"WDR",365,263,263,72.0547945205479,72.0547945205479,FALSE
"BD 2021.xlsx","SE2",2021,"CO",365,313,313,85.7534246575343,85.7534246575343,TRUE
"BD 2021.xlsx","SE2",2021,"NO",365,253,253,69.3150684931507,69.3150684931507,FALSE
"BD 2021.xlsx","SE2",2021,"NO2",365,253,253,69.3150684931507,69.3150684931507,FALSE
"BD 2021.xlsx","SE2",2021,"NOX",365,253,253,69.3150684931507,69.3150684931507,FALSE
"BD 2021.xlsx","SE2",2021,"O3",365,218,218,59.7260273972603,59.7260273972603,FALSE
"BD 2021.xlsx","SE2",2021,"PM10",365,328,328,89.8630136986301,89.8630136986301,TRUE
"BD 2021.xlsx","SE2",2021,"PM2.5",365,310,310,84.9315068493151,84.9315068493151,TRUE
"BD 2021.xlsx","SE2",2021,"PRS",365,339,339,92.8767123287671,92.8767123287671,TRUE
"BD 2021.xlsx","SE2",2021,"RAINF",365,271,271,74.2465753424657,74.2465753424657,FALSE
"BD 2021.xlsx","SE2",2021,"RH",365,255,255,69.8630136986301,69.8630136986301,FALSE
"BD 2021.xlsx","SE2",2021,"SO2",365,298,298,81.6438356164384,81.6438356164384,TRUE
"BD 2021.xlsx","SE2",2021,"SR",365,358,358,98.0821917808219,98.0821917808219,TRUE
"BD 2021.xlsx","SE2",2021,"TOUT",365,339,339,92.8767123287671,92.8767123287671,TRUE
"BD 2021.xlsx","SE2",2021,"WSR",365,320,320,87.6712328767123,87.6712328767123,TRUE
"BD 2021.xlsx","SE2",2021,"WDR",365,339,339,92.8767123287671,92.8767123287671,TRUE
"BD 2021.xlsx","SE3",2021,"CO",365,342,342,93.6986301369863,93.6986301369863,TRUE
"BD 2021.xlsx","SE3",2021,"NO",365,325,325,89.041095890411,89.041095890411,TRUE
"BD 2021.xlsx","SE3",2021,"NO2",365,325,325,89.041095890411,89.041095890411,TRUE
"BD 2021.xlsx","SE3",2021,"NOX",365,325,325,89.041095890411,89.041095890411,TRUE
"BD 2021.xlsx","SE3",2021,"O3",365,342,342,93.6986301369863,93.6986301369863,TRUE
"BD 2021.xlsx","SE3",2021,"PM10",365,330,330,90.4109589041096,90.4109589041096,TRUE
"BD 2021.xlsx","SE3",2021,"PM2.5",365,308,308,84.3835616438356,84.3835616438356,TRUE
"BD 2021.xlsx","SE3",2021,"PRS",365,341,331,93.4246575342466,90.6849315068493,TRUE
"BD 2021.xlsx","SE3",2021,"RAINF",365,340,340,93.1506849315068,93.1506849315068,TRUE
"BD 2021.xlsx","SE3",2021,"RH",365,329,329,90.1369863013699,90.1369863013699,TRUE
"BD 2021.xlsx","SE3",2021,"SO2",365,309,309,84.6575342465753,84.6575342465753,TRUE
"BD 2021.xlsx","SE3",2021,"SR",365,364,364,99.7260273972603,99.7260273972603,TRUE
"BD 2021.xlsx","SE3",2021,"TOUT",365,341,341,93.4246575342466,93.4246575342466,TRUE
"BD 2021.xlsx","SE3",2021,"WSR",365,340,340,93.1506849315068,93.1506849315068,TRUE
"BD 2021.xlsx","SE3",2021,"WDR",365,340,340,93.1506849315068,93.1506849315068,TRUE
"BD 2021.xlsx","SO",2021,"CO",365,325,324,89.041095890411,88.7671232876712,TRUE
"BD 2021.xlsx","SO",2021,"NO",365,340,340,93.1506849315068,93.1506849315068,TRUE
"BD 2021.xlsx","SO",2021,"NO2",365,340,340,93.1506849315068,93.1506849315068,TRUE
"BD 2021.xlsx","SO",2021,"NOX",365,299,299,81.9178082191781,81.9178082191781,TRUE
"BD 2021.xlsx","SO",2021,"O3",365,335,335,91.7808219178082,91.7808219178082,TRUE
"BD 2021.xlsx","SO",2021,"PM10",365,343,343,93.972602739726,93.972602739726,TRUE
"BD 2021.xlsx","SO",2021,"PM2.5",365,346,346,94.7945205479452,94.7945205479452,TRUE
"BD 2021.xlsx","SO",2021,"PRS",365,335,329,91.7808219178082,90.1369863013699,TRUE
"BD 2021.xlsx","SO",2021,"RAINF",365,352,352,96.4383561643836,96.4383561643836,TRUE
"BD 2021.xlsx","SO",2021,"RH",365,347,347,95.0684931506849,95.0684931506849,TRUE
"BD 2021.xlsx","SO",2021,"SO2",365,346,346,94.7945205479452,94.7945205479452,TRUE
"BD 2021.xlsx","SO",2021,"SR",365,344,344,94.2465753424657,94.2465753424657,TRUE
"BD 2021.xlsx","SO",2021,"TOUT",365,340,340,93.1506849315068,93.1506849315068,TRUE
"BD 2021.xlsx","SO",2021,"WSR",365,352,352,96.4383561643836,96.4383561643836,TRUE
"BD 2021.xlsx","SO",2021,"WDR",365,319,319,87.3972602739726,87.3972602739726,TRUE
"BD 2021.xlsx","SO2",2021,"CO",365,317,317,86.8493150684932,86.8493150684932,TRUE
"BD 2021.xlsx","SO2",2021,"NO",365,316,316,86.5753424657534,86.5753424657534,TRUE
"BD 2021.xlsx","SO2",2021,"NO2",365,316,316,86.5753424657534,86.5753424657534,TRUE
"BD 2021.xlsx","SO2",2021,"NOX",365,316,316,86.5753424657534,86.5753424657534,TRUE
"BD 2021.xlsx","SO2",2021,"O3",365,358,358,98.0821917808219,98.0821917808219,TRUE
"BD 2021.xlsx","SO2",2021,"PM10",365,345,345,94.5205479452055,94.5205479452055,TRUE
"BD 2021.xlsx","SO2",2021,"PM2.5",365,301,301,82.4657534246575,82.4657534246575,TRUE
"BD 2021.xlsx","SO2",2021,"PRS",365,360,360,98.6301369863014,98.6301369863014,TRUE
"BD 2021.xlsx","SO2",2021,"RAINF",365,361,361,98.9041095890411,98.9041095890411,TRUE
"BD 2021.xlsx","SO2",2021,"RH",365,360,360,98.6301369863014,98.6301369863014,TRUE
"BD 2021.xlsx","SO2",2021,"SO2",365,279,279,76.4383561643836,76.4383561643836,TRUE
"BD 2021.xlsx","SO2",2021,"SR",365,365,365,100,100,TRUE
"BD 2021.xlsx","SO2",2021,"TOUT",365,361,361,98.9041095890411,98.9041095890411,TRUE
"BD 2021.xlsx","SO2",2021,"WSR",365,274,211,75.0684931506849,57.8082191780822,FALSE
"BD 2021.xlsx","SO2",2021,"WDR",365,361,361,98.9041095890411,98.9041095890411,TRUE
"BD 2021.xlsx","SUR",2021,"CO",365,332,332,90.958904109589,90.958904109589,TRUE
"BD 2021.xlsx","SUR",2021,"NO",365,299,299,81.9178082191781,81.9178082191781,TRUE
"BD 2021.xlsx","SUR",2021,"NO2",365,299,299,81.9178082191781,81.9178082191781,TRUE
"BD 2021.xlsx","SUR",2021,"NOX",365,299,299,81.9178082191781,81.9178082191781,TRUE
"BD 2021.xlsx","SUR",2021,"O3",365,305,305,83.5616438356164,83.5616438356164,TRUE
"BD 2021.xlsx","SUR",2021,"PM10",365,348,348,95.3424657534247,95.3424657534247,TRUE
"BD 2021.xlsx","SUR",2021,"PM2.5",365,235,235,64.3835616438356,64.3835616438356,FALSE
"BD 2021.xlsx","SUR",2021,"PRS",365,358,358,98.0821917808219,98.0821917808219,TRUE
"BD 2021.xlsx","SUR",2021,"RAINF",365,358,358,98.0821917808219,98.0821917808219,TRUE
"BD 2021.xlsx","SUR",2021,"RH",365,358,358,98.0821917808219,98.0821917808219,TRUE
"BD 2021.xlsx","SUR",2021,"SO2",365,252,252,69.041095890411,69.041095890411,FALSE
"BD 2021.xlsx","SUR",2021,"SR",365,361,361,98.9041095890411,98.9041095890411,TRUE
"BD 2021.xlsx","SUR",2021,"TOUT",365,358,358,98.0821917808219,98.0821917808219,TRUE
"BD 2021.xlsx","SUR",2021,"WSR",365,358,358,98.0821917808219,98.0821917808219,TRUE
"BD 2021.xlsx","SUR",2021,"WDR",365,271,271,74.2465753424657,74.2465753424657,FALSE
"BD 2022.xlsx","CE",2022,"CO",365,358,358,98.0821917808219,98.0821917808219,TRUE
"BD 2022.xlsx","CE",2022,"NO",365,355,355,97.2602739726027,97.2602739726027,TRUE
"BD 2022.xlsx","CE",2022,"NO2",365,357,357,97.8082191780822,97.8082191780822,TRUE
"BD 2022.xlsx","CE",2022,"NOX",365,358,358,98.0821917808219,98.0821917808219,TRUE
"BD 2022.xlsx","CE",2022,"O3",365,353,353,96.7123287671233,96.7123287671233,TRUE
"BD 2022.xlsx","CE",2022,"PM10",365,355,355,97.2602739726027,97.2602739726027,TRUE
"BD 2022.xlsx","CE",2022,"PM2.5",365,324,324,88.7671232876712,88.7671232876712,TRUE
"BD 2022.xlsx","CE",2022,"PRS",365,357,357,97.8082191780822,97.8082191780822,TRUE
"BD 2022.xlsx","CE",2022,"RAINF",365,358,358,98.0821917808219,98.0821917808219,TRUE
"BD 2022.xlsx","CE",2022,"RH",365,354,354,96.986301369863,96.986301369863,TRUE
"BD 2022.xlsx","CE",2022,"SO2",365,336,336,92.0547945205479,92.0547945205479,TRUE
"BD 2022.xlsx","CE",2022,"SR",365,360,360,98.6301369863014,98.6301369863014,TRUE
"BD 2022.xlsx","CE",2022,"TOUT",365,358,358,98.0821917808219,98.0821917808219,TRUE
"BD 2022.xlsx","CE",2022,"WSR",365,358,358,98.0821917808219,98.0821917808219,TRUE
"BD 2022.xlsx","CE",2022,"WDR",365,358,358,98.0821917808219,98.0821917808219,TRUE
"BD 2022.xlsx","NE",2022,"CO",365,362,362,99.1780821917808,99.1780821917808,TRUE
"BD 2022.xlsx","NE",2022,"NO",365,362,362,99.1780821917808,99.1780821917808,TRUE
"BD 2022.xlsx","NE",2022,"NO2",365,362,362,99.1780821917808,99.1780821917808,TRUE
"BD 2022.xlsx","NE",2022,"NOX",365,362,362,99.1780821917808,99.1780821917808,TRUE
"BD 2022.xlsx","NE",2022,"O3",365,353,353,96.7123287671233,96.7123287671233,TRUE
"BD 2022.xlsx","NE",2022,"PM10",365,359,359,98.3561643835616,98.3561643835616,TRUE
"BD 2022.xlsx","NE",2022,"PM2.5",365,347,347,95.0684931506849,95.0684931506849,TRUE
"BD 2022.xlsx","NE",2022,"PRS",365,361,360,98.9041095890411,98.6301369863014,TRUE
"BD 2022.xlsx","NE",2022,"RAINF",365,362,362,99.1780821917808,99.1780821917808,TRUE
"BD 2022.xlsx","NE",2022,"RH",365,359,359,98.3561643835616,98.3561643835616,TRUE
"BD 2022.xlsx","NE",2022,"SO2",365,352,352,96.4383561643836,96.4383561643836,TRUE
"BD 2022.xlsx","NE",2022,"SR",365,365,365,100,100,TRUE
"BD 2022.xlsx","NE",2022,"TOUT",365,362,362,99.1780821917808,99.1780821917808,TRUE
"BD 2022.xlsx","NE",2022,"WSR",365,362,362,99.1780821917808,99.1780821917808,TRUE
"BD 2022.xlsx","NE",2022,"WDR",365,362,362,99.1780821917808,99.1780821917808,TRUE
"BD 2022.xlsx","NE2",2022,"CO",365,362,362,99.1780821917808,99.1780821917808,TRUE
"BD 2022.xlsx","NE2",2022,"NO",365,359,359,98.3561643835616,98.3561643835616,TRUE
"BD 2022.xlsx","NE2",2022,"NO2",365,357,357,97.8082191780822,97.8082191780822,TRUE
"BD 2022.xlsx","NE2",2022,"NOX",365,358,358,98.0821917808219,98.0821917808219,TRUE
"BD 2022.xlsx","NE2",2022,"O3",365,359,359,98.3561643835616,98.3561643835616,TRUE
"BD 2022.xlsx","NE2",2022,"PM10",365,358,358,98.0821917808219,98.0821917808219,TRUE
"BD 2022.xlsx","NE2",2022,"PM2.5",365,347,347,95.0684931506849,95.0684931506849,TRUE
"BD 2022.xlsx","NE2",2022,"PRS",365,362,362,99.1780821917808,99.1780821917808,TRUE
"BD 2022.xlsx","NE2",2022,"RAINF",365,362,362,99.1780821917808,99.1780821917808,TRUE
"BD 2022.xlsx","NE2",2022,"RH",365,361,361,98.9041095890411,98.9041095890411,TRUE
"BD 2022.xlsx","NE2",2022,"SO2",365,345,345,94.5205479452055,94.5205479452055,TRUE
"BD 2022.xlsx","NE2",2022,"SR",365,363,363,99.4520547945205,99.4520547945205,TRUE
"BD 2022.xlsx","NE2",2022,"TOUT",365,361,361,98.9041095890411,98.9041095890411,TRUE
"BD 2022.xlsx","NE2",2022,"WSR",365,362,359,99.1780821917808,98.3561643835616,TRUE
"BD 2022.xlsx","NE2",2022,"WDR",365,262,262,71.7808219178082,71.7808219178082,FALSE
"BD 2022.xlsx","NE3",2022,"CO",365,350,350,95.8904109589041,95.8904109589041,TRUE
"BD 2022.xlsx","NE3",2022,"NO",365,354,354,96.986301369863,96.986301369863,TRUE
"BD 2022.xlsx","NE3",2022,"NO2",365,354,354,96.986301369863,96.986301369863,TRUE
"BD 2022.xlsx","NE3",2022,"NOX",365,354,354,96.986301369863,96.986301369863,TRUE
"BD 2022.xlsx","NE3",2022,"O3",365,355,355,97.2602739726027,97.2602739726027,TRUE
"BD 2022.xlsx","NE3",2022,"PM10",365,340,340,93.1506849315068,93.1506849315068,TRUE
"BD 2022.xlsx","NE3",2022,"PM2.5",365,0,0,0,0,FALSE
"BD 2022.xlsx","NE3",2022,"PRS",365,342,342,93.6986301369863,93.6986301369863,TRUE
"BD 2022.xlsx","NE3",2022,"RAINF",365,355,355,97.2602739726027,97.2602739726027,TRUE
"BD 2022.xlsx","NE3",2022,"RH",365,354,354,96.986301369863,96.986301369863,TRUE
"BD 2022.xlsx","NE3",2022,"SO2",365,242,242,66.3013698630137,66.3013698630137,FALSE
"BD 2022.xlsx","NE3",2022,"SR",365,292,291,80,79.7260273972603,TRUE
"BD 2022.xlsx","NE3",2022,"TOUT",365,355,355,97.2602739726027,97.2602739726027,TRUE
"BD 2022.xlsx","NE3",2022,"WSR",365,331,331,90.6849315068493,90.6849315068493,TRUE
"BD 2022.xlsx","NE3",2022,"WDR",365,355,355,97.2602739726027,97.2602739726027,TRUE
"BD 2022.xlsx","NO",2022,"CO",365,345,345,94.5205479452055,94.5205479452055,TRUE
"BD 2022.xlsx","NO",2022,"NO",365,302,302,82.7397260273973,82.7397260273973,TRUE
"BD 2022.xlsx","NO",2022,"NO2",365,302,302,82.7397260273973,82.7397260273973,TRUE
"BD 2022.xlsx","NO",2022,"NOX",365,302,302,82.7397260273973,82.7397260273973,TRUE
"BD 2022.xlsx","NO",2022,"O3",365,343,343,93.972602739726,93.972602739726,TRUE
"BD 2022.xlsx","NO",2022,"PM10",365,341,341,93.4246575342466,93.4246575342466,TRUE
"BD 2022.xlsx","NO",2022,"PM2.5",365,270,270,73.972602739726,73.972602739726,FALSE
"BD 2022.xlsx","NO",2022,"PRS",365,341,341,93.4246575342466,93.4246575342466,TRUE
"BD 2022.xlsx","NO",2022,"RAINF",365,357,357,97.8082191780822,97.8082191780822,TRUE
"BD 2022.xlsx","NO",2022,"RH",365,341,332,93.4246575342466,90.958904109589,TRUE
"BD 2022.xlsx","NO",2022,"SO2",365,315,315,86.3013698630137,86.3013698630137,TRUE
"BD 2022.xlsx","NO",2022,"SR",365,360,360,98.6301369863014,98.6301369863014,TRUE
"BD 2022.xlsx","NO",2022,"TOUT",365,348,348,95.3424657534247,95.3424657534247,TRUE
"BD 2022.xlsx","NO",2022,"WSR",365,342,342,93.6986301369863,93.6986301369863,TRUE
"BD 2022.xlsx","NO",2022,"WDR",365,343,343,93.972602739726,93.972602739726,TRUE
"BD 2022.xlsx","NO2",2022,"CO",365,352,352,96.4383561643836,96.4383561643836,TRUE
"BD 2022.xlsx","NO2",2022,"NO",365,360,360,98.6301369863014,98.6301369863014,TRUE
"BD 2022.xlsx","NO2",2022,"NO2",365,360,360,98.6301369863014,98.6301369863014,TRUE
"BD 2022.xlsx","NO2",2022,"NOX",365,360,360,98.6301369863014,98.6301369863014,TRUE
"BD 2022.xlsx","NO2",2022,"O3",365,361,361,98.9041095890411,98.9041095890411,TRUE
"BD 2022.xlsx","NO2",2022,"PM10",365,362,362,99.1780821917808,99.1780821917808,TRUE
"BD 2022.xlsx","NO2",2022,"PM2.5",365,334,334,91.5068493150685,91.5068493150685,TRUE
"BD 2022.xlsx","NO2",2022,"PRS",365,340,168,93.1506849315068,46.027397260274,FALSE
"BD 2022.xlsx","NO2",2022,"RAINF",365,363,363,99.4520547945205,99.4520547945205,TRUE
"BD 2022.xlsx","NO2",2022,"RH",365,321,321,87.9452054794521,87.9452054794521,TRUE
"BD 2022.xlsx","NO2",2022,"SO2",365,264,264,72.3287671232877,72.3287671232877,FALSE
"BD 2022.xlsx","NO2",2022,"SR",365,273,273,74.7945205479452,74.7945205479452,FALSE
"BD 2022.xlsx","NO2",2022,"TOUT",365,363,363,99.4520547945205,99.4520547945205,TRUE
"BD 2022.xlsx","NO2",2022,"WSR",365,363,363,99.4520547945205,99.4520547945205,TRUE
"BD 2022.xlsx","NO2",2022,"WDR",365,363,363,99.4520547945205,99.4520547945205,TRUE
"BD 2022.xlsx","NO3",2022,"CO",365,31,31,8.49315068493151,8.49315068493151,FALSE
"BD 2022.xlsx","NO3",2022,"NO",365,31,31,8.49315068493151,8.49315068493151,FALSE
"BD 2022.xlsx","NO3",2022,"NO2",365,31,31,8.49315068493151,8.49315068493151,FALSE
"BD 2022.xlsx","NO3",2022,"NOX",365,31,31,8.49315068493151,8.49315068493151,FALSE
"BD 2022.xlsx","NO3",2022,"O3",365,30,30,8.21917808219178,8.21917808219178,FALSE
"BD 2022.xlsx","NO3",2022,"PM10",365,29,29,7.94520547945205,7.94520547945205,FALSE
"BD 2022.xlsx","NO3",2022,"PM2.5",365,0,0,0,0,FALSE
"BD 2022.xlsx","NO3",2022,"PRS",365,31,31,8.49315068493151,8.49315068493151,FALSE
"BD 2022.xlsx","NO3",2022,"RAINF",365,31,31,8.49315068493151,8.49315068493151,FALSE
"BD 2022.xlsx","NO3",2022,"RH",365,31,31,8.49315068493151,8.49315068493151,FALSE
"BD 2022.xlsx","NO3",2022,"SO2",365,30,30,8.21917808219178,8.21917808219178,FALSE
"BD 2022.xlsx","NO3",2022,"SR",365,31,30,8.49315068493151,8.21917808219178,FALSE
"BD 2022.xlsx","NO3",2022,"TOUT",365,31,31,8.49315068493151,8.49315068493151,FALSE
"BD 2022.xlsx","NO3",2022,"WSR",365,31,25,8.49315068493151,6.84931506849315,FALSE
"BD 2022.xlsx","NO3",2022,"WDR",365,26,26,7.12328767123288,7.12328767123288,FALSE
"BD 2022.xlsx","NTE",2022,"CO",365,363,363,99.4520547945205,99.4520547945205,TRUE
"BD 2022.xlsx","NTE",2022,"NO",365,363,363,99.4520547945205,99.4520547945205,TRUE
"BD 2022.xlsx","NTE",2022,"NO2",365,363,363,99.4520547945205,99.4520547945205,TRUE
"BD 2022.xlsx","NTE",2022,"NOX",365,363,363,99.4520547945205,99.4520547945205,TRUE
"BD 2022.xlsx","NTE",2022,"O3",365,353,353,96.7123287671233,96.7123287671233,TRUE
"BD 2022.xlsx","NTE",2022,"PM10",365,343,343,93.972602739726,93.972602739726,TRUE
"BD 2022.xlsx","NTE",2022,"PM2.5",365,306,306,83.8356164383562,83.8356164383562,TRUE
"BD 2022.xlsx","NTE",2022,"PRS",365,363,363,99.4520547945205,99.4520547945205,TRUE
"BD 2022.xlsx","NTE",2022,"RAINF",365,363,363,99.4520547945205,99.4520547945205,TRUE
"BD 2022.xlsx","NTE",2022,"RH",365,327,327,89.5890410958904,89.5890410958904,TRUE
"BD 2022.xlsx","NTE",2022,"SO2",365,355,355,97.2602739726027,97.2602739726027,TRUE
"BD 2022.xlsx","NTE",2022,"SR",365,364,335,99.7260273972603,91.7808219178082,TRUE
"BD 2022.xlsx","NTE",2022,"TOUT",365,363,363,99.4520547945205,99.4520547945205,TRUE
"BD 2022.xlsx","NTE",2022,"WSR",365,363,363,99.4520547945205,99.4520547945205,TRUE
"BD 2022.xlsx","NTE",2022,"WDR",365,363,363,99.4520547945205,99.4520547945205,TRUE
"BD 2022.xlsx","NTE2",2022,"CO",365,363,363,99.4520547945205,99.4520547945205,TRUE
"BD 2022.xlsx","NTE2",2022,"NO",365,363,363,99.4520547945205,99.4520547945205,TRUE
"BD 2022.xlsx","NTE2",2022,"NO2",365,363,363,99.4520547945205,99.4520547945205,TRUE
"BD 2022.xlsx","NTE2",2022,"NOX",365,363,363,99.4520547945205,99.4520547945205,TRUE
"BD 2022.xlsx","NTE2",2022,"O3",365,361,361,98.9041095890411,98.9041095890411,TRUE
"BD 2022.xlsx","NTE2",2022,"PM10",365,361,361,98.9041095890411,98.9041095890411,TRUE
"BD 2022.xlsx","NTE2",2022,"PM2.5",365,355,355,97.2602739726027,97.2602739726027,TRUE
"BD 2022.xlsx","NTE2",2022,"PRS",365,362,362,99.1780821917808,99.1780821917808,TRUE
"BD 2022.xlsx","NTE2",2022,"RAINF",365,363,363,99.4520547945205,99.4520547945205,TRUE
"BD 2022.xlsx","NTE2",2022,"RH",365,361,361,98.9041095890411,98.9041095890411,TRUE
"BD 2022.xlsx","NTE2",2022,"SO2",365,357,357,97.8082191780822,97.8082191780822,TRUE
"BD 2022.xlsx","NTE2",2022,"SR",365,364,364,99.7260273972603,99.7260273972603,TRUE
"BD 2022.xlsx","NTE2",2022,"TOUT",365,363,363,99.4520547945205,99.4520547945205,TRUE
"BD 2022.xlsx","NTE2",2022,"WSR",365,363,363,99.4520547945205,99.4520547945205,TRUE
"BD 2022.xlsx","NTE2",2022,"WDR",365,362,362,99.1780821917808,99.1780821917808,TRUE
"BD 2022.xlsx","SE",2022,"CO",365,364,364,99.7260273972603,99.7260273972603,TRUE
"BD 2022.xlsx","SE",2022,"NO",365,364,364,99.7260273972603,99.7260273972603,TRUE
"BD 2022.xlsx","SE",2022,"NO2",365,364,364,99.7260273972603,99.7260273972603,TRUE
"BD 2022.xlsx","SE",2022,"NOX",365,364,364,99.7260273972603,99.7260273972603,TRUE
"BD 2022.xlsx","SE",2022,"O3",365,359,359,98.3561643835616,98.3561643835616,TRUE
"BD 2022.xlsx","SE",2022,"PM10",365,360,360,98.6301369863014,98.6301369863014,TRUE
"BD 2022.xlsx","SE",2022,"PM2.5",365,347,347,95.0684931506849,95.0684931506849,TRUE
"BD 2022.xlsx","SE",2022,"PRS",365,364,364,99.7260273972603,99.7260273972603,TRUE
"BD 2022.xlsx","SE",2022,"RAINF",365,364,364,99.7260273972603,99.7260273972603,TRUE
"BD 2022.xlsx","SE",2022,"RH",365,363,363,99.4520547945205,99.4520547945205,TRUE
"BD 2022.xlsx","SE",2022,"SO2",365,345,345,94.5205479452055,94.5205479452055,TRUE
"BD 2022.xlsx","SE",2022,"SR",365,365,365,100,100,TRUE
"BD 2022.xlsx","SE",2022,"TOUT",365,364,364,99.7260273972603,99.7260273972603,TRUE
"BD 2022.xlsx","SE",2022,"WSR",365,364,364,99.7260273972603,99.7260273972603,TRUE
"BD 2022.xlsx","SE",2022,"WDR",365,364,364,99.7260273972603,99.7260273972603,TRUE
"BD 2022.xlsx","SE2",2022,"CO",365,335,335,91.7808219178082,91.7808219178082,TRUE
"BD 2022.xlsx","SE2",2022,"NO",365,348,348,95.3424657534247,95.3424657534247,TRUE
"BD 2022.xlsx","SE2",2022,"NO2",365,348,348,95.3424657534247,95.3424657534247,TRUE
"BD 2022.xlsx","SE2",2022,"NOX",365,348,348,95.3424657534247,95.3424657534247,TRUE
"BD 2022.xlsx","SE2",2022,"O3",365,341,341,93.4246575342466,93.4246575342466,TRUE
"BD 2022.xlsx","SE2",2022,"PM10",365,344,344,94.2465753424657,94.2465753424657,TRUE
"BD 2022.xlsx","SE2",2022,"PM2.5",365,321,321,87.9452054794521,87.9452054794521,TRUE
"BD 2022.xlsx","SE2",2022,"PRS",365,348,348,95.3424657534247,95.3424657534247,TRUE
"BD 2022.xlsx","SE2",2022,"RAINF",365,365,365,100,100,TRUE
"BD 2022.xlsx","SE2",2022,"RH",365,347,347,95.0684931506849,95.0684931506849,TRUE
"BD 2022.xlsx","SE2",2022,"SO2",365,343,343,93.972602739726,93.972602739726,TRUE
"BD 2022.xlsx","SE2",2022,"SR",365,357,357,97.8082191780822,97.8082191780822,TRUE
"BD 2022.xlsx","SE2",2022,"TOUT",365,348,348,95.3424657534247,95.3424657534247,TRUE
"BD 2022.xlsx","SE2",2022,"WSR",365,346,346,94.7945205479452,94.7945205479452,TRUE
"BD 2022.xlsx","SE2",2022,"WDR",365,347,347,95.0684931506849,95.0684931506849,TRUE
"BD 2022.xlsx","SE3",2022,"CO",365,350,350,95.8904109589041,95.8904109589041,TRUE
"BD 2022.xlsx","SE3",2022,"NO",365,358,358,98.0821917808219,98.0821917808219,TRUE
"BD 2022.xlsx","SE3",2022,"NO2",365,358,358,98.0821917808219,98.0821917808219,TRUE
"BD 2022.xlsx","SE3",2022,"NOX",365,358,358,98.0821917808219,98.0821917808219,TRUE
"BD 2022.xlsx","SE3",2022,"O3",365,358,358,98.0821917808219,98.0821917808219,TRUE
"BD 2022.xlsx","SE3",2022,"PM10",365,358,358,98.0821917808219,98.0821917808219,TRUE
"BD 2022.xlsx","SE3",2022,"PM2.5",365,350,350,95.8904109589041,95.8904109589041,TRUE
"BD 2022.xlsx","SE3",2022,"PRS",365,358,330,98.0821917808219,90.4109589041096,TRUE
"BD 2022.xlsx","SE3",2022,"RAINF",365,358,358,98.0821917808219,98.0821917808219,TRUE
"BD 2022.xlsx","SE3",2022,"RH",365,358,358,98.0821917808219,98.0821917808219,TRUE
"BD 2022.xlsx","SE3",2022,"SO2",365,356,356,97.5342465753425,97.5342465753425,TRUE
"BD 2022.xlsx","SE3",2022,"SR",365,365,365,100,100,TRUE
"BD 2022.xlsx","SE3",2022,"TOUT",365,358,358,98.0821917808219,98.0821917808219,TRUE
"BD 2022.xlsx","SE3",2022,"WSR",365,357,357,97.8082191780822,97.8082191780822,TRUE
"BD 2022.xlsx","SE3",2022,"WDR",365,358,358,98.0821917808219,98.0821917808219,TRUE
"BD 2022.xlsx","SO",2022,"CO",365,322,322,88.2191780821918,88.2191780821918,TRUE
"BD 2022.xlsx","SO",2022,"NO",365,355,355,97.2602739726027,97.2602739726027,TRUE
"BD 2022.xlsx","SO",2022,"NO2",365,355,355,97.2602739726027,97.2602739726027,TRUE
"BD 2022.xlsx","SO",2022,"NOX",365,355,355,97.2602739726027,97.2602739726027,TRUE
"BD 2022.xlsx","SO",2022,"O3",365,351,351,96.1643835616438,96.1643835616438,TRUE
"BD 2022.xlsx","SO",2022,"PM10",365,355,355,97.2602739726027,97.2602739726027,TRUE
"BD 2022.xlsx","SO",2022,"PM2.5",365,338,338,92.6027397260274,92.6027397260274,TRUE
"BD 2022.xlsx","SO",2022,"PRS",365,355,205,97.2602739726027,56.1643835616438,FALSE
"BD 2022.xlsx","SO",2022,"RAINF",365,355,355,97.2602739726027,97.2602739726027,TRUE
"BD 2022.xlsx","SO",2022,"RH",365,355,355,97.2602739726027,97.2602739726027,TRUE
"BD 2022.xlsx","SO",2022,"SO2",365,353,353,96.7123287671233,96.7123287671233,TRUE
"BD 2022.xlsx","SO",2022,"SR",365,358,357,98.0821917808219,97.8082191780822,TRUE
"BD 2022.xlsx","SO",2022,"TOUT",365,355,355,97.2602739726027,97.2602739726027,TRUE
"BD 2022.xlsx","SO",2022,"WSR",365,355,355,97.2602739726027,97.2602739726027,TRUE
"BD 2022.xlsx","SO",2022,"WDR",365,355,355,97.2602739726027,97.2602739726027,TRUE
"BD 2022.xlsx","SO2",2022,"CO",365,358,358,98.0821917808219,98.0821917808219,TRUE
"BD 2022.xlsx","SO2",2022,"NO",365,360,360,98.6301369863014,98.6301369863014,TRUE
"BD 2022.xlsx","SO2",2022,"NO2",365,360,360,98.6301369863014,98.6301369863014,TRUE
"BD 2022.xlsx","SO2",2022,"NOX",365,360,360,98.6301369863014,98.6301369863014,TRUE
"BD 2022.xlsx","SO2",2022,"O3",365,357,357,97.8082191780822,97.8082191780822,TRUE
"BD 2022.xlsx","SO2",2022,"PM10",365,353,353,96.7123287671233,96.7123287671233,TRUE
"BD 2022.xlsx","SO2",2022,"PM2.5",365,358,358,98.0821917808219,98.0821917808219,TRUE
"BD 2022.xlsx","SO2",2022,"PRS",365,360,360,98.6301369863014,98.6301369863014,TRUE
"BD 2022.xlsx","SO2",2022,"RAINF",365,360,360,98.6301369863014,98.6301369863014,TRUE
"BD 2022.xlsx","SO2",2022,"RH",365,355,355,97.2602739726027,97.2602739726027,TRUE
"BD 2022.xlsx","SO2",2022,"SO2",365,357,357,97.8082191780822,97.8082191780822,TRUE
"BD 2022.xlsx","SO2",2022,"SR",365,365,364,100,99.7260273972603,TRUE
"BD 2022.xlsx","SO2",2022,"TOUT",365,360,360,98.6301369863014,98.6301369863014,TRUE
"BD 2022.xlsx","SO2",2022,"WSR",365,360,360,98.6301369863014,98.6301369863014,TRUE
"BD 2022.xlsx","SO2",2022,"WDR",365,339,339,92.8767123287671,92.8767123287671,TRUE
"BD 2022.xlsx","SUR",2022,"CO",365,353,353,96.7123287671233,96.7123287671233,TRUE
"BD 2022.xlsx","SUR",2022,"NO",365,362,362,99.1780821917808,99.1780821917808,TRUE
"BD 2022.xlsx","SUR",2022,"NO2",365,362,362,99.1780821917808,99.1780821917808,TRUE
"BD 2022.xlsx","SUR",2022,"NOX",365,362,362,99.1780821917808,99.1780821917808,TRUE
"BD 2022.xlsx","SUR",2022,"O3",365,355,355,97.2602739726027,97.2602739726027,TRUE
"BD 2022.xlsx","SUR",2022,"PM10",365,361,361,98.9041095890411,98.9041095890411,TRUE
"BD 2022.xlsx","SUR",2022,"PM2.5",365,280,280,76.7123287671233,76.7123287671233,TRUE
"BD 2022.xlsx","SUR",2022,"PRS",365,361,361,98.9041095890411,98.9041095890411,TRUE
"BD 2022.xlsx","SUR",2022,"RAINF",365,362,362,99.1780821917808,99.1780821917808,TRUE
"BD 2022.xlsx","SUR",2022,"RH",365,361,361,98.9041095890411,98.9041095890411,TRUE
"BD 2022.xlsx","SUR",2022,"SO2",365,297,297,81.3698630136986,81.3698630136986,TRUE
"BD 2022.xlsx","SUR",2022,"SR",365,362,362,99.1780821917808,99.1780821917808,TRUE
"BD 2022.xlsx","SUR",2022,"TOUT",365,362,362,99.1780821917808,99.1780821917808,TRUE
"BD 2022.xlsx","SUR",2022,"WSR",365,362,362,99.1780821917808,99.1780821917808,TRUE
"BD 2022.xlsx","SUR",2022,"WDR",365,362,362,99.1780821917808,99.1780821917808,TRUE
"BD 2023.xlsx","CE",2023,"CO",365,350,350,95.8904109589041,95.8904109589041,TRUE
"BD 2023.xlsx","CE",2023,"NO",365,354,354,96.986301369863,96.986301369863,TRUE
"BD 2023.xlsx","CE",2023,"NO2",365,355,355,97.2602739726027,97.2602739726027,TRUE
"BD 2023.xlsx","CE",2023,"NOX",365,355,355,97.2602739726027,97.2602739726027,TRUE
"BD 2023.xlsx","CE",2023,"O3",365,347,347,95.0684931506849,95.0684931506849,TRUE
"BD 2023.xlsx","CE",2023,"PM10",365,351,351,96.1643835616438,96.1643835616438,TRUE
"BD 2023.xlsx","CE",2023,"PM2.5",365,311,311,85.2054794520548,85.2054794520548,TRUE
"BD 2023.xlsx","CE",2023,"PRS",365,355,355,97.2602739726027,97.2602739726027,TRUE
"BD 2023.xlsx","CE",2023,"RAINF",365,355,355,97.2602739726027,97.2602739726027,TRUE
"BD 2023.xlsx","CE",2023,"RH",365,353,353,96.7123287671233,96.7123287671233,TRUE
"BD 2023.xlsx","CE",2023,"SO2",365,351,351,96.1643835616438,96.1643835616438,TRUE
"BD 2023.xlsx","CE",2023,"SR",365,361,361,98.9041095890411,98.9041095890411,TRUE
"BD 2023.xlsx","CE",2023,"TOUT",365,355,355,97.2602739726027,97.2602739726027,TRUE
"BD 2023.xlsx","CE",2023,"WSR",365,355,355,97.2602739726027,97.2602739726027,TRUE
"BD 2023.xlsx","CE",2023,"WDR",365,355,355,97.2602739726027,97.2602739726027,TRUE
"BD 2023.xlsx","NE",2023,"CO",365,343,343,93.972602739726,93.972602739726,TRUE
"BD 2023.xlsx","NE",2023,"NO",365,358,358,98.0821917808219,98.0821917808219,TRUE
"BD 2023.xlsx","NE",2023,"NO2",365,359,359,98.3561643835616,98.3561643835616,TRUE
"BD 2023.xlsx","NE",2023,"NOX",365,359,359,98.3561643835616,98.3561643835616,TRUE
"BD 2023.xlsx","NE",2023,"O3",365,343,343,93.972602739726,93.972602739726,TRUE
"BD 2023.xlsx","NE",2023,"PM10",365,352,352,96.4383561643836,96.4383561643836,TRUE
"BD 2023.xlsx","NE",2023,"PM2.5",365,332,332,90.958904109589,90.958904109589,TRUE
"BD 2023.xlsx","NE",2023,"PRS",365,359,359,98.3561643835616,98.3561643835616,TRUE
"BD 2023.xlsx","NE",2023,"RAINF",365,359,359,98.3561643835616,98.3561643835616,TRUE
"BD 2023.xlsx","NE",2023,"RH",365,352,352,96.4383561643836,96.4383561643836,TRUE
"BD 2023.xlsx","NE",2023,"SO2",365,354,354,96.986301369863,96.986301369863,TRUE
"BD 2023.xlsx","NE",2023,"SR",365,360,360,98.6301369863014,98.6301369863014,TRUE
"BD 2023.xlsx","NE",2023,"TOUT",365,359,359,98.3561643835616,98.3561643835616,TRUE
"BD 2023.xlsx","NE",2023,"WSR",365,359,359,98.3561643835616,98.3561643835616,TRUE
"BD 2023.xlsx","NE",2023,"WDR",365,359,359,98.3561643835616,98.3561643835616,TRUE
"BD 2023.xlsx","NE2",2023,"CO",365,336,336,92.0547945205479,92.0547945205479,TRUE
"BD 2023.xlsx","NE2",2023,"NO",365,357,357,97.8082191780822,97.8082191780822,TRUE
"BD 2023.xlsx","NE2",2023,"NO2",365,357,357,97.8082191780822,97.8082191780822,TRUE
"BD 2023.xlsx","NE2",2023,"NOX",365,357,357,97.8082191780822,97.8082191780822,TRUE
"BD 2023.xlsx","NE2",2023,"O3",365,334,334,91.5068493150685,91.5068493150685,TRUE
"BD 2023.xlsx","NE2",2023,"PM10",365,347,347,95.0684931506849,95.0684931506849,TRUE
"BD 2023.xlsx","NE2",2023,"PM2.5",365,322,322,88.2191780821918,88.2191780821918,TRUE
"BD 2023.xlsx","NE2",2023,"PRS",365,356,356,97.5342465753425,97.5342465753425,TRUE
"BD 2023.xlsx","NE2",2023,"RAINF",365,357,357,97.8082191780822,97.8082191780822,TRUE
"BD 2023.xlsx","NE2",2023,"RH",365,332,332,90.958904109589,90.958904109589,TRUE
"BD 2023.xlsx","NE2",2023,"SO2",365,353,353,96.7123287671233,96.7123287671233,TRUE
"BD 2023.xlsx","NE2",2023,"SR",365,358,358,98.0821917808219,98.0821917808219,TRUE
"BD 2023.xlsx","NE2",2023,"TOUT",365,357,357,97.8082191780822,97.8082191780822,TRUE
"BD 2023.xlsx","NE2",2023,"WSR",365,351,351,96.1643835616438,96.1643835616438,TRUE
"BD 2023.xlsx","NE2",2023,"WDR",365,356,356,97.5342465753425,97.5342465753425,TRUE
"BD 2023.xlsx","NE3",2023,"CO",365,357,357,97.8082191780822,97.8082191780822,TRUE
"BD 2023.xlsx","NE3",2023,"NO",365,343,343,93.972602739726,93.972602739726,TRUE
"BD 2023.xlsx","NE3",2023,"NO2",365,343,343,93.972602739726,93.972602739726,TRUE
"BD 2023.xlsx","NE3",2023,"NOX",365,343,343,93.972602739726,93.972602739726,TRUE
"BD 2023.xlsx","NE3",2023,"O3",365,346,346,94.7945205479452,94.7945205479452,TRUE
"BD 2023.xlsx","NE3",2023,"PM10",365,352,352,96.4383561643836,96.4383561643836,TRUE
"BD 2023.xlsx","NE3",2023,"PM2.5",365,0,0,0,0,FALSE
"BD 2023.xlsx","NE3",2023,"PRS",365,352,352,96.4383561643836,96.4383561643836,TRUE
"BD 2023.xlsx","NE3",2023,"RAINF",365,360,360,98.6301369863014,98.6301369863014,TRUE
"BD 2023.xlsx","NE3",2023,"RH",365,360,360,98.6301369863014,98.6301369863014,TRUE
"BD 2023.xlsx","NE3",2023,"SO2",365,327,327,89.5890410958904,89.5890410958904,TRUE
"BD 2023.xlsx","NE3",2023,"SR",365,306,306,83.8356164383562,83.8356164383562,TRUE
"BD 2023.xlsx","NE3",2023,"TOUT",365,360,360,98.6301369863014,98.6301369863014,TRUE
"BD 2023.xlsx","NE3",2023,"WSR",365,360,360,98.6301369863014,98.6301369863014,TRUE
"BD 2023.xlsx","NE3",2023,"WDR",365,360,360,98.6301369863014,98.6301369863014,TRUE
"BD 2023.xlsx","NO",2023,"CO",365,352,352,96.4383561643836,96.4383561643836,TRUE
"BD 2023.xlsx","NO",2023,"NO",365,352,352,96.4383561643836,96.4383561643836,TRUE
"BD 2023.xlsx","NO",2023,"NO2",365,352,352,96.4383561643836,96.4383561643836,TRUE
"BD 2023.xlsx","NO",2023,"NOX",365,352,352,96.4383561643836,96.4383561643836,TRUE
"BD 2023.xlsx","NO",2023,"O3",365,340,340,93.1506849315068,93.1506849315068,TRUE
"BD 2023.xlsx","NO",2023,"PM10",365,352,352,96.4383561643836,96.4383561643836,TRUE
"BD 2023.xlsx","NO",2023,"PM2.5",365,149,149,40.8219178082192,40.8219178082192,FALSE
"BD 2023.xlsx","NO",2023,"PRS",365,352,352,96.4383561643836,96.4383561643836,TRUE
"BD 2023.xlsx","NO",2023,"RAINF",365,352,352,96.4383561643836,96.4383561643836,TRUE
"BD 2023.xlsx","NO",2023,"RH",365,352,344,96.4383561643836,94.2465753424657,TRUE
"BD 2023.xlsx","NO",2023,"SO2",365,350,350,95.8904109589041,95.8904109589041,TRUE
"BD 2023.xlsx","NO",2023,"SR",365,352,352,96.4383561643836,96.4383561643836,TRUE
"BD 2023.xlsx","NO",2023,"TOUT",365,352,352,96.4383561643836,96.4383561643836,TRUE
"BD 2023.xlsx","NO",2023,"WSR",365,352,352,96.4383561643836,96.4383561643836,TRUE
"BD 2023.xlsx","NO",2023,"WDR",365,352,352,96.4383561643836,96.4383561643836,TRUE
"BD 2023.xlsx","NO2",2023,"CO",365,359,359,98.3561643835616,98.3561643835616,TRUE
"BD 2023.xlsx","NO2",2023,"NO",365,363,363,99.4520547945205,99.4520547945205,TRUE
"BD 2023.xlsx","NO2",2023,"NO2",365,363,363,99.4520547945205,99.4520547945205,TRUE
"BD 2023.xlsx","NO2",2023,"NOX",365,363,363,99.4520547945205,99.4520547945205,TRUE
"BD 2023.xlsx","NO2",2023,"O3",365,355,355,97.2602739726027,97.2602739726027,TRUE
"BD 2023.xlsx","NO2",2023,"PM10",365,361,361,98.9041095890411,98.9041095890411,TRUE
"BD 2023.xlsx","NO2",2023,"PM2.5",365,316,316,86.5753424657534,86.5753424657534,TRUE
"BD 2023.xlsx","NO2",2023,"PRS",365,362,361,99.1780821917808,98.9041095890411,TRUE
"BD 2023.xlsx","NO2",2023,"RAINF",365,363,363,99.4520547945205,99.4520547945205,TRUE
"BD 2023.xlsx","NO2",2023,"RH",365,359,359,98.3561643835616,98.3561643835616,TRUE
"BD 2023.xlsx","NO2",2023,"SO2",365,350,350,95.8904109589041,95.8904109589041,TRUE
"BD 2023.xlsx","NO2",2023,"SR",365,218,218,59.7260273972603,59.7260273972603,FALSE
"BD 2023.xlsx","NO2",2023,"TOUT",365,363,363,99.4520547945205,99.4520547945205,TRUE
"BD 2023.xlsx","NO2",2023,"WSR",365,363,363,99.4520547945205,99.4520547945205,TRUE
"BD 2023.xlsx","NO2",2023,"WDR",365,363,363,99.4520547945205,99.4520547945205,TRUE
"BD 2023.xlsx","NO3",2023,"CO",365,299,299,81.9178082191781,81.9178082191781,TRUE
"BD 2023.xlsx","NO3",2023,"NO",365,310,310,84.9315068493151,84.9315068493151,TRUE
"BD 2023.xlsx","NO3",2023,"NO2",365,310,310,84.9315068493151,84.9315068493151,TRUE
"BD 2023.xlsx","NO3",2023,"NOX",365,309,309,84.6575342465753,84.6575342465753,TRUE
"BD 2023.xlsx","NO3",2023,"O3",365,304,304,83.2876712328767,83.2876712328767,TRUE
"BD 2023.xlsx","NO3",2023,"PM10",365,335,335,91.7808219178082,91.7808219178082,TRUE
"BD 2023.xlsx","NO3",2023,"PM2.5",365,0,0,0,0,FALSE
"BD 2023.xlsx","NO3",2023,"PRS",365,364,364,99.7260273972603,99.7260273972603,TRUE
"BD 2023.xlsx","NO3",2023,"RAINF",365,364,364,99.7260273972603,99.7260273972603,TRUE
"BD 2023.xlsx","NO3",2023,"RH",365,66,66,18.0821917808219,18.0821917808219,FALSE
"BD 2023.xlsx","NO3",2023,"SO2",365,311,311,85.2054794520548,85.2054794520548,TRUE
"BD 2023.xlsx","NO3",2023,"SR",365,364,364,99.7260273972603,99.7260273972603,TRUE
"BD 2023.xlsx","NO3",2023,"TOUT",365,364,364,99.7260273972603,99.7260273972603,TRUE
"BD 2023.xlsx","NO3",2023,"WSR",365,284,260,77.8082191780822,71.2328767123288,FALSE
"BD 2023.xlsx","NO3",2023,"WDR",365,359,359,98.3561643835616,98.3561643835616,TRUE
"BD 2023.xlsx","NTE",2023,"CO",365,343,343,93.972602739726,93.972602739726,TRUE
"BD 2023.xlsx","NTE",2023,"NO",365,351,351,96.1643835616438,96.1643835616438,TRUE
"BD 2023.xlsx","NTE",2023,"NO2",365,351,351,96.1643835616438,96.1643835616438,TRUE
"BD 2023.xlsx","NTE",2023,"NOX",365,351,351,96.1643835616438,96.1643835616438,TRUE
"BD 2023.xlsx","NTE",2023,"O3",365,341,341,93.4246575342466,93.4246575342466,TRUE
"BD 2023.xlsx","NTE",2023,"PM10",365,339,339,92.8767123287671,92.8767123287671,TRUE
"BD 2023.xlsx","NTE",2023,"PM2.5",365,329,329,90.1369863013699,90.1369863013699,TRUE
"BD 2023.xlsx","NTE",2023,"PRS",365,353,352,96.7123287671233,96.4383561643836,TRUE
"BD 2023.xlsx","NTE",2023,"RAINF",365,354,354,96.986301369863,96.986301369863,TRUE
"BD 2023.xlsx","NTE",2023,"RH",365,184,184,50.4109589041096,50.4109589041096,FALSE
"BD 2023.xlsx","NTE",2023,"SO2",365,332,332,90.958904109589,90.958904109589,TRUE
"BD 2023.xlsx","NTE",2023,"SR",365,326,326,89.3150684931507,89.3150684931507,TRUE
"BD 2023.xlsx","NTE",2023,"TOUT",365,353,353,96.7123287671233,96.7123287671233,TRUE
"BD 2023.xlsx","NTE",2023,"WSR",365,353,353,96.7123287671233,96.7123287671233,TRUE
"BD 2023.xlsx","NTE",2023,"WDR",365,334,334,91.5068493150685,91.5068493150685,TRUE
"BD 2023.xlsx","NTE2",2023,"CO",365,354,354,96.986301369863,96.986301369863,TRUE
"BD 2023.xlsx","NTE2",2023,"NO",365,364,364,99.7260273972603,99.7260273972603,TRUE
"BD 2023.xlsx","NTE2",2023,"NO2",365,364,364,99.7260273972603,99.7260273972603,TRUE
"BD 2023.xlsx","NTE2",2023,"NOX",365,364,364,99.7260273972603,99.7260273972603,TRUE
"BD 2023.xlsx","NTE2",2023,"O3",365,354,354,96.986301369863,96.986301369863,TRUE
"BD 2023.xlsx","NTE2",2023,"PM10",365,357,357,97.8082191780822,97.8082191780822,TRUE
"BD 2023.xlsx","NTE2",2023,"PM2.5",365,327,327,89.5890410958904,89.5890410958904,TRUE
"BD 2023.xlsx","NTE2",2023,"PRS",365,364,364,99.7260273972603,99.7260273972603,TRUE
"BD 2023.xlsx","NTE2",2023,"RAINF",365,364,364,99.7260273972603,99.7260273972603,TRUE
"BD 2023.xlsx","NTE2",2023,"RH",365,361,361,98.9041095890411,98.9041095890411,TRUE
"BD 2023.xlsx","NTE2",2023,"SO2",365,362,362,99.1780821917808,99.1780821917808,TRUE
"BD 2023.xlsx","NTE2",2023,"SR",365,364,364,99.7260273972603,99.7260273972603,TRUE
"BD 2023.xlsx","NTE2",2023,"TOUT",365,364,364,99.7260273972603,99.7260273972603,TRUE
"BD 2023.xlsx","NTE2",2023,"WSR",365,364,364,99.7260273972603,99.7260273972603,TRUE
"BD 2023.xlsx","NTE2",2023,"WDR",365,364,364,99.7260273972603,99.7260273972603,TRUE
"BD 2023.xlsx","SE",2023,"CO",365,359,359,98.3561643835616,98.3561643835616,TRUE
"BD 2023.xlsx","SE",2023,"NO",365,364,364,99.7260273972603,99.7260273972603,TRUE
"BD 2023.xlsx","SE",2023,"NO2",365,364,364,99.7260273972603,99.7260273972603,TRUE
"BD 2023.xlsx","SE",2023,"NOX",365,364,364,99.7260273972603,99.7260273972603,TRUE
"BD 2023.xlsx","SE",2023,"O3",365,355,355,97.2602739726027,97.2602739726027,TRUE
"BD 2023.xlsx","SE",2023,"PM10",365,359,359,98.3561643835616,98.3561643835616,TRUE
"BD 2023.xlsx","SE",2023,"PM2.5",365,282,282,77.2602739726027,77.2602739726027,TRUE
"BD 2023.xlsx","SE",2023,"PRS",365,364,364,99.7260273972603,99.7260273972603,TRUE
"BD 2023.xlsx","SE",2023,"RAINF",365,364,364,99.7260273972603,99.7260273972603,TRUE
"BD 2023.xlsx","SE",2023,"RH",365,361,361,98.9041095890411,98.9041095890411,TRUE
"BD 2023.xlsx","SE",2023,"SO2",365,361,361,98.9041095890411,98.9041095890411,TRUE
"BD 2023.xlsx","SE",2023,"SR",365,365,365,100,100,TRUE
"BD 2023.xlsx","SE",2023,"TOUT",365,364,364,99.7260273972603,99.7260273972603,TRUE
"BD 2023.xlsx","SE",2023,"WSR",365,364,364,99.7260273972603,99.7260273972603,TRUE
"BD 2023.xlsx","SE",2023,"WDR",365,364,364,99.7260273972603,99.7260273972603,TRUE
"BD 2023.xlsx","SE2",2023,"CO",365,323,323,88.4931506849315,88.4931506849315,TRUE
"BD 2023.xlsx","SE2",2023,"NO",365,363,363,99.4520547945205,99.4520547945205,TRUE
"BD 2023.xlsx","SE2",2023,"NO2",365,363,363,99.4520547945205,99.4520547945205,TRUE
"BD 2023.xlsx","SE2",2023,"NOX",365,363,363,99.4520547945205,99.4520547945205,TRUE
"BD 2023.xlsx","SE2",2023,"O3",365,364,364,99.7260273972603,99.7260273972603,TRUE
"BD 2023.xlsx","SE2",2023,"PM10",365,364,364,99.7260273972603,99.7260273972603,TRUE
"BD 2023.xlsx","SE2",2023,"PM2.5",365,348,348,95.3424657534247,95.3424657534247,TRUE
"BD 2023.xlsx","SE2",2023,"PRS",365,363,363,99.4520547945205,99.4520547945205,TRUE
"BD 2023.xlsx","SE2",2023,"RAINF",365,365,365,100,100,TRUE
"BD 2023.xlsx","SE2",2023,"RH",365,362,362,99.1780821917808,99.1780821917808,TRUE
"BD 2023.xlsx","SE2",2023,"SO2",365,364,364,99.7260273972603,99.7260273972603,TRUE
"BD 2023.xlsx","SE2",2023,"SR",365,364,364,99.7260273972603,99.7260273972603,TRUE
"BD 2023.xlsx","SE2",2023,"TOUT",365,363,363,99.4520547945205,99.4520547945205,TRUE
"BD 2023.xlsx","SE2",2023,"WSR",365,356,356,97.5342465753425,97.5342465753425,TRUE
"BD 2023.xlsx","SE2",2023,"WDR",365,346,346,94.7945205479452,94.7945205479452,TRUE
"BD 2023.xlsx","SE3",2023,"CO",365,344,344,94.2465753424657,94.2465753424657,TRUE
"BD 2023.xlsx","SE3",2023,"NO",365,355,355,97.2602739726027,97.2602739726027,TRUE
"BD 2023.xlsx","SE3",2023,"NO2",365,355,355,97.2602739726027,97.2602739726027,TRUE
"BD 2023.xlsx","SE3",2023,"NOX",365,355,355,97.2602739726027,97.2602739726027,TRUE
"BD 2023.xlsx","SE3",2023,"O3",365,342,342,93.6986301369863,93.6986301369863,TRUE
"BD 2023.xlsx","SE3",2023,"PM10",365,352,352,96.4383561643836,96.4383561643836,TRUE
"BD 2023.xlsx","SE3",2023,"PM2.5",365,342,342,93.6986301369863,93.6986301369863,TRUE
"BD 2023.xlsx","SE3",2023,"PRS",365,354,338,96.986301369863,92.6027397260274,TRUE
"BD 2023.xlsx","SE3",2023,"RAINF",365,355,355,97.2602739726027,97.2602739726027,TRUE
"BD 2023.xlsx","SE3",2023,"RH",365,355,355,97.2602739726027,97.2602739726027,TRUE
"BD 2023.xlsx","SE3",2023,"SO2",365,350,350,95.8904109589041,95.8904109589041,TRUE
"BD 2023.xlsx","SE3",2023,"SR",365,361,361,98.9041095890411,98.9041095890411,TRUE
"BD 2023.xlsx","SE3",2023,"TOUT",365,355,355,97.2602739726027,97.2602739726027,TRUE
"BD 2023.xlsx","SE3",2023,"WSR",365,348,348,95.3424657534247,95.3424657534247,TRUE
"BD 2023.xlsx","SE3",2023,"WDR",365,355,355,97.2602739726027,97.2602739726027,TRUE
"BD 2023.xlsx","SO",2023,"CO",365,365,365,100,100,TRUE
"BD 2023.xlsx","SO",2023,"NO",365,355,355,97.2602739726027,97.2602739726027,TRUE
"BD 2023.xlsx","SO",2023,"NO2",365,351,351,96.1643835616438,96.1643835616438,TRUE
"BD 2023.xlsx","SO",2023,"NOX",365,351,351,96.1643835616438,96.1643835616438,TRUE
"BD 2023.xlsx","SO",2023,"O3",365,351,351,96.1643835616438,96.1643835616438,TRUE
"BD 2023.xlsx","SO",2023,"PM10",365,364,364,99.7260273972603,99.7260273972603,TRUE
"BD 2023.xlsx","SO",2023,"PM2.5",365,340,340,93.1506849315068,93.1506849315068,TRUE
"BD 2023.xlsx","SO",2023,"PRS",365,361,353,98.9041095890411,96.7123287671233,TRUE
"BD 2023.xlsx","SO",2023,"RAINF",365,365,365,100,100,TRUE
"BD 2023.xlsx","SO",2023,"RH",365,365,365,100,100,TRUE
"BD 2023.xlsx","SO",2023,"SO2",365,364,364,99.7260273972603,99.7260273972603,TRUE
"BD 2023.xlsx","SO",2023,"SR",365,364,358,99.7260273972603,98.0821917808219,TRUE
"BD 2023.xlsx","SO",2023,"TOUT",365,365,365,100,100,TRUE
"BD 2023.xlsx","SO",2023,"WSR",365,361,361,98.9041095890411,98.9041095890411,TRUE
"BD 2023.xlsx","SO",2023,"WDR",365,365,365,100,100,TRUE
"BD 2023.xlsx","SO2",2023,"CO",365,357,357,97.8082191780822,97.8082191780822,TRUE
"BD 2023.xlsx","SO2",2023,"NO",365,361,361,98.9041095890411,98.9041095890411,TRUE
"BD 2023.xlsx","SO2",2023,"NO2",365,361,361,98.9041095890411,98.9041095890411,TRUE
"BD 2023.xlsx","SO2",2023,"NOX",365,361,361,98.9041095890411,98.9041095890411,TRUE
"BD 2023.xlsx","SO2",2023,"O3",365,360,360,98.6301369863014,98.6301369863014,TRUE
"BD 2023.xlsx","SO2",2023,"PM10",365,348,348,95.3424657534247,95.3424657534247,TRUE
"BD 2023.xlsx","SO2",2023,"PM2.5",365,339,339,92.8767123287671,92.8767123287671,TRUE
"BD 2023.xlsx","SO2",2023,"PRS",365,364,364,99.7260273972603,99.7260273972603,TRUE
"BD 2023.xlsx","SO2",2023,"RAINF",365,364,364,99.7260273972603,99.7260273972603,TRUE
"BD 2023.xlsx","SO2",2023,"RH",365,361,361,98.9041095890411,98.9041095890411,TRUE
"BD 2023.xlsx","SO2",2023,"SO2",365,362,362,99.1780821917808,99.1780821917808,TRUE
"BD 2023.xlsx","SO2",2023,"SR",365,364,364,99.7260273972603,99.7260273972603,TRUE
"BD 2023.xlsx","SO2",2023,"TOUT",365,364,364,99.7260273972603,99.7260273972603,TRUE
"BD 2023.xlsx","SO2",2023,"WSR",365,364,364,99.7260273972603,99.7260273972603,TRUE
"BD 2023.xlsx","SO2",2023,"WDR",365,364,364,99.7260273972603,99.7260273972603,TRUE
"BD 2023.xlsx","SUR",2023,"CO",365,355,355,97.2602739726027,97.2602739726027,TRUE
"BD 2023.xlsx","SUR",2023,"NO",365,351,351,96.1643835616438,96.1643835616438,TRUE
"BD 2023.xlsx","SUR",2023,"NO2",365,351,351,96.1643835616438,96.1643835616438,TRUE
"BD 2023.xlsx","SUR",2023,"NOX",365,351,351,96.1643835616438,96.1643835616438,TRUE
"BD 2023.xlsx","SUR",2023,"O3",365,356,356,97.5342465753425,97.5342465753425,TRUE
"BD 2023.xlsx","SUR",2023,"PM10",365,361,361,98.9041095890411,98.9041095890411,TRUE
"BD 2023.xlsx","SUR",2023,"PM2.5",365,286,286,78.3561643835616,78.3561643835616,TRUE
"BD 2023.xlsx","SUR",2023,"PRS",365,352,352,96.4383561643836,96.4383561643836,TRUE
"BD 2023.xlsx","SUR",2023,"RAINF",365,365,365,100,100,TRUE
"BD 2023.xlsx","SUR",2023,"RH",365,354,354,96.986301369863,96.986301369863,TRUE
"BD 2023.xlsx","SUR",2023,"SO2",365,363,363,99.4520547945205,99.4520547945205,TRUE
"BD 2023.xlsx","SUR",2023,"SR",365,365,365,100,100,TRUE
"BD 2023.xlsx","SUR",2023,"TOUT",365,354,354,96.986301369863,96.986301369863,TRUE
"BD 2023.xlsx","SUR",2023,"WSR",365,365,365,100,100,TRUE
"BD 2023.xlsx","SUR",2023,"WDR",365,365,365,100,100,TRUE
"BD 2024.xlsx","CE",2024,"CO",366,356,356,97.2677595628415,97.2677595628415,TRUE
"BD 2024.xlsx","CE",2024,"NO",366,351,351,95.9016393442623,95.9016393442623,TRUE
"BD 2024.xlsx","CE",2024,"NO2",366,351,351,95.9016393442623,95.9016393442623,TRUE
"BD 2024.xlsx","CE",2024,"NOX",366,351,351,95.9016393442623,95.9016393442623,TRUE
"BD 2024.xlsx","CE",2024,"O3",366,347,347,94.8087431693989,94.8087431693989,TRUE
"BD 2024.xlsx","CE",2024,"PM10",366,354,354,96.7213114754098,96.7213114754098,TRUE
"BD 2024.xlsx","CE",2024,"PM2.5",366,293,293,80.0546448087432,80.0546448087432,TRUE
"BD 2024.xlsx","CE",2024,"PRS",366,356,355,97.2677595628415,96.9945355191257,TRUE
"BD 2024.xlsx","CE",2024,"RAINF",366,356,356,97.2677595628415,97.2677595628415,TRUE
"BD 2024.xlsx","CE",2024,"RH",366,354,354,96.7213114754098,96.7213114754098,TRUE
"BD 2024.xlsx","CE",2024,"SO2",366,355,355,96.9945355191257,96.9945355191257,TRUE
"BD 2024.xlsx","CE",2024,"SR",366,359,359,98.0874316939891,98.0874316939891,TRUE
"BD 2024.xlsx","CE",2024,"TOUT",366,356,356,97.2677595628415,97.2677595628415,TRUE
"BD 2024.xlsx","CE",2024,"WSR",366,356,356,97.2677595628415,97.2677595628415,TRUE
"BD 2024.xlsx","CE",2024,"WDR",366,356,356,97.2677595628415,97.2677595628415,TRUE
"BD 2024.xlsx","NE",2024,"CO",366,356,356,97.2677595628415,97.2677595628415,TRUE
"BD 2024.xlsx","NE",2024,"NO",366,357,357,97.5409836065574,97.5409836065574,TRUE
"BD 2024.xlsx","NE",2024,"NO2",366,357,357,97.5409836065574,97.5409836065574,TRUE
"BD 2024.xlsx","NE",2024,"NOX",366,357,357,97.5409836065574,97.5409836065574,TRUE
"BD 2024.xlsx","NE",2024,"O3",366,349,349,95.3551912568306,95.3551912568306,TRUE
"BD 2024.xlsx","NE",2024,"PM10",366,353,353,96.448087431694,96.448087431694,TRUE
"BD 2024.xlsx","NE",2024,"PM2.5",366,331,331,90.4371584699454,90.4371584699454,TRUE
"BD 2024.xlsx","NE",2024,"PRS",366,355,355,96.9945355191257,96.9945355191257,TRUE
"BD 2024.xlsx","NE",2024,"RAINF",366,357,357,97.5409836065574,97.5409836065574,TRUE
"BD 2024.xlsx","NE",2024,"RH",366,354,354,96.7213114754098,96.7213114754098,TRUE
"BD 2024.xlsx","NE",2024,"SO2",366,357,357,97.5409836065574,97.5409836065574,TRUE
"BD 2024.xlsx","NE",2024,"SR",366,360,359,98.3606557377049,98.0874316939891,TRUE
"BD 2024.xlsx","NE",2024,"TOUT",366,204,202,55.7377049180328,55.1912568306011,FALSE
"BD 2024.xlsx","NE",2024,"WSR",366,357,357,97.5409836065574,97.5409836065574,TRUE
"BD 2024.xlsx","NE",2024,"WDR",366,357,357,97.5409836065574,97.5409836065574,TRUE
"BD 2024.xlsx","NE2",2024,"CO",366,299,299,81.6939890710382,81.6939890710382,TRUE
"BD 2024.xlsx","NE2",2024,"NO",366,353,353,96.448087431694,96.448087431694,TRUE
"BD 2024.xlsx","NE2",2024,"NO2",366,353,353,96.448087431694,96.448087431694,TRUE
"BD 2024.xlsx","NE2",2024,"NOX",366,353,353,96.448087431694,96.448087431694,TRUE
"BD 2024.xlsx","NE2",2024,"O3",366,335,335,91.5300546448087,91.5300546448087,TRUE
"BD 2024.xlsx","NE2",2024,"PM10",366,343,343,93.7158469945355,93.7158469945355,TRUE
"BD 2024.xlsx","NE2",2024,"PM2.5",366,205,205,56.0109289617486,56.0109289617486,FALSE
"BD 2024.xlsx","NE2",2024,"PRS",366,349,347,95.3551912568306,94.8087431693989,TRUE
"BD 2024.xlsx","NE2",2024,"RAINF",366,353,353,96.448087431694,96.448087431694,TRUE
"BD 2024.xlsx","NE2",2024,"RH",366,351,351,95.9016393442623,95.9016393442623,TRUE
"BD 2024.xlsx","NE2",2024,"SO2",366,352,352,96.1748633879781,96.1748633879781,TRUE
"BD 2024.xlsx","NE2",2024,"SR",366,362,362,98.9071038251366,98.9071038251366,TRUE
"BD 2024.xlsx","NE2",2024,"TOUT",366,353,353,96.448087431694,96.448087431694,TRUE
"BD 2024.xlsx","NE2",2024,"WSR",366,350,348,95.6284153005465,95.0819672131148,TRUE
"BD 2024.xlsx","NE2",2024,"WDR",366,353,353,96.448087431694,96.448087431694,TRUE
"BD 2024.xlsx","NE3",2024,"CO",366,346,346,94.5355191256831,94.5355191256831,TRUE
"BD 2024.xlsx","NE3",2024,"NO",366,346,346,94.5355191256831,94.5355191256831,TRUE
"BD 2024.xlsx","NE3",2024,"NO2",366,346,346,94.5355191256831,94.5355191256831,TRUE
"BD 2024.xlsx","NE3",2024,"NOX",366,346,346,94.5355191256831,94.5355191256831,TRUE
"BD 2024.xlsx","NE3",2024,"O3",366,348,348,95.0819672131148,95.0819672131148,TRUE
"BD 2024.xlsx","NE3",2024,"PM10",366,348,348,95.0819672131148,95.0819672131148,TRUE
"BD 2024.xlsx","NE3",2024,"PM2.5",366,0,0,0,0,FALSE
"BD 2024.xlsx","NE3",2024,"PRS",366,352,352,96.1748633879781,96.1748633879781,TRUE
"BD 2024.xlsx","NE3",2024,"RAINF",366,353,353,96.448087431694,96.448087431694,TRUE
"BD 2024.xlsx","NE3",2024,"RH",366,352,352,96.1748633879781,96.1748633879781,TRUE
"BD 2024.xlsx","NE3",2024,"SO2",366,22,22,6.01092896174863,6.01092896174863,FALSE
"BD 2024.xlsx","NE3",2024,"SR",366,304,304,83.0601092896175,83.0601092896175,TRUE
"BD 2024.xlsx","NE3",2024,"TOUT",366,350,350,95.6284153005465,95.6284153005465,TRUE
"BD 2024.xlsx","NE3",2024,"WSR",366,352,352,96.1748633879781,96.1748633879781,TRUE
"BD 2024.xlsx","NE3",2024,"WDR",366,352,352,96.1748633879781,96.1748633879781,TRUE
"BD 2024.xlsx","NO",2024,"CO",366,230,230,62.8415300546448,62.8415300546448,FALSE
"BD 2024.xlsx","NO",2024,"NO",366,267,267,72.9508196721311,72.9508196721311,FALSE
"BD 2024.xlsx","NO",2024,"NO2",366,264,264,72.1311475409836,72.1311475409836,FALSE
"BD 2024.xlsx","NO",2024,"NOX",366,267,267,72.9508196721311,72.9508196721311,FALSE
"BD 2024.xlsx","NO",2024,"O3",366,311,311,84.9726775956284,84.9726775956284,TRUE
"BD 2024.xlsx","NO",2024,"PM10",366,326,326,89.0710382513661,89.0710382513661,TRUE
"BD 2024.xlsx","NO",2024,"PM2.5",366,39,39,10.655737704918,10.655737704918,FALSE
"BD 2024.xlsx","NO",2024,"PRS",366,331,331,90.4371584699454,90.4371584699454,TRUE
"BD 2024.xlsx","NO",2024,"RAINF",366,331,331,90.4371584699454,90.4371584699454,TRUE
"BD 2024.xlsx","NO",2024,"RH",366,174,174,47.5409836065574,47.5409836065574,FALSE
"BD 2024.xlsx","NO",2024,"SO2",366,323,323,88.2513661202186,88.2513661202186,TRUE
"BD 2024.xlsx","NO",2024,"SR",366,338,338,92.3497267759563,92.3497267759563,TRUE
"BD 2024.xlsx","NO",2024,"TOUT",366,162,162,44.2622950819672,44.2622950819672,FALSE
"BD 2024.xlsx","NO",2024,"WSR",366,331,331,90.4371584699454,90.4371584699454,TRUE
"BD 2024.xlsx","NO",2024,"WDR",366,331,331,90.4371584699454,90.4371584699454,TRUE
"BD 2024.xlsx","NO2",2024,"CO",366,355,355,96.9945355191257,96.9945355191257,TRUE
"BD 2024.xlsx","NO2",2024,"NO",366,355,355,96.9945355191257,96.9945355191257,TRUE
"BD 2024.xlsx","NO2",2024,"NO2",366,355,355,96.9945355191257,96.9945355191257,TRUE
"BD 2024.xlsx","NO2",2024,"NOX",366,355,355,96.9945355191257,96.9945355191257,TRUE
"BD 2024.xlsx","NO2",2024,"O3",366,352,352,96.1748633879781,96.1748633879781,TRUE
"BD 2024.xlsx","NO2",2024,"PM10",366,354,354,96.7213114754098,96.7213114754098,TRUE
"BD 2024.xlsx","NO2",2024,"PM2.5",366,243,243,66.3934426229508,66.3934426229508,FALSE
"BD 2024.xlsx","NO2",2024,"PRS",366,353,353,96.448087431694,96.448087431694,TRUE
"BD 2024.xlsx","NO2",2024,"RAINF",366,356,356,97.2677595628415,97.2677595628415,TRUE
"BD 2024.xlsx","NO2",2024,"RH",366,353,353,96.448087431694,96.448087431694,TRUE
"BD 2024.xlsx","NO2",2024,"SO2",366,356,356,97.2677595628415,97.2677595628415,TRUE
"BD 2024.xlsx","NO2",2024,"SR",366,198,198,54.0983606557377,54.0983606557377,FALSE
"BD 2024.xlsx","NO2",2024,"TOUT",366,356,356,97.2677595628415,97.2677595628415,TRUE
"BD 2024.xlsx","NO2",2024,"WSR",366,356,356,97.2677595628415,97.2677595628415,TRUE
"BD 2024.xlsx","NO2",2024,"WDR",366,356,356,97.2677595628415,97.2677595628415,TRUE
"BD 2024.xlsx","NO3",2024,"CO",366,319,319,87.1584699453552,87.1584699453552,TRUE
"BD 2024.xlsx","NO3",2024,"NO",366,316,316,86.3387978142077,86.3387978142077,TRUE
"BD 2024.xlsx","NO3",2024,"NO2",366,316,316,86.3387978142077,86.3387978142077,TRUE
"BD 2024.xlsx","NO3",2024,"NOX",366,316,316,86.3387978142077,86.3387978142077,TRUE
"BD 2024.xlsx","NO3",2024,"O3",366,354,354,96.7213114754098,96.7213114754098,TRUE
"BD 2024.xlsx","NO3",2024,"PM10",366,359,359,98.0874316939891,98.0874316939891,TRUE
"BD 2024.xlsx","NO3",2024,"PM2.5",366,89,89,24.3169398907104,24.3169398907104,FALSE
"BD 2024.xlsx","NO3",2024,"PRS",366,364,364,99.4535519125683,99.4535519125683,TRUE
"BD 2024.xlsx","NO3",2024,"RAINF",366,364,364,99.4535519125683,99.4535519125683,TRUE
"BD 2024.xlsx","NO3",2024,"RH",366,339,339,92.6229508196721,92.6229508196721,TRUE
"BD 2024.xlsx","NO3",2024,"SO2",366,364,364,99.4535519125683,99.4535519125683,TRUE
"BD 2024.xlsx","NO3",2024,"SR",366,361,360,98.6338797814208,98.3606557377049,TRUE
"BD 2024.xlsx","NO3",2024,"TOUT",366,364,364,99.4535519125683,99.4535519125683,TRUE
"BD 2024.xlsx","NO3",2024,"WSR",366,363,363,99.1803278688525,99.1803278688525,TRUE
"BD 2024.xlsx","NO3",2024,"WDR",366,364,364,99.4535519125683,99.4535519125683,TRUE
"BD 2024.xlsx","NTE",2024,"CO",366,362,362,98.9071038251366,98.9071038251366,TRUE
"BD 2024.xlsx","NTE",2024,"NO",366,362,362,98.9071038251366,98.9071038251366,TRUE
"BD 2024.xlsx","NTE",2024,"NO2",366,362,362,98.9071038251366,98.9071038251366,TRUE
"BD 2024.xlsx","NTE",2024,"NOX",366,362,362,98.9071038251366,98.9071038251366,TRUE
"BD 2024.xlsx","NTE",2024,"O3",366,352,352,96.1748633879781,96.1748633879781,TRUE
"BD 2024.xlsx","NTE",2024,"PM10",366,350,350,95.6284153005465,95.6284153005465,TRUE
"BD 2024.xlsx","NTE",2024,"PM2.5",366,355,355,96.9945355191257,96.9945355191257,TRUE
"BD 2024.xlsx","NTE",2024,"PRS",366,354,354,96.7213114754098,96.7213114754098,TRUE
"BD 2024.xlsx","NTE",2024,"RAINF",366,362,362,98.9071038251366,98.9071038251366,TRUE
"BD 2024.xlsx","NTE",2024,"RH",366,95,95,25.9562841530055,25.9562841530055,FALSE
"BD 2024.xlsx","NTE",2024,"SO2",366,362,362,98.9071038251366,98.9071038251366,TRUE
"BD 2024.xlsx","NTE",2024,"SR",366,307,307,83.879781420765,83.879781420765,TRUE
"BD 2024.xlsx","NTE",2024,"TOUT",366,362,362,98.9071038251366,98.9071038251366,TRUE
"BD 2024.xlsx","NTE",2024,"WSR",366,362,362,98.9071038251366,98.9071038251366,TRUE
"BD 2024.xlsx","NTE",2024,"WDR",366,362,362,98.9071038251366,98.9071038251366,TRUE
"BD 2024.xlsx","NTE2",2024,"CO",366,358,358,97.8142076502732,97.8142076502732,TRUE
"BD 2024.xlsx","NTE2",2024,"NO",366,362,362,98.9071038251366,98.9071038251366,TRUE
"BD 2024.xlsx","NTE2",2024,"NO2",366,362,362,98.9071038251366,98.9071038251366,TRUE
"BD 2024.xlsx","NTE2",2024,"NOX",366,362,362,98.9071038251366,98.9071038251366,TRUE
"BD 2024.xlsx","NTE2",2024,"O3",366,344,344,93.9890710382514,93.9890710382514,TRUE
"BD 2024.xlsx","NTE2",2024,"PM10",366,361,361,98.6338797814208,98.6338797814208,TRUE
"BD 2024.xlsx","NTE2",2024,"PM2.5",366,333,333,90.983606557377,90.983606557377,TRUE
"BD 2024.xlsx","NTE2",2024,"PRS",366,361,361,98.6338797814208,98.6338797814208,TRUE
"BD 2024.xlsx","NTE2",2024,"RAINF",366,362,362,98.9071038251366,98.9071038251366,TRUE
"BD 2024.xlsx","NTE2",2024,"RH",366,360,360,98.3606557377049,98.3606557377049,TRUE
"BD 2024.xlsx","NTE2",2024,"SO2",366,362,362,98.9071038251366,98.9071038251366,TRUE
"BD 2024.xlsx","NTE2",2024,"SR",366,364,364,99.4535519125683,99.4535519125683,TRUE
"BD 2024.xlsx","NTE2",2024,"TOUT",366,362,362,98.9071038251366,98.9071038251366,TRUE
"BD 2024.xlsx","NTE2",2024,"WSR",366,362,362,98.9071038251366,98.9071038251366,TRUE
"BD 2024.xlsx","NTE2",2024,"WDR",366,362,362,98.9071038251366,98.9071038251366,TRUE
"BD 2024.xlsx","SE",2024,"CO",366,323,323,88.2513661202186,88.2513661202186,TRUE
"BD 2024.xlsx","SE",2024,"NO",366,362,362,98.9071038251366,98.9071038251366,TRUE
"BD 2024.xlsx","SE",2024,"NO2",366,362,362,98.9071038251366,98.9071038251366,TRUE
"BD 2024.xlsx","SE",2024,"NOX",366,362,362,98.9071038251366,98.9071038251366,TRUE
"BD 2024.xlsx","SE",2024,"O3",366,357,357,97.5409836065574,97.5409836065574,TRUE
"BD 2024.xlsx","SE",2024,"PM10",366,352,352,96.1748633879781,96.1748633879781,TRUE
"BD 2024.xlsx","SE",2024,"PM2.5",366,267,267,72.9508196721311,72.9508196721311,FALSE
"BD 2024.xlsx","SE",2024,"PRS",366,362,362,98.9071038251366,98.9071038251366,TRUE
"BD 2024.xlsx","SE",2024,"RAINF",366,362,362,98.9071038251366,98.9071038251366,TRUE
"BD 2024.xlsx","SE",2024,"RH",366,362,362,98.9071038251366,98.9071038251366,TRUE
"BD 2024.xlsx","SE",2024,"SO2",366,362,362,98.9071038251366,98.9071038251366,TRUE
"BD 2024.xlsx","SE",2024,"SR",366,364,364,99.4535519125683,99.4535519125683,TRUE
"BD 2024.xlsx","SE",2024,"TOUT",366,362,362,98.9071038251366,98.9071038251366,TRUE
"BD 2024.xlsx","SE",2024,"WSR",366,362,362,98.9071038251366,98.9071038251366,TRUE
"BD 2024.xlsx","SE",2024,"WDR",366,362,362,98.9071038251366,98.9071038251366,TRUE
"BD 2024.xlsx","SE2",2024,"CO",366,313,313,85.5191256830601,85.5191256830601,TRUE
"BD 2024.xlsx","SE2",2024,"NO",366,349,349,95.3551912568306,95.3551912568306,TRUE
"BD 2024.xlsx","SE2",2024,"NO2",366,337,337,92.0765027322404,92.0765027322404,TRUE
"BD 2024.xlsx","SE2",2024,"NOX",366,351,351,95.9016393442623,95.9016393442623,TRUE
"BD 2024.xlsx","SE2",2024,"O3",366,323,323,88.2513661202186,88.2513661202186,TRUE
"BD 2024.xlsx","SE2",2024,"PM10",366,346,346,94.5355191256831,94.5355191256831,TRUE
"BD 2024.xlsx","SE2",2024,"PM2.5",366,353,353,96.448087431694,96.448087431694,TRUE
"BD 2024.xlsx","SE2",2024,"PRS",366,356,356,97.2677595628415,97.2677595628415,TRUE
"BD 2024.xlsx","SE2",2024,"RAINF",366,366,366,100,100,TRUE
"BD 2024.xlsx","SE2",2024,"RH",366,357,357,97.5409836065574,97.5409836065574,TRUE
"BD 2024.xlsx","SE2",2024,"SO2",366,349,349,95.3551912568306,95.3551912568306,TRUE
"BD 2024.xlsx","SE2",2024,"SR",366,365,365,99.7267759562842,99.7267759562842,TRUE
"BD 2024.xlsx","SE2",2024,"TOUT",366,357,357,97.5409836065574,97.5409836065574,TRUE
"BD 2024.xlsx","SE2",2024,"WSR",366,357,357,97.5409836065574,97.5409836065574,TRUE
"BD 2024.xlsx","SE2",2024,"WDR",366,357,357,97.5409836065574,97.5409836065574,TRUE
"BD 2024.xlsx","SE3",2024,"CO",366,315,315,86.0655737704918,86.0655737704918,TRUE
"BD 2024.xlsx","SE3",2024,"NO",366,360,360,98.3606557377049,98.3606557377049,TRUE
"BD 2024.xlsx","SE3",2024,"NO2",366,360,360,98.3606557377049,98.3606557377049,TRUE
"BD 2024.xlsx","SE3",2024,"NOX",366,360,360,98.3606557377049,98.3606557377049,TRUE
"BD 2024.xlsx","SE3",2024,"O3",366,363,363,99.1803278688525,99.1803278688525,TRUE
"BD 2024.xlsx","SE3",2024,"PM10",366,363,363,99.1803278688525,99.1803278688525,TRUE
"BD 2024.xlsx","SE3",2024,"PM2.5",366,329,329,89.8907103825137,89.8907103825137,TRUE
"BD 2024.xlsx","SE3",2024,"PRS",366,362,358,98.9071038251366,97.8142076502732,TRUE
"BD 2024.xlsx","SE3",2024,"RAINF",366,365,365,99.7267759562842,99.7267759562842,TRUE
"BD 2024.xlsx","SE3",2024,"RH",366,363,363,99.1803278688525,99.1803278688525,TRUE
"BD 2024.xlsx","SE3",2024,"SO2",366,365,365,99.7267759562842,99.7267759562842,TRUE
"BD 2024.xlsx","SE3",2024,"SR",366,365,365,99.7267759562842,99.7267759562842,TRUE
"BD 2024.xlsx","SE3",2024,"TOUT",366,364,364,99.4535519125683,99.4535519125683,TRUE
"BD 2024.xlsx","SE3",2024,"WSR",366,364,364,99.4535519125683,99.4535519125683,TRUE
"BD 2024.xlsx","SE3",2024,"WDR",366,365,365,99.7267759562842,99.7267759562842,TRUE
"BD 2024.xlsx","SO",2024,"CO",366,355,355,96.9945355191257,96.9945355191257,TRUE
"BD 2024.xlsx","SO",2024,"NO",366,355,355,96.9945355191257,96.9945355191257,TRUE
"BD 2024.xlsx","SO",2024,"NO2",366,355,355,96.9945355191257,96.9945355191257,TRUE
"BD 2024.xlsx","SO",2024,"NOX",366,355,355,96.9945355191257,96.9945355191257,TRUE
"BD 2024.xlsx","SO",2024,"O3",366,346,346,94.5355191256831,94.5355191256831,TRUE
"BD 2024.xlsx","SO",2024,"PM10",366,351,351,95.9016393442623,95.9016393442623,TRUE
"BD 2024.xlsx","SO",2024,"PM2.5",366,289,289,78.9617486338798,78.9617486338798,TRUE
"BD 2024.xlsx","SO",2024,"PRS",366,339,331,92.6229508196721,90.4371584699454,TRUE
"BD 2024.xlsx","SO",2024,"RAINF",366,354,354,96.7213114754098,96.7213114754098,TRUE
"BD 2024.xlsx","SO",2024,"RH",366,348,348,95.0819672131148,95.0819672131148,TRUE
"BD 2024.xlsx","SO",2024,"SO2",366,354,354,96.7213114754098,96.7213114754098,TRUE
"BD 2024.xlsx","SO",2024,"SR",366,359,355,98.0874316939891,96.9945355191257,TRUE
"BD 2024.xlsx","SO",2024,"TOUT",366,355,355,96.9945355191257,96.9945355191257,TRUE
"BD 2024.xlsx","SO",2024,"WSR",366,353,353,96.448087431694,96.448087431694,TRUE
"BD 2024.xlsx","SO",2024,"WDR",366,354,354,96.7213114754098,96.7213114754098,TRUE
"BD 2024.xlsx","SO2",2024,"CO",366,361,361,98.6338797814208,98.6338797814208,TRUE
"BD 2024.xlsx","SO2",2024,"NO",366,366,366,100,100,TRUE
"BD 2024.xlsx","SO2",2024,"NO2",366,366,366,100,100,TRUE
"BD 2024.xlsx","SO2",2024,"NOX",366,366,366,100,100,TRUE
"BD 2024.xlsx","SO2",2024,"O3",366,363,363,99.1803278688525,99.1803278688525,TRUE
"BD 2024.xlsx","SO2",2024,"PM10",366,344,344,93.9890710382514,93.9890710382514,TRUE
"BD 2024.xlsx","SO2",2024,"PM2.5",366,323,323,88.2513661202186,88.2513661202186,TRUE
"BD 2024.xlsx","SO2",2024,"PRS",366,366,366,100,100,TRUE
"BD 2024.xlsx","SO2",2024,"RAINF",366,366,366,100,100,TRUE
"BD 2024.xlsx","SO2",2024,"RH",366,360,360,98.3606557377049,98.3606557377049,TRUE
"BD 2024.xlsx","SO2",2024,"SO2",366,365,365,99.7267759562842,99.7267759562842,TRUE
"BD 2024.xlsx","SO2",2024,"SR",366,366,366,100,100,TRUE
"BD 2024.xlsx","SO2",2024,"TOUT",366,366,366,100,100,TRUE
"BD 2024.xlsx","SO2",2024,"WSR",366,366,366,100,100,TRUE
"BD 2024.xlsx","SO2",2024,"WDR",366,366,366,100,100,TRUE
"BD 2024.xlsx","SUR",2024,"CO",366,318,318,86.8852459016394,86.8852459016394,TRUE
"BD 2024.xlsx","SUR",2024,"NO",366,355,355,96.9945355191257,96.9945355191257,TRUE
"BD 2024.xlsx","SUR",2024,"NO2",366,352,352,96.1748633879781,96.1748633879781,TRUE
"BD 2024.xlsx","SUR",2024,"NOX",366,354,354,96.7213114754098,96.7213114754098,TRUE
"BD 2024.xlsx","SUR",2024,"O3",366,364,364,99.4535519125683,99.4535519125683,TRUE
"BD 2024.xlsx","SUR",2024,"PM10",366,361,361,98.6338797814208,98.6338797814208,TRUE
"BD 2024.xlsx","SUR",2024,"PM2.5",366,280,280,76.5027322404372,76.5027322404372,TRUE
"BD 2024.xlsx","SUR",2024,"PRS",366,338,338,92.3497267759563,92.3497267759563,TRUE
"BD 2024.xlsx","SUR",2024,"RAINF",366,366,366,100,100,TRUE
"BD 2024.xlsx","SUR",2024,"RH",366,345,345,94.2622950819672,94.2622950819672,TRUE
"BD 2024.xlsx","SUR",2024,"SO2",366,366,366,100,100,TRUE
"BD 2024.xlsx","SUR",2024,"SR",366,364,364,99.4535519125683,99.4535519125683,TRUE
"BD 2024.xlsx","SUR",2024,"TOUT",366,341,341,93.1693989071038,93.1693989071038,TRUE
"BD 2024.xlsx","SUR",2024,"WSR",366,366,366,100,100,TRUE
"BD 2024.xlsx","SUR",2024,"WDR",366,366,366,100,100,TRUE
"BD 2025.xlsx","CE",2025,"CO",365,275,275,75.3424657534247,75.3424657534247,TRUE
"BD 2025.xlsx","CE",2025,"NO",365,320,320,87.6712328767123,87.6712328767123,TRUE
"BD 2025.xlsx","CE",2025,"NO2",365,345,345,94.5205479452055,94.5205479452055,TRUE
"BD 2025.xlsx","CE",2025,"NOX",365,345,345,94.5205479452055,94.5205479452055,TRUE
"BD 2025.xlsx","CE",2025,"O3",365,351,351,96.1643835616438,96.1643835616438,TRUE
"BD 2025.xlsx","CE",2025,"PM10",365,360,360,98.6301369863014,98.6301369863014,TRUE
"BD 2025.xlsx","CE",2025,"PM2.5",365,301,301,82.4657534246575,82.4657534246575,TRUE
"BD 2025.xlsx","CE",2025,"PRS",365,355,355,97.2602739726027,97.2602739726027,TRUE
"BD 2025.xlsx","CE",2025,"RAINF",365,355,355,97.2602739726027,97.2602739726027,TRUE
"BD 2025.xlsx","CE",2025,"RH",365,352,352,96.4383561643836,96.4383561643836,TRUE
"BD 2025.xlsx","CE",2025,"SO2",365,353,353,96.7123287671233,96.7123287671233,TRUE
"BD 2025.xlsx","CE",2025,"SR",365,365,365,100,100,TRUE
"BD 2025.xlsx","CE",2025,"TOUT",365,355,355,97.2602739726027,97.2602739726027,TRUE
"BD 2025.xlsx","CE",2025,"WSR",365,355,355,97.2602739726027,97.2602739726027,TRUE
"BD 2025.xlsx","CE",2025,"WDR",365,355,355,97.2602739726027,97.2602739726027,TRUE
"BD 2025.xlsx","NE",2025,"CO",365,319,319,87.3972602739726,87.3972602739726,TRUE
"BD 2025.xlsx","NE",2025,"NO",365,312,312,85.4794520547945,85.4794520547945,TRUE
"BD 2025.xlsx","NE",2025,"NO2",365,312,312,85.4794520547945,85.4794520547945,TRUE
"BD 2025.xlsx","NE",2025,"NOX",365,312,312,85.4794520547945,85.4794520547945,TRUE
"BD 2025.xlsx","NE",2025,"O3",365,323,323,88.4931506849315,88.4931506849315,TRUE
"BD 2025.xlsx","NE",2025,"PM10",365,346,346,94.7945205479452,94.7945205479452,TRUE
"BD 2025.xlsx","NE",2025,"PM2.5",365,333,333,91.2328767123288,91.2328767123288,TRUE
"BD 2025.xlsx","NE",2025,"PRS",365,347,347,95.0684931506849,95.0684931506849,TRUE
"BD 2025.xlsx","NE",2025,"RAINF",365,349,349,95.6164383561644,95.6164383561644,TRUE
"BD 2025.xlsx","NE",2025,"RH",365,347,347,95.0684931506849,95.0684931506849,TRUE
"BD 2025.xlsx","NE",2025,"SO2",365,323,323,88.4931506849315,88.4931506849315,TRUE
"BD 2025.xlsx","NE",2025,"SR",365,354,354,96.986301369863,96.986301369863,TRUE
"BD 2025.xlsx","NE",2025,"TOUT",365,24,24,6.57534246575342,6.57534246575342,FALSE
"BD 2025.xlsx","NE",2025,"WSR",365,343,343,93.972602739726,93.972602739726,TRUE
"BD 2025.xlsx","NE",2025,"WDR",365,349,349,95.6164383561644,95.6164383561644,TRUE
"BD 2025.xlsx","NE2",2025,"CO",365,270,270,73.972602739726,73.972602739726,FALSE
"BD 2025.xlsx","NE2",2025,"NO",365,204,204,55.8904109589041,55.8904109589041,FALSE
"BD 2025.xlsx","NE2",2025,"NO2",365,205,205,56.1643835616438,56.1643835616438,FALSE
"BD 2025.xlsx","NE2",2025,"NOX",365,205,205,56.1643835616438,56.1643835616438,FALSE
"BD 2025.xlsx","NE2",2025,"O3",365,344,344,94.2465753424657,94.2465753424657,TRUE
"BD 2025.xlsx","NE2",2025,"PM10",365,346,346,94.7945205479452,94.7945205479452,TRUE
"BD 2025.xlsx","NE2",2025,"PM2.5",365,15,15,4.10958904109589,4.10958904109589,FALSE
"BD 2025.xlsx","NE2",2025,"PRS",365,352,352,96.4383561643836,96.4383561643836,TRUE
"BD 2025.xlsx","NE2",2025,"RAINF",365,357,357,97.8082191780822,97.8082191780822,TRUE
"BD 2025.xlsx","NE2",2025,"RH",365,350,350,95.8904109589041,95.8904109589041,TRUE
"BD 2025.xlsx","NE2",2025,"SO2",365,355,355,97.2602739726027,97.2602739726027,TRUE
"BD 2025.xlsx","NE2",2025,"SR",365,363,363,99.4520547945205,99.4520547945205,TRUE
"BD 2025.xlsx","NE2",2025,"TOUT",365,352,352,96.4383561643836,96.4383561643836,TRUE
"BD 2025.xlsx","NE2",2025,"WSR",365,351,351,96.1643835616438,96.1643835616438,TRUE
"BD 2025.xlsx","NE2",2025,"WDR",365,339,339,92.8767123287671,92.8767123287671,TRUE
"BD 2025.xlsx","NE3",2025,"CO",365,273,273,74.7945205479452,74.7945205479452,FALSE
"BD 2025.xlsx","NE3",2025,"NO",365,301,301,82.4657534246575,82.4657534246575,TRUE
"BD 2025.xlsx","NE3",2025,"NO2",365,301,301,82.4657534246575,82.4657534246575,TRUE
"BD 2025.xlsx","NE3",2025,"NOX",365,301,301,82.4657534246575,82.4657534246575,TRUE
"BD 2025.xlsx","NE3",2025,"O3",365,340,340,93.1506849315068,93.1506849315068,TRUE
"BD 2025.xlsx","NE3",2025,"PM10",365,345,345,94.5205479452055,94.5205479452055,TRUE
"BD 2025.xlsx","NE3",2025,"PM2.5",365,95,95,26.027397260274,26.027397260274,FALSE
"BD 2025.xlsx","NE3",2025,"PRS",365,347,347,95.0684931506849,95.0684931506849,TRUE
"BD 2025.xlsx","NE3",2025,"RAINF",365,355,355,97.2602739726027,97.2602739726027,TRUE
"BD 2025.xlsx","NE3",2025,"RH",365,353,353,96.7123287671233,96.7123287671233,TRUE
"BD 2025.xlsx","NE3",2025,"SO2",365,163,163,44.6575342465753,44.6575342465753,FALSE
"BD 2025.xlsx","NE3",2025,"SR",365,316,313,86.5753424657534,85.7534246575343,TRUE
"BD 2025.xlsx","NE3",2025,"TOUT",365,354,354,96.986301369863,96.986301369863,TRUE
"BD 2025.xlsx","NE3",2025,"WSR",365,348,348,95.3424657534247,95.3424657534247,TRUE
"BD 2025.xlsx","NE3",2025,"WDR",365,354,354,96.986301369863,96.986301369863,TRUE
"BD 2025.xlsx","NO",2025,"CO",365,335,335,91.7808219178082,91.7808219178082,TRUE
"BD 2025.xlsx","NO",2025,"NO",365,308,306,84.3835616438356,83.8356164383562,TRUE
"BD 2025.xlsx","NO",2025,"NO2",365,317,317,86.8493150684932,86.8493150684932,TRUE
"BD 2025.xlsx","NO",2025,"NOX",365,307,306,84.1095890410959,83.8356164383562,TRUE
"BD 2025.xlsx","NO",2025,"O3",365,335,335,91.7808219178082,91.7808219178082,TRUE
"BD 2025.xlsx","NO",2025,"PM10",365,360,360,98.6301369863014,98.6301369863014,TRUE
"BD 2025.xlsx","NO",2025,"PM2.5",365,12,12,3.28767123287671,3.28767123287671,FALSE
"BD 2025.xlsx","NO",2025,"PRS",365,351,351,96.1643835616438,96.1643835616438,TRUE
"BD 2025.xlsx","NO",2025,"RAINF",365,351,351,96.1643835616438,96.1643835616438,TRUE
"BD 2025.xlsx","NO",2025,"RH",365,324,324,88.7671232876712,88.7671232876712,TRUE
"BD 2025.xlsx","NO",2025,"SO2",365,334,334,91.5068493150685,91.5068493150685,TRUE
"BD 2025.xlsx","NO",2025,"SR",365,356,356,97.5342465753425,97.5342465753425,TRUE
"BD 2025.xlsx","NO",2025,"TOUT",365,325,325,89.041095890411,89.041095890411,TRUE
"BD 2025.xlsx","NO",2025,"WSR",365,351,351,96.1643835616438,96.1643835616438,TRUE
"BD 2025.xlsx","NO",2025,"WDR",365,352,352,96.4383561643836,96.4383561643836,TRUE
"BD 2025.xlsx","NO2",2025,"CO",365,353,353,96.7123287671233,96.7123287671233,TRUE
"BD 2025.xlsx","NO2",2025,"NO",365,252,252,69.041095890411,69.041095890411,FALSE
"BD 2025.xlsx","NO2",2025,"NO2",365,253,253,69.3150684931507,69.3150684931507,FALSE
"BD 2025.xlsx","NO2",2025,"NOX",365,253,253,69.3150684931507,69.3150684931507,FALSE
"BD 2025.xlsx","NO2",2025,"O3",365,347,347,95.0684931506849,95.0684931506849,TRUE
"BD 2025.xlsx","NO2",2025,"PM10",365,361,361,98.9041095890411,98.9041095890411,TRUE
"BD 2025.xlsx","NO2",2025,"PM2.5",365,296,296,81.0958904109589,81.0958904109589,TRUE
"BD 2025.xlsx","NO2",2025,"PRS",365,363,363,99.4520547945205,99.4520547945205,TRUE
"BD 2025.xlsx","NO2",2025,"RAINF",365,363,363,99.4520547945205,99.4520547945205,TRUE
"BD 2025.xlsx","NO2",2025,"RH",365,361,361,98.9041095890411,98.9041095890411,TRUE
"BD 2025.xlsx","NO2",2025,"SO2",365,353,353,96.7123287671233,96.7123287671233,TRUE
"BD 2025.xlsx","NO2",2025,"SR",365,265,264,72.6027397260274,72.3287671232877,FALSE
"BD 2025.xlsx","NO2",2025,"TOUT",365,363,363,99.4520547945205,99.4520547945205,TRUE
"BD 2025.xlsx","NO2",2025,"WSR",365,363,363,99.4520547945205,99.4520547945205,TRUE
"BD 2025.xlsx","NO2",2025,"WDR",365,363,363,99.4520547945205,99.4520547945205,TRUE
"BD 2025.xlsx","NO3",2025,"CO",365,260,260,71.2328767123288,71.2328767123288,FALSE
"BD 2025.xlsx","NO3",2025,"NO",365,151,151,41.3698630136986,41.3698630136986,FALSE
"BD 2025.xlsx","NO3",2025,"NO2",365,151,151,41.3698630136986,41.3698630136986,FALSE
"BD 2025.xlsx","NO3",2025,"NOX",365,151,151,41.3698630136986,41.3698630136986,FALSE
"BD 2025.xlsx","NO3",2025,"O3",365,254,254,69.5890410958904,69.5890410958904,FALSE
"BD 2025.xlsx","NO3",2025,"PM10",365,260,260,71.2328767123288,71.2328767123288,FALSE
"BD 2025.xlsx","NO3",2025,"PM2.5",365,47,47,12.8767123287671,12.8767123287671,FALSE
"BD 2025.xlsx","NO3",2025,"PRS",365,260,260,71.2328767123288,71.2328767123288,FALSE
"BD 2025.xlsx","NO3",2025,"RAINF",365,259,259,70.958904109589,70.958904109589,FALSE
"BD 2025.xlsx","NO3",2025,"RH",365,257,257,70.4109589041096,70.4109589041096,FALSE
"BD 2025.xlsx","NO3",2025,"SO2",365,259,259,70.958904109589,70.958904109589,FALSE
"BD 2025.xlsx","NO3",2025,"SR",365,352,352,96.4383561643836,96.4383561643836,TRUE
"BD 2025.xlsx","NO3",2025,"TOUT",365,259,259,70.958904109589,70.958904109589,FALSE
"BD 2025.xlsx","NO3",2025,"WSR",365,354,353,96.986301369863,96.7123287671233,TRUE
"BD 2025.xlsx","NO3",2025,"WDR",365,357,357,97.8082191780822,97.8082191780822,TRUE
"BD 2025.xlsx","NTE",2025,"CO",365,358,358,98.0821917808219,98.0821917808219,TRUE
"BD 2025.xlsx","NTE",2025,"NO",365,360,360,98.6301369863014,98.6301369863014,TRUE
"BD 2025.xlsx","NTE",2025,"NO2",365,360,360,98.6301369863014,98.6301369863014,TRUE
"BD 2025.xlsx","NTE",2025,"NOX",365,359,359,98.3561643835616,98.3561643835616,TRUE
"BD 2025.xlsx","NTE",2025,"O3",365,351,351,96.1643835616438,96.1643835616438,TRUE
"BD 2025.xlsx","NTE",2025,"PM10",365,352,352,96.4383561643836,96.4383561643836,TRUE
"BD 2025.xlsx","NTE",2025,"PM2.5",365,307,307,84.1095890410959,84.1095890410959,TRUE
"BD 2025.xlsx","NTE",2025,"PRS",365,360,360,98.6301369863014,98.6301369863014,TRUE
"BD 2025.xlsx","NTE",2025,"RAINF",365,358,357,98.0821917808219,97.8082191780822,TRUE
"BD 2025.xlsx","NTE",2025,"RH",365,1,1,0.273972602739726,0.273972602739726,FALSE
"BD 2025.xlsx","NTE",2025,"SO2",365,281,281,76.986301369863,76.986301369863,TRUE
"BD 2025.xlsx","NTE",2025,"SR",365,259,259,70.958904109589,70.958904109589,FALSE
"BD 2025.xlsx","NTE",2025,"TOUT",365,360,360,98.6301369863014,98.6301369863014,TRUE
"BD 2025.xlsx","NTE",2025,"WSR",365,360,360,98.6301369863014,98.6301369863014,TRUE
"BD 2025.xlsx","NTE",2025,"WDR",365,360,360,98.6301369863014,98.6301369863014,TRUE
"BD 2025.xlsx","NTE2",2025,"CO",365,356,356,97.5342465753425,97.5342465753425,TRUE
"BD 2025.xlsx","NTE2",2025,"NO",365,359,359,98.3561643835616,98.3561643835616,TRUE
"BD 2025.xlsx","NTE2",2025,"NO2",365,359,359,98.3561643835616,98.3561643835616,TRUE
"BD 2025.xlsx","NTE2",2025,"NOX",365,359,359,98.3561643835616,98.3561643835616,TRUE
"BD 2025.xlsx","NTE2",2025,"O3",365,350,350,95.8904109589041,95.8904109589041,TRUE
"BD 2025.xlsx","NTE2",2025,"PM10",365,355,355,97.2602739726027,97.2602739726027,TRUE
"BD 2025.xlsx","NTE2",2025,"PM2.5",365,339,339,92.8767123287671,92.8767123287671,TRUE
"BD 2025.xlsx","NTE2",2025,"PRS",365,359,359,98.3561643835616,98.3561643835616,TRUE
"BD 2025.xlsx","NTE2",2025,"RAINF",365,359,359,98.3561643835616,98.3561643835616,TRUE
"BD 2025.xlsx","NTE2",2025,"RH",365,356,356,97.5342465753425,97.5342465753425,TRUE
"BD 2025.xlsx","NTE2",2025,"SO2",365,359,359,98.3561643835616,98.3561643835616,TRUE
"BD 2025.xlsx","NTE2",2025,"SR",365,364,364,99.7260273972603,99.7260273972603,TRUE
"BD 2025.xlsx","NTE2",2025,"TOUT",365,359,359,98.3561643835616,98.3561643835616,TRUE
"BD 2025.xlsx","NTE2",2025,"WSR",365,359,359,98.3561643835616,98.3561643835616,TRUE
"BD 2025.xlsx","NTE2",2025,"WDR",365,358,358,98.0821917808219,98.0821917808219,TRUE
"BD 2025.xlsx","SE",2025,"CO",365,258,258,70.6849315068493,70.6849315068493,FALSE
"BD 2025.xlsx","SE",2025,"NO",365,350,350,95.8904109589041,95.8904109589041,TRUE
"BD 2025.xlsx","SE",2025,"NO2",365,350,350,95.8904109589041,95.8904109589041,TRUE
"BD 2025.xlsx","SE",2025,"NOX",365,350,350,95.8904109589041,95.8904109589041,TRUE
"BD 2025.xlsx","SE",2025,"O3",365,355,355,97.2602739726027,97.2602739726027,TRUE
"BD 2025.xlsx","SE",2025,"PM10",365,354,354,96.986301369863,96.986301369863,TRUE
"BD 2025.xlsx","SE",2025,"PM2.5",365,310,310,84.9315068493151,84.9315068493151,TRUE
"BD 2025.xlsx","SE",2025,"PRS",365,350,350,95.8904109589041,95.8904109589041,TRUE
"BD 2025.xlsx","SE",2025,"RAINF",365,350,350,95.8904109589041,95.8904109589041,TRUE
"BD 2025.xlsx","SE",2025,"RH",365,349,349,95.6164383561644,95.6164383561644,TRUE
"BD 2025.xlsx","SE",2025,"SO2",365,350,350,95.8904109589041,95.8904109589041,TRUE
"BD 2025.xlsx","SE",2025,"SR",365,361,361,98.9041095890411,98.9041095890411,TRUE
"BD 2025.xlsx","SE",2025,"TOUT",365,350,350,95.8904109589041,95.8904109589041,TRUE
"BD 2025.xlsx","SE",2025,"WSR",365,349,349,95.6164383561644,95.6164383561644,TRUE
"BD 2025.xlsx","SE",2025,"WDR",365,350,350,95.8904109589041,95.8904109589041,TRUE
"BD 2025.xlsx","SE2",2025,"CO",365,283,283,77.5342465753425,77.5342465753425,TRUE
"BD 2025.xlsx","SE2",2025,"NO",365,353,353,96.7123287671233,96.7123287671233,TRUE
"BD 2025.xlsx","SE2",2025,"NO2",365,354,354,96.986301369863,96.986301369863,TRUE
"BD 2025.xlsx","SE2",2025,"NOX",365,354,354,96.986301369863,96.986301369863,TRUE
"BD 2025.xlsx","SE2",2025,"O3",365,329,329,90.1369863013699,90.1369863013699,TRUE
"BD 2025.xlsx","SE2",2025,"PM10",365,352,352,96.4383561643836,96.4383561643836,TRUE
"BD 2025.xlsx","SE2",2025,"PM2.5",365,354,354,96.986301369863,96.986301369863,TRUE
"BD 2025.xlsx","SE2",2025,"PRS",365,356,356,97.5342465753425,97.5342465753425,TRUE
"BD 2025.xlsx","SE2",2025,"RAINF",365,361,361,98.9041095890411,98.9041095890411,TRUE
"BD 2025.xlsx","SE2",2025,"RH",365,265,265,72.6027397260274,72.6027397260274,FALSE
"BD 2025.xlsx","SE2",2025,"SO2",365,353,353,96.7123287671233,96.7123287671233,TRUE
"BD 2025.xlsx","SE2",2025,"SR",365,362,362,99.1780821917808,99.1780821917808,TRUE
"BD 2025.xlsx","SE2",2025,"TOUT",365,356,356,97.5342465753425,97.5342465753425,TRUE
"BD 2025.xlsx","SE2",2025,"WSR",365,356,356,97.5342465753425,97.5342465753425,TRUE
"BD 2025.xlsx","SE2",2025,"WDR",365,356,356,97.5342465753425,97.5342465753425,TRUE
"BD 2025.xlsx","SE3",2025,"CO",365,330,330,90.4109589041096,90.4109589041096,TRUE
"BD 2025.xlsx","SE3",2025,"NO",365,361,361,98.9041095890411,98.9041095890411,TRUE
"BD 2025.xlsx","SE3",2025,"NO2",365,361,361,98.9041095890411,98.9041095890411,TRUE
"BD 2025.xlsx","SE3",2025,"NOX",365,361,361,98.9041095890411,98.9041095890411,TRUE
"BD 2025.xlsx","SE3",2025,"O3",365,364,364,99.7260273972603,99.7260273972603,TRUE
"BD 2025.xlsx","SE3",2025,"PM10",365,358,358,98.0821917808219,98.0821917808219,TRUE
"BD 2025.xlsx","SE3",2025,"PM2.5",365,251,251,68.7671232876712,68.7671232876712,FALSE
"BD 2025.xlsx","SE3",2025,"PRS",365,361,336,98.9041095890411,92.0547945205479,TRUE
"BD 2025.xlsx","SE3",2025,"RAINF",365,361,361,98.9041095890411,98.9041095890411,TRUE
"BD 2025.xlsx","SE3",2025,"RH",365,360,360,98.6301369863014,98.6301369863014,TRUE
"BD 2025.xlsx","SE3",2025,"SO2",365,361,361,98.9041095890411,98.9041095890411,TRUE
"BD 2025.xlsx","SE3",2025,"SR",365,348,348,95.3424657534247,95.3424657534247,TRUE
"BD 2025.xlsx","SE3",2025,"TOUT",365,361,361,98.9041095890411,98.9041095890411,TRUE
"BD 2025.xlsx","SE3",2025,"WSR",365,358,358,98.0821917808219,98.0821917808219,TRUE
"BD 2025.xlsx","SE3",2025,"WDR",365,361,361,98.9041095890411,98.9041095890411,TRUE
"BD 2025.xlsx","SO",2025,"CO",365,344,344,94.2465753424657,94.2465753424657,TRUE
"BD 2025.xlsx","SO",2025,"NO",365,342,333,93.6986301369863,91.2328767123288,TRUE
"BD 2025.xlsx","SO",2025,"NO2",365,342,342,93.6986301369863,93.6986301369863,TRUE
"BD 2025.xlsx","SO",2025,"NOX",365,342,333,93.6986301369863,91.2328767123288,TRUE
"BD 2025.xlsx","SO",2025,"O3",365,350,350,95.8904109589041,95.8904109589041,TRUE
"BD 2025.xlsx","SO",2025,"PM10",365,357,357,97.8082191780822,97.8082191780822,TRUE
"BD 2025.xlsx","SO",2025,"PM2.5",365,266,266,72.8767123287671,72.8767123287671,FALSE
"BD 2025.xlsx","SO",2025,"PRS",365,323,323,88.4931506849315,88.4931506849315,TRUE
"BD 2025.xlsx","SO",2025,"RAINF",365,326,326,89.3150684931507,89.3150684931507,TRUE
"BD 2025.xlsx","SO",2025,"RH",365,103,103,28.2191780821918,28.2191780821918,FALSE
"BD 2025.xlsx","SO",2025,"SO2",365,354,354,96.986301369863,96.986301369863,TRUE
"BD 2025.xlsx","SO",2025,"SR",365,354,354,96.986301369863,96.986301369863,TRUE
"BD 2025.xlsx","SO",2025,"TOUT",365,319,319,87.3972602739726,87.3972602739726,TRUE
"BD 2025.xlsx","SO",2025,"WSR",365,319,319,87.3972602739726,87.3972602739726,TRUE
"BD 2025.xlsx","SO",2025,"WDR",365,319,319,87.3972602739726,87.3972602739726,TRUE
"BD 2025.xlsx","SO2",2025,"CO",365,310,310,84.9315068493151,84.9315068493151,TRUE
"BD 2025.xlsx","SO2",2025,"NO",365,364,364,99.7260273972603,99.7260273972603,TRUE
"BD 2025.xlsx","SO2",2025,"NO2",365,364,364,99.7260273972603,99.7260273972603,TRUE
"BD 2025.xlsx","SO2",2025,"NOX",365,364,364,99.7260273972603,99.7260273972603,TRUE
"BD 2025.xlsx","SO2",2025,"O3",365,360,360,98.6301369863014,98.6301369863014,TRUE
"BD 2025.xlsx","SO2",2025,"PM10",365,348,348,95.3424657534247,95.3424657534247,TRUE
"BD 2025.xlsx","SO2",2025,"PM2.5",365,244,244,66.8493150684932,66.8493150684932,FALSE
"BD 2025.xlsx","SO2",2025,"PRS",365,364,364,99.7260273972603,99.7260273972603,TRUE
"BD 2025.xlsx","SO2",2025,"RAINF",365,364,364,99.7260273972603,99.7260273972603,TRUE
"BD 2025.xlsx","SO2",2025,"RH",365,362,362,99.1780821917808,99.1780821917808,TRUE
"BD 2025.xlsx","SO2",2025,"SO2",365,364,364,99.7260273972603,99.7260273972603,TRUE
"BD 2025.xlsx","SO2",2025,"SR",365,365,365,100,100,TRUE
"BD 2025.xlsx","SO2",2025,"TOUT",365,364,364,99.7260273972603,99.7260273972603,TRUE
"BD 2025.xlsx","SO2",2025,"WSR",365,364,364,99.7260273972603,99.7260273972603,TRUE
"BD 2025.xlsx","SO2",2025,"WDR",365,364,364,99.7260273972603,99.7260273972603,TRUE
"BD 2025.xlsx","SUR",2025,"CO",365,331,331,90.6849315068493,90.6849315068493,TRUE
"BD 2025.xlsx","SUR",2025,"NO",365,343,343,93.972602739726,93.972602739726,TRUE
"BD 2025.xlsx","SUR",2025,"NO2",365,343,343,93.972602739726,93.972602739726,TRUE
"BD 2025.xlsx","SUR",2025,"NOX",365,343,343,93.972602739726,93.972602739726,TRUE
"BD 2025.xlsx","SUR",2025,"O3",365,363,363,99.4520547945205,99.4520547945205,TRUE
"BD 2025.xlsx","SUR",2025,"PM10",365,356,356,97.5342465753425,97.5342465753425,TRUE
"BD 2025.xlsx","SUR",2025,"PM2.5",365,278,278,76.1643835616438,76.1643835616438,TRUE
"BD 2025.xlsx","SUR",2025,"PRS",365,311,311,85.2054794520548,85.2054794520548,TRUE
"BD 2025.xlsx","SUR",2025,"RAINF",365,340,340,93.1506849315068,93.1506849315068,TRUE
"BD 2025.xlsx","SUR",2025,"RH",365,311,311,85.2054794520548,85.2054794520548,TRUE
"BD 2025.xlsx","SUR",2025,"SO2",365,350,350,95.8904109589041,95.8904109589041,TRUE
"BD 2025.xlsx","SUR",2025,"SR",365,355,355,97.2602739726027,97.2602739726027,TRUE
"BD 2025.xlsx","SUR",2025,"TOUT",365,311,311,85.2054794520548,85.2054794520548,TRUE
"BD 2025.xlsx","SUR",2025,"WSR",365,338,338,92.6027397260274,92.6027397260274,TRUE
"BD 2025.xlsx","SUR",2025,"WDR",365,340,340,93.1506849315068,93.1506849315068,TRUE
