"hoja","anio","mes","variable","horas_esperadas","horas_presentes"
"CE",2020,1,"CO",744,743
"CE",2020,2,"CO",696,685
"CE",2020,3,"CO",744,741
"CE",2020,4,"CO",720,719
"CE",2020,5,"CO",744,743
"CE",2020,6,"CO",720,697
"CE",2020,7,"CO",744,724
"CE",2020,8,"CO",744,724
"CE",2020,9,"CO",720,695
"CE",2020,10,"CO",744,736
"CE",2020,11,"CO",720,718
"CE",2020,12,"CO",744,737
"CE",2020,1,"NO",744,743
"CE",2020,2,"NO",696,685
"CE",2020,3,"NO",744,741
"CE",2020,4,"NO",720,454
"CE",2020,5,"NO",744,742
"CE",2020,6,"NO",720,697
"CE",2020,7,"NO",744,719
"CE",2020,8,"NO",744,717
"CE",2020,9,"NO",720,686
"CE",2020,10,"NO",744,719
"CE",2020,11,"NO",720,706
"CE",2020,12,"NO",744,195
"CE",2020,1,"NO2",744,743
"CE",2020,2,"NO2",696,685
"CE",2020,3,"NO2",744,741
"CE",2020,4,"NO2",720,425
"CE",2020,5,"NO2",744,742
"CE",2020,6,"NO2",720,697
"CE",2020,7,"NO2",744,719
"CE",2020,8,"NO2",744,717
"CE",2020,9,"NO2",720,686
"CE",2020,10,"NO2",744,719
"CE",2020,11,"NO2",720,706
"CE",2020,12,"NO2",744,186
"CE",2020,1,"NOX",744,743
"CE",2020,2,"NOX",696,685
"CE",2020,3,"NOX",744,741
"CE",2020,4,"NOX",720,425
"CE",2020,5,"NOX",744,742
"CE",2020,6,"NOX",720,697
"CE",2020,7,"NOX",744,719
"CE",2020,8,"NOX",744,717
"CE",2020,9,"NOX",720,686
"CE",2020,10,"NOX",744,719
"CE",2020,11,"NOX",720,706
"CE",2020,12,"NOX",744,170
"CE",2020,1,"O3",744,727
"CE",2020,2,"O3",696,673
"CE",2020,3,"O3",744,740
"CE",2020,4,"O3",720,719
"CE",2020,5,"O3",744,743
"CE",2020,6,"O3",720,697
"CE",2020,7,"O3",744,441
"CE",2020,8,"O3",744,539
"CE",2020,9,"O3",720,481
"CE",2020,10,"O3",744,636
"CE",2020,11,"O3",720,565
"CE",2020,12,"O3",744,373
"CE",2020,1,"PM10",744,738
"CE",2020,2,"PM10",696,678
"CE",2020,3,"PM10",744,740
"CE",2020,4,"PM10",720,718
"CE",2020,5,"PM10",744,742
"CE",2020,6,"PM10",720,667
"CE",2020,7,"PM10",744,714
"CE",2020,8,"PM10",744,626
"CE",2020,9,"PM10",720,595
"CE",2020,10,"PM10",744,735
"CE",2020,11,"PM10",720,713
"CE",2020,12,"PM10",744,735
"CE",2020,1,"PM2.5",744,675
"CE",2020,2,"PM2.5",696,399
"CE",2020,3,"PM2.5",744,576
"CE",2020,4,"PM2.5",720,382
"CE",2020,5,"PM2.5",744,581
"CE",2020,6,"PM2.5",720,597
"CE",2020,7,"PM2.5",744,678
"CE",2020,8,"PM2.5",744,476
"CE",2020,9,"PM2.5",720,573
"CE",2020,10,"PM2.5",744,632
"CE",2020,11,"PM2.5",720,653
"CE",2020,12,"PM2.5",744,716
"CE",2020,1,"PRS",744,743
"CE",2020,2,"PRS",696,685
"CE",2020,3,"PRS",744,741
"CE",2020,4,"PRS",720,719
"CE",2020,5,"PRS",744,743
"CE",2020,6,"PRS",720,694
"CE",2020,7,"PRS",744,724
"CE",2020,8,"PRS",744,722
"CE",2020,9,"PRS",720,695
"CE",2020,10,"PRS",744,732
"CE",2020,11,"PRS",720,718
"CE",2020,12,"PRS",744,736
"CE",2020,1,"RAINF",744,743
"CE",2020,2,"RAINF",696,685
"CE",2020,3,"RAINF",744,741
"CE",2020,4,"RAINF",720,719
"CE",2020,5,"RAINF",744,743
"CE",2020,6,"RAINF",720,697
"CE",2020,7,"RAINF",744,724
"CE",2020,8,"RAINF",744,723
"CE",2020,9,"RAINF",720,695
"CE",2020,10,"RAINF",744,736
"CE",2020,11,"RAINF",720,718
"CE",2020,12,"RAINF",744,737
"CE",2020,1,"RH",744,743
"CE",2020,2,"RH",696,685
"CE",2020,3,"RH",744,740
"CE",2020,4,"RH",720,719
"CE",2020,5,"RH",744,743
"CE",2020,6,"RH",720,697
"CE",2020,7,"RH",744,724
"CE",2020,8,"RH",744,723
"CE",2020,9,"RH",720,695
"CE",2020,10,"RH",744,734
"CE",2020,11,"RH",720,718
"CE",2020,12,"RH",744,737
"CE",2020,1,"SO2",744,743
"CE",2020,2,"SO2",696,685
"CE",2020,3,"SO2",744,741
"CE",2020,4,"SO2",720,719
"CE",2020,5,"SO2",744,743
"CE",2020,6,"SO2",720,697
"CE",2020,7,"SO2",744,724
"CE",2020,8,"SO2",744,724
"CE",2020,9,"SO2",720,695
"CE",2020,10,"SO2",744,736
"CE",2020,11,"SO2",720,718
"CE",2020,12,"SO2",744,737
"CE",2020,1,"SR",744,743
"CE",2020,2,"SR",696,685
"CE",2020,3,"SR",744,741
"CE",2020,4,"SR",720,719
"CE",2020,5,"SR",744,743
"CE",2020,6,"SR",720,697
"CE",2020,7,"SR",744,724
"CE",2020,8,"SR",744,724
"CE",2020,9,"SR",720,695
"CE",2020,10,"SR",744,736
"CE",2020,11,"SR",720,718
"CE",2020,12,"SR",744,737
"CE",2020,1,"TOUT",744,743
"CE",2020,2,"TOUT",696,685
"CE",2020,3,"TOUT",744,741
"CE",2020,4,"TOUT",720,719
"CE",2020,5,"TOUT",744,743
"CE",2020,6,"TOUT",720,697
"CE",2020,7,"TOUT",744,724
"CE",2020,8,"TOUT",744,723
"CE",2020,9,"TOUT",720,695
"CE",2020,10,"TOUT",744,726
"CE",2020,11,"TOUT",720,718
"CE",2020,12,"TOUT",744,737
"CE",2020,1,"WSR",744,743
"CE",2020,2,"WSR",696,685
"CE",2020,3,"WSR",744,741
"CE",2020,4,"WSR",720,719
"CE",2020,5,"WSR",744,743
"CE",2020,6,"WSR",720,697
"CE",2020,7,"WSR",744,724
"CE",2020,8,"WSR",744,718
"CE",2020,9,"WSR",720,694
"CE",2020,10,"WSR",744,734
"CE",2020,11,"WSR",720,718
"CE",2020,12,"WSR",744,737
"CE",2020,1,"WDR",744,743
"CE",2020,2,"WDR",696,685
"CE",2020,3,"WDR",744,740
"CE",2020,4,"WDR",720,719
"CE",2020,5,"WDR",744,742
"CE",2020,6,"WDR",720,696
"CE",2020,7,"WDR",744,723
"CE",2020,8,"WDR",744,721
"CE",2020,9,"WDR",720,694
"CE",2020,10,"WDR",744,736
"CE",2020,11,"WDR",720,716
"CE",2020,12,"WDR",744,736
"NE",2020,1,"CO",744,623
"NE",2020,2,"CO",696,117
"NE",2020,3,"CO",744,0
"NE",2020,4,"CO",720,0
"NE",2020,5,"CO",744,0
"NE",2020,6,"CO",720,0
"NE",2020,7,"CO",744,273
"NE",2020,8,"CO",744,742
"NE",2020,9,"CO",720,718
"NE",2020,10,"CO",744,743
"NE",2020,11,"CO",720,678
"NE",2020,12,"CO",744,741
"NE",2020,1,"NO",744,635
"NE",2020,2,"NO",696,510
"NE",2020,3,"NO",744,55
"NE",2020,4,"NO",720,179
"NE",2020,5,"NO",744,155
"NE",2020,6,"NO",720,116
"NE",2020,7,"NO",744,211
"NE",2020,8,"NO",744,144
"NE",2020,9,"NO",720,182
"NE",2020,10,"NO",744,246
"NE",2020,11,"NO",720,540
"NE",2020,12,"NO",744,448
"NE",2020,1,"NO2",744,0
"NE",2020,2,"NO2",696,0
"NE",2020,3,"NO2",744,0
"NE",2020,4,"NO2",720,0
"NE",2020,5,"NO2",744,0
"NE",2020,6,"NO2",720,0
"NE",2020,7,"NO2",744,0
"NE",2020,8,"NO2",744,0
"NE",2020,9,"NO2",720,0
"NE",2020,10,"NO2",744,0
"NE",2020,11,"NO2",720,0
"NE",2020,12,"NO2",744,0
"NE",2020,1,"NOX",744,0
"NE",2020,2,"NOX",696,0
"NE",2020,3,"NOX",744,0
"NE",2020,4,"NOX",720,0
"NE",2020,5,"NOX",744,0
"NE",2020,6,"NOX",720,0
"NE",2020,7,"NOX",744,0
"NE",2020,8,"NOX",744,0
"NE",2020,9,"NOX",720,0
"NE",2020,10,"NOX",744,0
"NE",2020,11,"NOX",720,0
"NE",2020,12,"NOX",744,0
"NE",2020,1,"O3",744,9
"NE",2020,2,"O3",696,0
"NE",2020,3,"O3",744,0
"NE",2020,4,"O3",720,0
"NE",2020,5,"O3",744,0
"NE",2020,6,"O3",720,0
"NE",2020,7,"O3",744,0
"NE",2020,8,"O3",744,0
"NE",2020,9,"O3",720,0
"NE",2020,10,"O3",744,0
"NE",2020,11,"O3",720,0
"NE",2020,12,"O3",744,0
"NE",2020,1,"PM10",744,741
"NE",2020,2,"PM10",696,695
"NE",2020,3,"PM10",744,741
"NE",2020,4,"PM10",720,709
"NE",2020,5,"PM10",744,697
"NE",2020,6,"PM10",720,349
"NE",2020,7,"PM10",744,664
"NE",2020,8,"PM10",744,701
"NE",2020,9,"PM10",720,705
"NE",2020,10,"PM10",744,712
"NE",2020,11,"PM10",720,713
"NE",2020,12,"PM10",744,726
"NE",2020,1,"PM2.5",744,709
"NE",2020,2,"PM2.5",696,611
"NE",2020,3,"PM2.5",744,642
"NE",2020,4,"PM2.5",720,700
"NE",2020,5,"PM2.5",744,698
"NE",2020,6,"PM2.5",720,349
"NE",2020,7,"PM2.5",744,663
"NE",2020,8,"PM2.5",744,701
"NE",2020,9,"PM2.5",720,705
"NE",2020,10,"PM2.5",744,707
"NE",2020,11,"PM2.5",720,713
"NE",2020,12,"PM2.5",744,725
"NE",2020,1,"PRS",744,741
"NE",2020,2,"PRS",696,695
"NE",2020,3,"PRS",744,742
"NE",2020,4,"PRS",720,342
"NE",2020,5,"PRS",744,0
"NE",2020,6,"PRS",720,0
"NE",2020,7,"PRS",744,681
"NE",2020,8,"PRS",744,742
"NE",2020,9,"PRS",720,718
"NE",2020,10,"PRS",744,743
"NE",2020,11,"PRS",720,676
"NE",2020,12,"PRS",744,740
"NE",2020,1,"RAINF",744,741
"NE",2020,2,"RAINF",696,687
"NE",2020,3,"RAINF",744,742
"NE",2020,4,"RAINF",720,706
"NE",2020,5,"RAINF",744,1
"NE",2020,6,"RAINF",720,0
"NE",2020,7,"RAINF",744,681
"NE",2020,8,"RAINF",744,742
"NE",2020,9,"RAINF",720,718
"NE",2020,10,"RAINF",744,743
"NE",2020,11,"RAINF",720,719
"NE",2020,12,"RAINF",744,741
"NE",2020,1,"RH",744,710
"NE",2020,2,"RH",696,687
"NE",2020,3,"RH",744,714
"NE",2020,4,"RH",720,426
"NE",2020,5,"RH",744,1
"NE",2020,6,"RH",720,0
"NE",2020,7,"RH",744,662
"NE",2020,8,"RH",744,742
"NE",2020,9,"RH",720,713
"NE",2020,10,"RH",744,743
"NE",2020,11,"RH",720,678
"NE",2020,12,"RH",744,741
"NE",2020,1,"SO2",744,600
"NE",2020,2,"SO2",696,114
"NE",2020,3,"SO2",744,0
"NE",2020,4,"SO2",720,0
"NE",2020,5,"SO2",744,0
"NE",2020,6,"SO2",720,0
"NE",2020,7,"SO2",744,284
"NE",2020,8,"SO2",744,214
"NE",2020,9,"SO2",720,0
"NE",2020,10,"SO2",744,0
"NE",2020,11,"SO2",720,0
"NE",2020,12,"SO2",744,0
"NE",2020,1,"SR",744,742
"NE",2020,2,"SR",696,694
"NE",2020,3,"SR",744,737
"NE",2020,4,"SR",720,711
"NE",2020,5,"SR",744,637
"NE",2020,6,"SR",720,618
"NE",2020,7,"SR",744,729
"NE",2020,8,"SR",744,743
"NE",2020,9,"SR",720,700
"NE",2020,10,"SR",744,738
"NE",2020,11,"SR",720,67
"NE",2020,12,"SR",744,718
"NE",2020,1,"TOUT",744,741
"NE",2020,2,"TOUT",696,695
"NE",2020,3,"TOUT",744,742
"NE",2020,4,"TOUT",720,342
"NE",2020,5,"TOUT",744,0
"NE",2020,6,"TOUT",720,0
"NE",2020,7,"TOUT",744,681
"NE",2020,8,"TOUT",744,742
"NE",2020,9,"TOUT",720,718
"NE",2020,10,"TOUT",744,743
"NE",2020,11,"TOUT",720,680
"NE",2020,12,"TOUT",744,741
"NE",2020,1,"WSR",744,741
"NE",2020,2,"WSR",696,695
"NE",2020,3,"WSR",744,742
"NE",2020,4,"WSR",720,348
"NE",2020,5,"WSR",744,0
"NE",2020,6,"WSR",720,0
"NE",2020,7,"WSR",744,681
"NE",2020,8,"WSR",744,742
"NE",2020,9,"WSR",720,628
"NE",2020,10,"WSR",744,3
"NE",2020,11,"WSR",720,11
"NE",2020,12,"WSR",744,7
"NE",2020,1,"WDR",744,128
"NE",2020,2,"WDR",696,310
"NE",2020,3,"WDR",744,724
"NE",2020,4,"WDR",720,183
"NE",2020,5,"WDR",744,1
"NE",2020,6,"WDR",720,0
"NE",2020,7,"WDR",744,681
"NE",2020,8,"WDR",744,738
"NE",2020,9,"WDR",720,705
"NE",2020,10,"WDR",744,687
"NE",2020,11,"WDR",720,631
"NE",2020,12,"WDR",744,688
"NE2",2020,1,"CO",744,741
"NE2",2020,2,"CO",696,694
"NE2",2020,3,"CO",744,588
"NE2",2020,4,"CO",720,0
"NE2",2020,5,"CO",744,0
"NE2",2020,6,"CO",720,0
"NE2",2020,7,"CO",744,420
"NE2",2020,8,"CO",744,737
"NE2",2020,9,"CO",720,624
"NE2",2020,10,"CO",744,738
"NE2",2020,11,"CO",720,636
"NE2",2020,12,"CO",744,742
"NE2",2020,1,"NO",744,0
"NE2",2020,2,"NO",696,170
"NE2",2020,3,"NO",744,0
"NE2",2020,4,"NO",720,0
"NE2",2020,5,"NO",744,0
"NE2",2020,6,"NO",720,0
"NE2",2020,7,"NO",744,5
"NE2",2020,8,"NO",744,0
"NE2",2020,9,"NO",720,0
"NE2",2020,10,"NO",744,0
"NE2",2020,11,"NO",720,0
"NE2",2020,12,"NO",744,0
"NE2",2020,1,"NO2",744,17
"NE2",2020,2,"NO2",696,170
"NE2",2020,3,"NO2",744,0
"NE2",2020,4,"NO2",720,5
"NE2",2020,5,"NO2",744,0
"NE2",2020,6,"NO2",720,0
"NE2",2020,7,"NO2",744,5
"NE2",2020,8,"NO2",744,0
"NE2",2020,9,"NO2",720,0
"NE2",2020,10,"NO2",744,0
"NE2",2020,11,"NO2",720,0
"NE2",2020,12,"NO2",744,0
"NE2",2020,1,"NOX",744,41
"NE2",2020,2,"NOX",696,170
"NE2",2020,3,"NOX",744,0
"NE2",2020,4,"NOX",720,6
"NE2",2020,5,"NOX",744,0
"NE2",2020,6,"NOX",720,0
"NE2",2020,7,"NOX",744,358
"NE2",2020,8,"NOX",744,0
"NE2",2020,9,"NOX",720,0
"NE2",2020,10,"NOX",744,0
"NE2",2020,11,"NOX",720,0
"NE2",2020,12,"NOX",744,0
"NE2",2020,1,"O3",744,0
"NE2",2020,2,"O3",696,558
"NE2",2020,3,"O3",744,397
"NE2",2020,4,"O3",720,0
"NE2",2020,5,"O3",744,0
"NE2",2020,6,"O3",720,0
"NE2",2020,7,"O3",744,0
"NE2",2020,8,"O3",744,0
"NE2",2020,9,"O3",720,0
"NE2",2020,10,"O3",744,1
"NE2",2020,11,"O3",720,0
"NE2",2020,12,"O3",744,0
"NE2",2020,1,"PM10",744,713
"NE2",2020,2,"PM10",696,686
"NE2",2020,3,"PM10",744,735
"NE2",2020,4,"PM10",720,616
"NE2",2020,5,"PM10",744,742
"NE2",2020,6,"PM10",720,703
"NE2",2020,7,"PM10",744,624
"NE2",2020,8,"PM10",744,666
"NE2",2020,9,"PM10",720,537
"NE2",2020,10,"PM10",744,600
"NE2",2020,11,"PM10",720,636
"NE2",2020,12,"PM10",744,741
"NE2",2020,1,"PM2.5",744,643
"NE2",2020,2,"PM2.5",696,646
"NE2",2020,3,"PM2.5",744,505
"NE2",2020,4,"PM2.5",720,260
"NE2",2020,5,"PM2.5",744,567
"NE2",2020,6,"PM2.5",720,421
"NE2",2020,7,"PM2.5",744,324
"NE2",2020,8,"PM2.5",744,506
"NE2",2020,9,"PM2.5",720,286
"NE2",2020,10,"PM2.5",744,632
"NE2",2020,11,"PM2.5",720,549
"NE2",2020,12,"PM2.5",744,664
"NE2",2020,1,"PRS",744,739
"NE2",2020,2,"PRS",696,695
"NE2",2020,3,"PRS",744,743
"NE2",2020,4,"PRS",720,718
"NE2",2020,5,"PRS",744,742
"NE2",2020,6,"PRS",720,716
"NE2",2020,7,"PRS",744,647
"NE2",2020,8,"PRS",744,736
"NE2",2020,9,"PRS",720,623
"NE2",2020,10,"PRS",744,738
"NE2",2020,11,"PRS",720,636
"NE2",2020,12,"PRS",744,742
"NE2",2020,1,"RAINF",744,741
"NE2",2020,2,"RAINF",696,695
"NE2",2020,3,"RAINF",744,743
"NE2",2020,4,"RAINF",720,718
"NE2",2020,5,"RAINF",744,742
"NE2",2020,6,"RAINF",720,716
"NE2",2020,7,"RAINF",744,648
"NE2",2020,8,"RAINF",744,737
"NE2",2020,9,"RAINF",720,624
"NE2",2020,10,"RAINF",744,738
"NE2",2020,11,"RAINF",720,636
"NE2",2020,12,"RAINF",744,742
"NE2",2020,1,"RH",744,739
"NE2",2020,2,"RH",696,695
"NE2",2020,3,"RH",744,743
"NE2",2020,4,"RH",720,718
"NE2",2020,5,"RH",744,742
"NE2",2020,6,"RH",720,716
"NE2",2020,7,"RH",744,648
"NE2",2020,8,"RH",744,737
"NE2",2020,9,"RH",720,624
"NE2",2020,10,"RH",744,738
"NE2",2020,11,"RH",720,636
"NE2",2020,12,"RH",744,742
"NE2",2020,1,"SO2",744,0
"NE2",2020,2,"SO2",696,541
"NE2",2020,3,"SO2",744,396
"NE2",2020,4,"SO2",720,0
"NE2",2020,5,"SO2",744,0
"NE2",2020,6,"SO2",720,0
"NE2",2020,7,"SO2",744,463
"NE2",2020,8,"SO2",744,721
"NE2",2020,9,"SO2",720,579
"NE2",2020,10,"SO2",744,737
"NE2",2020,11,"SO2",720,636
"NE2",2020,12,"SO2",744,741
"NE2",2020,1,"SR",744,742
"NE2",2020,2,"SR",696,696
"NE2",2020,3,"SR",744,744
"NE2",2020,4,"SR",720,719
"NE2",2020,5,"SR",744,743
"NE2",2020,6,"SR",720,717
"NE2",2020,7,"SR",744,728
"NE2",2020,8,"SR",744,739
"NE2",2020,9,"SR",720,707
"NE2",2020,10,"SR",744,743
"NE2",2020,11,"SR",720,677
"NE2",2020,12,"SR",744,743
"NE2",2020,1,"TOUT",744,741
"NE2",2020,2,"TOUT",696,695
"NE2",2020,3,"TOUT",744,743
"NE2",2020,4,"TOUT",720,718
"NE2",2020,5,"TOUT",744,742
"NE2",2020,6,"TOUT",720,715
"NE2",2020,7,"TOUT",744,648
"NE2",2020,8,"TOUT",744,737
"NE2",2020,9,"TOUT",720,624
"NE2",2020,10,"TOUT",744,738
"NE2",2020,11,"TOUT",720,636
"NE2",2020,12,"TOUT",744,742
"NE2",2020,1,"WSR",744,672
"NE2",2020,2,"WSR",696,621
"NE2",2020,3,"WSR",744,642
"NE2",2020,4,"WSR",720,624
"NE2",2020,5,"WSR",744,683
"NE2",2020,6,"WSR",720,627
"NE2",2020,7,"WSR",744,548
"NE2",2020,8,"WSR",744,492
"NE2",2020,9,"WSR",720,267
"NE2",2020,10,"WSR",744,0
"NE2",2020,11,"WSR",720,12
"NE2",2020,12,"WSR",744,0
"NE2",2020,1,"WDR",744,0
"NE2",2020,2,"WDR",696,548
"NE2",2020,3,"WDR",744,740
"NE2",2020,4,"WDR",720,716
"NE2",2020,5,"WDR",744,742
"NE2",2020,6,"WDR",720,715
"NE2",2020,7,"WDR",744,647
"NE2",2020,8,"WDR",744,735
"NE2",2020,9,"WDR",720,624
"NE2",2020,10,"WDR",744,738
"NE2",2020,11,"WDR",720,636
"NE2",2020,12,"WDR",744,742
"NO",2020,1,"CO",744,0
"NO",2020,2,"CO",696,0
"NO",2020,3,"CO",744,0
"NO",2020,4,"CO",720,0
"NO",2020,5,"CO",744,0
"NO",2020,6,"CO",720,0
"NO",2020,7,"CO",744,0
"NO",2020,8,"CO",744,0
"NO",2020,9,"CO",720,0
"NO",2020,10,"CO",744,130
"NO",2020,11,"CO",720,307
"NO",2020,12,"CO",744,8
"NO",2020,1,"NO",744,320
"NO",2020,2,"NO",696,142
"NO",2020,3,"NO",744,247
"NO",2020,4,"NO",720,125
"NO",2020,5,"NO",744,0
"NO",2020,6,"NO",720,36
"NO",2020,7,"NO",744,253
"NO",2020,8,"NO",744,407
"NO",2020,9,"NO",720,532
"NO",2020,10,"NO",744,349
"NO",2020,11,"NO",720,602
"NO",2020,12,"NO",744,570
"NO",2020,1,"NO2",744,0
"NO",2020,2,"NO2",696,0
"NO",2020,3,"NO2",744,0
"NO",2020,4,"NO2",720,0
"NO",2020,5,"NO2",744,0
"NO",2020,6,"NO2",720,0
"NO",2020,7,"NO2",744,9
"NO",2020,8,"NO2",744,0
"NO",2020,9,"NO2",720,2
"NO",2020,10,"NO2",744,57
"NO",2020,11,"NO2",720,508
"NO",2020,12,"NO2",744,536
"NO",2020,1,"NOX",744,0
"NO",2020,2,"NOX",696,0
"NO",2020,3,"NOX",744,0
"NO",2020,4,"NOX",720,0
"NO",2020,5,"NOX",744,0
"NO",2020,6,"NOX",720,0
"NO",2020,7,"NOX",744,4
"NO",2020,8,"NOX",744,0
"NO",2020,9,"NOX",720,5
"NO",2020,10,"NOX",744,71
"NO",2020,11,"NOX",720,590
"NO",2020,12,"NOX",744,593
"NO",2020,1,"O3",744,0
"NO",2020,2,"O3",696,0
"NO",2020,3,"O3",744,0
"NO",2020,4,"O3",720,0
"NO",2020,5,"O3",744,0
"NO",2020,6,"O3",720,2
"NO",2020,7,"O3",744,22
"NO",2020,8,"O3",744,8
"NO",2020,9,"O3",720,85
"NO",2020,10,"O3",744,20
"NO",2020,11,"O3",720,0
"NO",2020,12,"O3",744,0
"NO",2020,1,"PM10",744,689
"NO",2020,2,"PM10",696,609
"NO",2020,3,"PM10",744,741
"NO",2020,4,"PM10",720,714
"NO",2020,5,"PM10",744,739
"NO",2020,6,"PM10",720,708
"NO",2020,7,"PM10",744,740
"NO",2020,8,"PM10",744,743
"NO",2020,9,"PM10",720,684
"NO",2020,10,"PM10",744,719
"NO",2020,11,"PM10",720,670
"NO",2020,12,"PM10",744,724
"NO",2020,1,"PM2.5",744,702
"NO",2020,2,"PM2.5",696,605
"NO",2020,3,"PM2.5",744,738
"NO",2020,4,"PM2.5",720,713
"NO",2020,5,"PM2.5",744,739
"NO",2020,6,"PM2.5",720,708
"NO",2020,7,"PM2.5",744,734
"NO",2020,8,"PM2.5",744,743
"NO",2020,9,"PM2.5",720,684
"NO",2020,10,"PM2.5",744,719
"NO",2020,11,"PM2.5",720,670
"NO",2020,12,"PM2.5",744,722
"NO",2020,1,"PRS",744,728
"NO",2020,2,"PRS",696,645
"NO",2020,3,"PRS",744,742
"NO",2020,4,"PRS",720,718
"NO",2020,5,"PRS",744,742
"NO",2020,6,"PRS",720,711
"NO",2020,7,"PRS",744,742
"NO",2020,8,"PRS",744,743
"NO",2020,9,"PRS",720,698
"NO",2020,10,"PRS",744,743
"NO",2020,11,"PRS",720,719
"NO",2020,12,"PRS",744,729
"NO",2020,1,"RAINF",744,729
"NO",2020,2,"RAINF",696,645
"NO",2020,3,"RAINF",744,742
"NO",2020,4,"RAINF",720,718
"NO",2020,5,"RAINF",744,742
"NO",2020,6,"RAINF",720,712
"NO",2020,7,"RAINF",744,741
"NO",2020,8,"RAINF",744,743
"NO",2020,9,"RAINF",720,699
"NO",2020,10,"RAINF",744,743
"NO",2020,11,"RAINF",720,719
"NO",2020,12,"RAINF",744,731
"NO",2020,1,"RH",744,728
"NO",2020,2,"RH",696,644
"NO",2020,3,"RH",744,742
"NO",2020,4,"RH",720,718
"NO",2020,5,"RH",744,742
"NO",2020,6,"RH",720,712
"NO",2020,7,"RH",744,742
"NO",2020,8,"RH",744,743
"NO",2020,9,"RH",720,699
"NO",2020,10,"RH",744,743
"NO",2020,11,"RH",720,719
"NO",2020,12,"RH",744,731
"NO",2020,1,"SO2",744,0
"NO",2020,2,"SO2",696,0
"NO",2020,3,"SO2",744,0
"NO",2020,4,"SO2",720,0
"NO",2020,5,"SO2",744,0
"NO",2020,6,"SO2",720,3
"NO",2020,7,"SO2",744,224
"NO",2020,8,"SO2",744,246
"NO",2020,9,"SO2",720,203
"NO",2020,10,"SO2",744,131
"NO",2020,11,"SO2",720,713
"NO",2020,12,"SO2",744,730
"NO",2020,1,"SR",744,730
"NO",2020,2,"SR",696,649
"NO",2020,3,"SR",744,742
"NO",2020,4,"SR",720,718
"NO",2020,5,"SR",744,742
"NO",2020,6,"SR",720,712
"NO",2020,7,"SR",744,742
"NO",2020,8,"SR",744,743
"NO",2020,9,"SR",720,700
"NO",2020,10,"SR",744,743
"NO",2020,11,"SR",720,719
"NO",2020,12,"SR",744,731
"NO",2020,1,"TOUT",744,729
"NO",2020,2,"TOUT",696,646
"NO",2020,3,"TOUT",744,742
"NO",2020,4,"TOUT",720,718
"NO",2020,5,"TOUT",744,742
"NO",2020,6,"TOUT",720,712
"NO",2020,7,"TOUT",744,742
"NO",2020,8,"TOUT",744,743
"NO",2020,9,"TOUT",720,699
"NO",2020,10,"TOUT",744,743
"NO",2020,11,"TOUT",720,719
"NO",2020,12,"TOUT",744,731
"NO",2020,1,"WSR",744,729
"NO",2020,2,"WSR",696,645
"NO",2020,3,"WSR",744,742
"NO",2020,4,"WSR",720,718
"NO",2020,5,"WSR",744,742
"NO",2020,6,"WSR",720,712
"NO",2020,7,"WSR",744,731
"NO",2020,8,"WSR",744,733
"NO",2020,9,"WSR",720,634
"NO",2020,10,"WSR",744,712
"NO",2020,11,"WSR",720,653
"NO",2020,12,"WSR",744,643
"NO",2020,1,"WDR",744,7
"NO",2020,2,"WDR",696,0
"NO",2020,3,"WDR",744,62
"NO",2020,4,"WDR",720,367
"NO",2020,5,"WDR",744,439
"NO",2020,6,"WDR",720,430
"NO",2020,7,"WDR",744,556
"NO",2020,8,"WDR",744,743
"NO",2020,9,"WDR",720,699
"NO",2020,10,"WDR",744,743
"NO",2020,11,"WDR",720,719
"NO",2020,12,"WDR",744,731
"NO2",2020,1,"CO",744,741
"NO2",2020,2,"CO",696,691
"NO2",2020,3,"CO",744,732
"NO2",2020,4,"CO",720,712
"NO2",2020,5,"CO",744,742
"NO2",2020,6,"CO",720,714
"NO2",2020,7,"CO",744,739
"NO2",2020,8,"CO",744,721
"NO2",2020,9,"CO",720,717
"NO2",2020,10,"CO",744,729
"NO2",2020,11,"CO",720,694
"NO2",2020,12,"CO",744,736
"NO2",2020,1,"NO",744,38
"NO2",2020,2,"NO",696,602
"NO2",2020,3,"NO",744,722
"NO2",2020,4,"NO",720,660
"NO2",2020,5,"NO",744,741
"NO2",2020,6,"NO",720,711
"NO2",2020,7,"NO",744,739
"NO2",2020,8,"NO",744,718
"NO2",2020,9,"NO",720,715
"NO2",2020,10,"NO",744,702
"NO2",2020,11,"NO",720,646
"NO2",2020,12,"NO",744,736
"NO2",2020,1,"NO2",744,36
"NO2",2020,2,"NO2",696,414
"NO2",2020,3,"NO2",744,669
"NO2",2020,4,"NO2",720,355
"NO2",2020,5,"NO2",744,487
"NO2",2020,6,"NO2",720,519
"NO2",2020,7,"NO2",744,489
"NO2",2020,8,"NO2",744,505
"NO2",2020,9,"NO2",720,525
"NO2",2020,10,"NO2",744,447
"NO2",2020,11,"NO2",720,407
"NO2",2020,12,"NO2",744,427
"NO2",2020,1,"NOX",744,38
"NO2",2020,2,"NOX",696,610
"NO2",2020,3,"NOX",744,722
"NO2",2020,4,"NOX",720,659
"NO2",2020,5,"NOX",744,742
"NO2",2020,6,"NOX",720,712
"NO2",2020,7,"NOX",744,739
"NO2",2020,8,"NOX",744,717
"NO2",2020,9,"NOX",720,713
"NO2",2020,10,"NOX",744,701
"NO2",2020,11,"NOX",720,645
"NO2",2020,12,"NOX",744,736
"NO2",2020,1,"O3",744,16
"NO2",2020,2,"O3",696,466
"NO2",2020,3,"O3",744,729
"NO2",2020,4,"O3",720,713
"NO2",2020,5,"O3",744,742
"NO2",2020,6,"O3",720,701
"NO2",2020,7,"O3",744,471
"NO2",2020,8,"O3",744,432
"NO2",2020,9,"O3",720,589
"NO2",2020,10,"O3",744,720
"NO2",2020,11,"O3",720,691
"NO2",2020,12,"O3",744,722
"NO2",2020,1,"PM10",744,735
"NO2",2020,2,"PM10",696,670
"NO2",2020,3,"PM10",744,691
"NO2",2020,4,"PM10",720,707
"NO2",2020,5,"PM10",744,741
"NO2",2020,6,"PM10",720,705
"NO2",2020,7,"PM10",744,730
"NO2",2020,8,"PM10",744,708
"NO2",2020,9,"PM10",720,702
"NO2",2020,10,"PM10",744,709
"NO2",2020,11,"PM10",720,691
"NO2",2020,12,"PM10",744,734
"NO2",2020,1,"PM2.5",744,680
"NO2",2020,2,"PM2.5",696,521
"NO2",2020,3,"PM2.5",744,626
"NO2",2020,4,"PM2.5",720,523
"NO2",2020,5,"PM2.5",744,721
"NO2",2020,6,"PM2.5",720,673
"NO2",2020,7,"PM2.5",744,727
"NO2",2020,8,"PM2.5",744,706
"NO2",2020,9,"PM2.5",720,578
"NO2",2020,10,"PM2.5",744,698
"NO2",2020,11,"PM2.5",720,485
"NO2",2020,12,"PM2.5",744,400
"NO2",2020,1,"PRS",744,741
"NO2",2020,2,"PRS",696,690
"NO2",2020,3,"PRS",744,731
"NO2",2020,4,"PRS",720,711
"NO2",2020,5,"PRS",744,742
"NO2",2020,6,"PRS",720,714
"NO2",2020,7,"PRS",744,739
"NO2",2020,8,"PRS",744,720
"NO2",2020,9,"PRS",720,716
"NO2",2020,10,"PRS",744,729
"NO2",2020,11,"PRS",720,693
"NO2",2020,12,"PRS",744,734
"NO2",2020,1,"RAINF",744,741
"NO2",2020,2,"RAINF",696,691
"NO2",2020,3,"RAINF",744,732
"NO2",2020,4,"RAINF",720,714
"NO2",2020,5,"RAINF",744,742
"NO2",2020,6,"RAINF",720,714
"NO2",2020,7,"RAINF",744,739
"NO2",2020,8,"RAINF",744,720
"NO2",2020,9,"RAINF",720,717
"NO2",2020,10,"RAINF",744,729
"NO2",2020,11,"RAINF",720,693
"NO2",2020,12,"RAINF",744,736
"NO2",2020,1,"RH",744,736
"NO2",2020,2,"RH",696,675
"NO2",2020,3,"RH",744,725
"NO2",2020,4,"RH",720,703
"NO2",2020,5,"RH",744,742
"NO2",2020,6,"RH",720,714
"NO2",2020,7,"RH",744,739
"NO2",2020,8,"RH",744,720
"NO2",2020,9,"RH",720,717
"NO2",2020,10,"RH",744,729
"NO2",2020,11,"RH",720,693
"NO2",2020,12,"RH",744,736
"NO2",2020,1,"SO2",744,0
"NO2",2020,2,"SO2",696,436
"NO2",2020,3,"SO2",744,691
"NO2",2020,4,"SO2",720,682
"NO2",2020,5,"SO2",744,726
"NO2",2020,6,"SO2",720,689
"NO2",2020,7,"SO2",744,711
"NO2",2020,8,"SO2",744,703
"NO2",2020,9,"SO2",720,701
"NO2",2020,10,"SO2",744,720
"NO2",2020,11,"SO2",720,673
"NO2",2020,12,"SO2",744,719
"NO2",2020,1,"SR",744,742
"NO2",2020,2,"SR",696,692
"NO2",2020,3,"SR",744,743
"NO2",2020,4,"SR",720,714
"NO2",2020,5,"SR",744,742
"NO2",2020,6,"SR",720,716
"NO2",2020,7,"SR",744,743
"NO2",2020,8,"SR",744,731
"NO2",2020,9,"SR",720,719
"NO2",2020,10,"SR",744,743
"NO2",2020,11,"SR",720,716
"NO2",2020,12,"SR",744,742
"NO2",2020,1,"TOUT",744,741
"NO2",2020,2,"TOUT",696,691
"NO2",2020,3,"TOUT",744,732
"NO2",2020,4,"TOUT",720,714
"NO2",2020,5,"TOUT",744,742
"NO2",2020,6,"TOUT",720,714
"NO2",2020,7,"TOUT",744,739
"NO2",2020,8,"TOUT",744,720
"NO2",2020,9,"TOUT",720,716
"NO2",2020,10,"TOUT",744,729
"NO2",2020,11,"TOUT",720,693
"NO2",2020,12,"TOUT",744,736
"NO2",2020,1,"WSR",744,729
"NO2",2020,2,"WSR",696,670
"NO2",2020,3,"WSR",744,726
"NO2",2020,4,"WSR",720,714
"NO2",2020,5,"WSR",744,721
"NO2",2020,6,"WSR",720,701
"NO2",2020,7,"WSR",744,720
"NO2",2020,8,"WSR",744,661
"NO2",2020,9,"WSR",720,607
"NO2",2020,10,"WSR",744,572
"NO2",2020,11,"WSR",720,616
"NO2",2020,12,"WSR",744,558
"NO2",2020,1,"WDR",744,740
"NO2",2020,2,"WDR",696,691
"NO2",2020,3,"WDR",744,732
"NO2",2020,4,"WDR",720,714
"NO2",2020,5,"WDR",744,741
"NO2",2020,6,"WDR",720,713
"NO2",2020,7,"WDR",744,737
"NO2",2020,8,"WDR",744,433
"NO2",2020,9,"WDR",720,509
"NO2",2020,10,"WDR",744,319
"NO2",2020,11,"WDR",720,305
"NO2",2020,12,"WDR",744,416
"NTE",2020,1,"CO",744,55
"NTE",2020,2,"CO",696,10
"NTE",2020,3,"CO",744,0
"NTE",2020,4,"CO",720,0
"NTE",2020,5,"CO",744,0
"NTE",2020,6,"CO",720,0
"NTE",2020,7,"CO",744,0
"NTE",2020,8,"CO",744,0
"NTE",2020,9,"CO",720,0
"NTE",2020,10,"CO",744,0
"NTE",2020,11,"CO",720,0
"NTE",2020,12,"CO",744,0
"NTE",2020,1,"NO",744,0
"NTE",2020,2,"NO",696,0
"NTE",2020,3,"NO",744,0
"NTE",2020,4,"NO",720,0
"NTE",2020,5,"NO",744,0
"NTE",2020,6,"NO",720,0
"NTE",2020,7,"NO",744,0
"NTE",2020,8,"NO",744,0
"NTE",2020,9,"NO",720,0
"NTE",2020,10,"NO",744,0
"NTE",2020,11,"NO",720,0
"NTE",2020,12,"NO",744,0
"NTE",2020,1,"NO2",744,0
"NTE",2020,2,"NO2",696,0
"NTE",2020,3,"NO2",744,0
"NTE",2020,4,"NO2",720,0
"NTE",2020,5,"NO2",744,0
"NTE",2020,6,"NO2",720,0
"NTE",2020,7,"NO2",744,0
"NTE",2020,8,"NO2",744,0
"NTE",2020,9,"NO2",720,0
"NTE",2020,10,"NO2",744,0
"NTE",2020,11,"NO2",720,0
"NTE",2020,12,"NO2",744,0
"NTE",2020,1,"NOX",744,0
"NTE",2020,2,"NOX",696,0
"NTE",2020,3,"NOX",744,0
"NTE",2020,4,"NOX",720,0
"NTE",2020,5,"NOX",744,0
"NTE",2020,6,"NOX",720,0
"NTE",2020,7,"NOX",744,0
"NTE",2020,8,"NOX",744,0
"NTE",2020,9,"NOX",720,0
"NTE",2020,10,"NOX",744,0
"NTE",2020,11,"NOX",720,0
"NTE",2020,12,"NOX",744,0
"NTE",2020,1,"O3",744,1
"NTE",2020,2,"O3",696,0
"NTE",2020,3,"O3",744,0
"NTE",2020,4,"O3",720,0
"NTE",2020,5,"O3",744,0
"NTE",2020,6,"O3",720,0
"NTE",2020,7,"O3",744,0
"NTE",2020,8,"O3",744,0
"NTE",2020,9,"O3",720,0
"NTE",2020,10,"O3",744,0
"NTE",2020,11,"O3",720,0
"NTE",2020,12,"O3",744,0
"NTE",2020,1,"PM10",744,719
"NTE",2020,2,"PM10",696,484
"NTE",2020,3,"PM10",744,733
"NTE",2020,4,"PM10",720,713
"NTE",2020,5,"PM10",744,731
"NTE",2020,6,"PM10",720,609
"NTE",2020,7,"PM10",744,575
"NTE",2020,8,"PM10",744,0
"NTE",2020,9,"PM10",720,0
"NTE",2020,10,"PM10",744,485
"NTE",2020,11,"PM10",720,716
"NTE",2020,12,"PM10",744,735
"NTE",2020,1,"PM2.5",744,631
"NTE",2020,2,"PM2.5",696,405
"NTE",2020,3,"PM2.5",744,711
"NTE",2020,4,"PM2.5",720,624
"NTE",2020,5,"PM2.5",744,721
"NTE",2020,6,"PM2.5",720,579
"NTE",2020,7,"PM2.5",744,451
"NTE",2020,8,"PM2.5",744,0
"NTE",2020,9,"PM2.5",720,0
"NTE",2020,10,"PM2.5",744,394
"NTE",2020,11,"PM2.5",720,675
"NTE",2020,12,"PM2.5",744,696
"NTE",2020,1,"PRS",744,740
"NTE",2020,2,"PRS",696,134
"NTE",2020,3,"PRS",744,0
"NTE",2020,4,"PRS",720,0
"NTE",2020,5,"PRS",744,0
"NTE",2020,6,"PRS",720,0
"NTE",2020,7,"PRS",744,0
"NTE",2020,8,"PRS",744,0
"NTE",2020,9,"PRS",720,0
"NTE",2020,10,"PRS",744,0
"NTE",2020,11,"PRS",720,0
"NTE",2020,12,"PRS",744,0
"NTE",2020,1,"RAINF",744,740
"NTE",2020,2,"RAINF",696,493
"NTE",2020,3,"RAINF",744,743
"NTE",2020,4,"RAINF",720,703
"NTE",2020,5,"RAINF",744,0
"NTE",2020,6,"RAINF",720,0
"NTE",2020,7,"RAINF",744,0
"NTE",2020,8,"RAINF",744,0
"NTE",2020,9,"RAINF",720,0
"NTE",2020,10,"RAINF",744,0
"NTE",2020,11,"RAINF",720,0
"NTE",2020,12,"RAINF",744,0
"NTE",2020,1,"RH",744,738
"NTE",2020,2,"RH",696,135
"NTE",2020,3,"RH",744,17
"NTE",2020,4,"RH",720,323
"NTE",2020,5,"RH",744,0
"NTE",2020,6,"RH",720,0
"NTE",2020,7,"RH",744,0
"NTE",2020,8,"RH",744,0
"NTE",2020,9,"RH",720,0
"NTE",2020,10,"RH",744,0
"NTE",2020,11,"RH",720,0
"NTE",2020,12,"RH",744,0
"NTE",2020,1,"SO2",744,22
"NTE",2020,2,"SO2",696,0
"NTE",2020,3,"SO2",744,0
"NTE",2020,4,"SO2",720,0
"NTE",2020,5,"SO2",744,0
"NTE",2020,6,"SO2",720,0
"NTE",2020,7,"SO2",744,0
"NTE",2020,8,"SO2",744,0
"NTE",2020,9,"SO2",720,0
"NTE",2020,10,"SO2",744,0
"NTE",2020,11,"SO2",720,0
"NTE",2020,12,"SO2",744,0
"NTE",2020,1,"SR",744,742
"NTE",2020,2,"SR",696,668
"NTE",2020,3,"SR",744,734
"NTE",2020,4,"SR",720,716
"NTE",2020,5,"SR",744,738
"NTE",2020,6,"SR",720,541
"NTE",2020,7,"SR",744,682
"NTE",2020,8,"SR",744,744
"NTE",2020,9,"SR",720,720
"NTE",2020,10,"SR",744,591
"NTE",2020,11,"SR",720,605
"NTE",2020,12,"SR",744,668
"NTE",2020,1,"TOUT",744,740
"NTE",2020,2,"TOUT",696,135
"NTE",2020,3,"TOUT",744,4
"NTE",2020,4,"TOUT",720,422
"NTE",2020,5,"TOUT",744,0
"NTE",2020,6,"TOUT",720,0
"NTE",2020,7,"TOUT",744,0
"NTE",2020,8,"TOUT",744,0
"NTE",2020,9,"TOUT",720,0
"NTE",2020,10,"TOUT",744,0
"NTE",2020,11,"TOUT",720,0
"NTE",2020,12,"TOUT",744,0
"NTE",2020,1,"WSR",744,490
"NTE",2020,2,"WSR",696,308
"NTE",2020,3,"WSR",744,653
"NTE",2020,4,"WSR",720,693
"NTE",2020,5,"WSR",744,0
"NTE",2020,6,"WSR",720,0
"NTE",2020,7,"WSR",744,0
"NTE",2020,8,"WSR",744,0
"NTE",2020,9,"WSR",720,0
"NTE",2020,10,"WSR",744,0
"NTE",2020,11,"WSR",720,0
"NTE",2020,12,"WSR",744,0
"NTE",2020,1,"WDR",744,739
"NTE",2020,2,"WDR",696,135
"NTE",2020,3,"WDR",744,78
"NTE",2020,4,"WDR",720,546
"NTE",2020,5,"WDR",744,0
"NTE",2020,6,"WDR",720,0
"NTE",2020,7,"WDR",744,0
"NTE",2020,8,"WDR",744,0
"NTE",2020,9,"WDR",720,0
"NTE",2020,10,"WDR",744,0
"NTE",2020,11,"WDR",720,0
"NTE",2020,12,"WDR",744,0
"NTE2",2020,1,"CO",744,736
"NTE2",2020,2,"CO",696,694
"NTE2",2020,3,"CO",744,540
"NTE2",2020,4,"CO",720,358
"NTE2",2020,5,"CO",744,0
"NTE2",2020,6,"CO",720,0
"NTE2",2020,7,"CO",744,704
"NTE2",2020,8,"CO",744,741
"NTE2",2020,9,"CO",720,718
"NTE2",2020,10,"CO",744,738
"NTE2",2020,11,"CO",720,718
"NTE2",2020,12,"CO",744,725
"NTE2",2020,1,"NO",744,432
"NTE2",2020,2,"NO",696,681
"NTE2",2020,3,"NO",744,525
"NTE2",2020,4,"NO",720,187
"NTE2",2020,5,"NO",744,104
"NTE2",2020,6,"NO",720,104
"NTE2",2020,7,"NO",744,11
"NTE2",2020,8,"NO",744,13
"NTE2",2020,9,"NO",720,0
"NTE2",2020,10,"NO",744,8
"NTE2",2020,11,"NO",720,0
"NTE2",2020,12,"NO",744,0
"NTE2",2020,1,"NO2",744,177
"NTE2",2020,2,"NO2",696,686
"NTE2",2020,3,"NO2",744,526
"NTE2",2020,4,"NO2",720,209
"NTE2",2020,5,"NO2",744,0
"NTE2",2020,6,"NO2",720,0
"NTE2",2020,7,"NO2",744,0
"NTE2",2020,8,"NO2",744,0
"NTE2",2020,9,"NO2",720,0
"NTE2",2020,10,"NO2",744,0
"NTE2",2020,11,"NO2",720,0
"NTE2",2020,12,"NO2",744,0
"NTE2",2020,1,"NOX",744,178
"NTE2",2020,2,"NOX",696,687
"NTE2",2020,3,"NOX",744,526
"NTE2",2020,4,"NOX",720,209
"NTE2",2020,5,"NOX",744,0
"NTE2",2020,6,"NOX",720,0
"NTE2",2020,7,"NOX",744,0
"NTE2",2020,8,"NOX",744,0
"NTE2",2020,9,"NOX",720,0
"NTE2",2020,10,"NOX",744,0
"NTE2",2020,11,"NOX",720,0
"NTE2",2020,12,"NOX",744,0
"NTE2",2020,1,"O3",744,21
"NTE2",2020,2,"O3",696,177
"NTE2",2020,3,"O3",744,52
"NTE2",2020,4,"O3",720,334
"NTE2",2020,5,"O3",744,0
"NTE2",2020,6,"O3",720,0
"NTE2",2020,7,"O3",744,1
"NTE2",2020,8,"O3",744,0
"NTE2",2020,9,"O3",720,0
"NTE2",2020,10,"O3",744,0
"NTE2",2020,11,"O3",720,0
"NTE2",2020,12,"O3",744,0
"NTE2",2020,1,"PM10",744,741
"NTE2",2020,2,"PM10",696,679
"NTE2",2020,3,"PM10",744,715
"NTE2",2020,4,"PM10",720,595
"NTE2",2020,5,"PM10",744,725
"NTE2",2020,6,"PM10",720,619
"NTE2",2020,7,"PM10",744,736
"NTE2",2020,8,"PM10",744,665
"NTE2",2020,9,"PM10",720,479
"NTE2",2020,10,"PM10",744,725
"NTE2",2020,11,"PM10",720,639
"NTE2",2020,12,"PM10",744,722
"NTE2",2020,1,"PM2.5",744,597
"NTE2",2020,2,"PM2.5",696,623
"NTE2",2020,3,"PM2.5",744,575
"NTE2",2020,4,"PM2.5",720,183
"NTE2",2020,5,"PM2.5",744,482
"NTE2",2020,6,"PM2.5",720,502
"NTE2",2020,7,"PM2.5",744,121
"NTE2",2020,8,"PM2.5",744,0
"NTE2",2020,9,"PM2.5",720,573
"NTE2",2020,10,"PM2.5",744,49
"NTE2",2020,11,"PM2.5",720,629
"NTE2",2020,12,"PM2.5",744,663
"NTE2",2020,1,"PRS",744,740
"NTE2",2020,2,"PRS",696,693
"NTE2",2020,3,"PRS",744,719
"NTE2",2020,4,"PRS",720,636
"NTE2",2020,5,"PRS",744,731
"NTE2",2020,6,"PRS",720,715
"NTE2",2020,7,"PRS",744,743
"NTE2",2020,8,"PRS",744,741
"NTE2",2020,9,"PRS",720,718
"NTE2",2020,10,"PRS",744,736
"NTE2",2020,11,"PRS",720,718
"NTE2",2020,12,"PRS",744,724
"NTE2",2020,1,"RAINF",744,741
"NTE2",2020,2,"RAINF",696,694
"NTE2",2020,3,"RAINF",744,719
"NTE2",2020,4,"RAINF",720,636
"NTE2",2020,5,"RAINF",744,732
"NTE2",2020,6,"RAINF",720,715
"NTE2",2020,7,"RAINF",744,743
"NTE2",2020,8,"RAINF",744,741
"NTE2",2020,9,"RAINF",720,718
"NTE2",2020,10,"RAINF",744,737
"NTE2",2020,11,"RAINF",720,718
"NTE2",2020,12,"RAINF",744,725
"NTE2",2020,1,"RH",744,741
"NTE2",2020,2,"RH",696,694
"NTE2",2020,3,"RH",744,719
"NTE2",2020,4,"RH",720,633
"NTE2",2020,5,"RH",744,732
"NTE2",2020,6,"RH",720,715
"NTE2",2020,7,"RH",744,742
"NTE2",2020,8,"RH",744,741
"NTE2",2020,9,"RH",720,718
"NTE2",2020,10,"RH",744,737
"NTE2",2020,11,"RH",720,718
"NTE2",2020,12,"RH",744,725
"NTE2",2020,1,"SO2",744,741
"NTE2",2020,2,"SO2",696,694
"NTE2",2020,3,"SO2",744,540
"NTE2",2020,4,"SO2",720,241
"NTE2",2020,5,"SO2",744,0
"NTE2",2020,6,"SO2",720,0
"NTE2",2020,7,"SO2",744,49
"NTE2",2020,8,"SO2",744,65
"NTE2",2020,9,"SO2",720,188
"NTE2",2020,10,"SO2",744,85
"NTE2",2020,11,"SO2",720,52
"NTE2",2020,12,"SO2",744,4
"NTE2",2020,1,"SR",744,742
"NTE2",2020,2,"SR",696,695
"NTE2",2020,3,"SR",744,721
"NTE2",2020,4,"SR",720,689
"NTE2",2020,5,"SR",744,734
"NTE2",2020,6,"SR",720,717
"NTE2",2020,7,"SR",744,743
"NTE2",2020,8,"SR",744,743
"NTE2",2020,9,"SR",720,719
"NTE2",2020,10,"SR",744,740
"NTE2",2020,11,"SR",720,720
"NTE2",2020,12,"SR",744,742
"NTE2",2020,1,"TOUT",744,741
"NTE2",2020,2,"TOUT",696,694
"NTE2",2020,3,"TOUT",744,719
"NTE2",2020,4,"TOUT",720,635
"NTE2",2020,5,"TOUT",744,732
"NTE2",2020,6,"TOUT",720,715
"NTE2",2020,7,"TOUT",744,743
"NTE2",2020,8,"TOUT",744,741
"NTE2",2020,9,"TOUT",720,718
"NTE2",2020,10,"TOUT",744,737
"NTE2",2020,11,"TOUT",720,718
"NTE2",2020,12,"TOUT",744,725
"NTE2",2020,1,"WSR",744,741
"NTE2",2020,2,"WSR",696,694
"NTE2",2020,3,"WSR",744,719
"NTE2",2020,4,"WSR",720,635
"NTE2",2020,5,"WSR",744,732
"NTE2",2020,6,"WSR",720,715
"NTE2",2020,7,"WSR",744,743
"NTE2",2020,8,"WSR",744,741
"NTE2",2020,9,"WSR",720,718
"NTE2",2020,10,"WSR",744,737
"NTE2",2020,11,"WSR",720,718
"NTE2",2020,12,"WSR",744,724
"NTE2",2020,1,"WDR",744,739
"NTE2",2020,2,"WDR",696,694
"NTE2",2020,3,"WDR",744,719
"NTE2",2020,4,"WDR",720,635
"NTE2",2020,5,"WDR",744,732
"NTE2",2020,6,"WDR",720,715
"NTE2",2020,7,"WDR",744,743
"NTE2",2020,8,"WDR",744,741
"NTE2",2020,9,"WDR",720,717
"NTE2",2020,10,"WDR",744,736
"NTE2",2020,11,"WDR",720,718
"NTE2",2020,12,"WDR",744,725
"SE",2020,1,"CO",744,740
"SE",2020,2,"CO",696,693
"SE",2020,3,"CO",744,741
"SE",2020,4,"CO",720,228
"SE",2020,5,"CO",744,727
"SE",2020,6,"CO",720,694
"SE",2020,7,"CO",744,695
"SE",2020,8,"CO",744,346
"SE",2020,9,"CO",720,665
"SE",2020,10,"CO",744,731
"SE",2020,11,"CO",720,714
"SE",2020,12,"CO",744,738
"SE",2020,1,"NO",744,0
"SE",2020,2,"NO",696,0
"SE",2020,3,"NO",744,0
"SE",2020,4,"NO",720,0
"SE",2020,5,"NO",744,0
"SE",2020,6,"NO",720,0
"SE",2020,7,"NO",744,0
"SE",2020,8,"NO",744,0
"SE",2020,9,"NO",720,0
"SE",2020,10,"NO",744,0
"SE",2020,11,"NO",720,0
"SE",2020,12,"NO",744,0
"SE",2020,1,"NO2",744,0
"SE",2020,2,"NO2",696,0
"SE",2020,3,"NO2",744,0
"SE",2020,4,"NO2",720,0
"SE",2020,5,"NO2",744,0
"SE",2020,6,"NO2",720,0
"SE",2020,7,"NO2",744,0
"SE",2020,8,"NO2",744,0
"SE",2020,9,"NO2",720,0
"SE",2020,10,"NO2",744,0
"SE",2020,11,"NO2",720,0
"SE",2020,12,"NO2",744,0
"SE",2020,1,"NOX",744,0
"SE",2020,2,"NOX",696,0
"SE",2020,3,"NOX",744,0
"SE",2020,4,"NOX",720,0
"SE",2020,5,"NOX",744,0
"SE",2020,6,"NOX",720,0
"SE",2020,7,"NOX",744,0
"SE",2020,8,"NOX",744,0
"SE",2020,9,"NOX",720,0
"SE",2020,10,"NOX",744,0
"SE",2020,11,"NOX",720,0
"SE",2020,12,"NOX",744,0
"SE",2020,1,"O3",744,685
"SE",2020,2,"O3",696,663
"SE",2020,3,"O3",744,737
"SE",2020,4,"O3",720,702
"SE",2020,5,"O3",744,723
"SE",2020,6,"O3",720,692
"SE",2020,7,"O3",744,691
"SE",2020,8,"O3",744,610
"SE",2020,9,"O3",720,488
"SE",2020,10,"O3",744,730
"SE",2020,11,"O3",720,711
"SE",2020,12,"O3",744,702
"SE",2020,1,"PM10",744,733
"SE",2020,2,"PM10",696,695
"SE",2020,3,"PM10",744,738
"SE",2020,4,"PM10",720,699
"SE",2020,5,"PM10",744,724
"SE",2020,6,"PM10",720,622
"SE",2020,7,"PM10",744,643
"SE",2020,8,"PM10",744,709
"SE",2020,9,"PM10",720,644
"SE",2020,10,"PM10",744,677
"SE",2020,11,"PM10",720,662
"SE",2020,12,"PM10",744,720
"SE",2020,1,"PM2.5",744,705
"SE",2020,2,"PM2.5",696,644
"SE",2020,3,"PM2.5",744,713
"SE",2020,4,"PM2.5",720,636
"SE",2020,5,"PM2.5",744,639
"SE",2020,6,"PM2.5",720,639
"SE",2020,7,"PM2.5",744,629
"SE",2020,8,"PM2.5",744,709
"SE",2020,9,"PM2.5",720,570
"SE",2020,10,"PM2.5",744,704
"SE",2020,11,"PM2.5",720,662
"SE",2020,12,"PM2.5",744,720
"SE",2020,1,"PRS",744,607
"SE",2020,2,"PRS",696,445
"SE",2020,3,"PRS",744,289
"SE",2020,4,"PRS",720,674
"SE",2020,5,"PRS",744,727
"SE",2020,6,"PRS",720,693
"SE",2020,7,"PRS",744,694
"SE",2020,8,"PRS",744,739
"SE",2020,9,"PRS",720,665
"SE",2020,10,"PRS",744,731
"SE",2020,11,"PRS",720,681
"SE",2020,12,"PRS",744,413
"SE",2020,1,"RAINF",744,738
"SE",2020,2,"RAINF",696,693
"SE",2020,3,"RAINF",744,741
"SE",2020,4,"RAINF",720,705
"SE",2020,5,"RAINF",744,727
"SE",2020,6,"RAINF",720,693
"SE",2020,7,"RAINF",744,694
"SE",2020,8,"RAINF",744,739
"SE",2020,9,"RAINF",720,665
"SE",2020,10,"RAINF",744,730
"SE",2020,11,"RAINF",720,713
"SE",2020,12,"RAINF",744,738
"SE",2020,1,"RH",744,734
"SE",2020,2,"RH",696,692
"SE",2020,3,"RH",744,739
"SE",2020,4,"RH",720,705
"SE",2020,5,"RH",744,727
"SE",2020,6,"RH",720,693
"SE",2020,7,"RH",744,694
"SE",2020,8,"RH",744,739
"SE",2020,9,"RH",720,665
"SE",2020,10,"RH",744,730
"SE",2020,11,"RH",720,714
"SE",2020,12,"RH",744,738
"SE",2020,1,"SO2",744,692
"SE",2020,2,"SO2",696,644
"SE",2020,3,"SO2",744,696
"SE",2020,4,"SO2",720,682
"SE",2020,5,"SO2",744,500
"SE",2020,6,"SO2",720,601
"SE",2020,7,"SO2",744,631
"SE",2020,8,"SO2",744,665
"SE",2020,9,"SO2",720,587
"SE",2020,10,"SO2",744,631
"SE",2020,11,"SO2",720,636
"SE",2020,12,"SO2",744,682
"SE",2020,1,"SR",744,742
"SE",2020,2,"SR",696,695
"SE",2020,3,"SR",744,742
"SE",2020,4,"SR",720,708
"SE",2020,5,"SR",744,742
"SE",2020,6,"SR",720,718
"SE",2020,7,"SR",744,729
"SE",2020,8,"SR",744,741
"SE",2020,9,"SR",720,684
"SE",2020,10,"SR",744,741
"SE",2020,11,"SR",720,717
"SE",2020,12,"SR",744,742
"SE",2020,1,"TOUT",744,739
"SE",2020,2,"TOUT",696,693
"SE",2020,3,"TOUT",744,741
"SE",2020,4,"TOUT",720,705
"SE",2020,5,"TOUT",744,727
"SE",2020,6,"TOUT",720,693
"SE",2020,7,"TOUT",744,694
"SE",2020,8,"TOUT",744,739
"SE",2020,9,"TOUT",720,665
"SE",2020,10,"TOUT",744,731
"SE",2020,11,"TOUT",720,628
"SE",2020,12,"TOUT",744,380
"SE",2020,1,"WSR",744,728
"SE",2020,2,"WSR",696,688
"SE",2020,3,"WSR",744,739
"SE",2020,4,"WSR",720,704
"SE",2020,5,"WSR",744,725
"SE",2020,6,"WSR",720,691
"SE",2020,7,"WSR",744,694
"SE",2020,8,"WSR",744,738
"SE",2020,9,"WSR",720,658
"SE",2020,10,"WSR",744,729
"SE",2020,11,"WSR",720,711
"SE",2020,12,"WSR",744,733
"SE",2020,1,"WDR",744,0
"SE",2020,2,"WDR",696,0
"SE",2020,3,"WDR",744,46
"SE",2020,4,"WDR",720,172
"SE",2020,5,"WDR",744,87
"SE",2020,6,"WDR",720,113
"SE",2020,7,"WDR",744,87
"SE",2020,8,"WDR",744,31
"SE",2020,9,"WDR",720,69
"SE",2020,10,"WDR",744,43
"SE",2020,11,"WDR",720,111
"SE",2020,12,"WDR",744,34
"SE2",2020,1,"CO",744,0
"SE2",2020,2,"CO",696,0
"SE2",2020,3,"CO",744,0
"SE2",2020,4,"CO",720,0
"SE2",2020,5,"CO",744,0
"SE2",2020,6,"CO",720,0
"SE2",2020,7,"CO",744,0
"SE2",2020,8,"CO",744,24
"SE2",2020,9,"CO",720,8
"SE2",2020,10,"CO",744,35
"SE2",2020,11,"CO",720,17
"SE2",2020,12,"CO",744,0
"SE2",2020,1,"NO",744,724
"SE2",2020,2,"NO",696,134
"SE2",2020,3,"NO",744,0
"SE2",2020,4,"NO",720,0
"SE2",2020,5,"NO",744,0
"SE2",2020,6,"NO",720,0
"SE2",2020,7,"NO",744,0
"SE2",2020,8,"NO",744,0
"SE2",2020,9,"NO",720,0
"SE2",2020,10,"NO",744,0
"SE2",2020,11,"NO",720,0
"SE2",2020,12,"NO",744,0
"SE2",2020,1,"NO2",744,716
"SE2",2020,2,"NO2",696,134
"SE2",2020,3,"NO2",744,0
"SE2",2020,4,"NO2",720,0
"SE2",2020,5,"NO2",744,0
"SE2",2020,6,"NO2",720,0
"SE2",2020,7,"NO2",744,0
"SE2",2020,8,"NO2",744,0
"SE2",2020,9,"NO2",720,0
"SE2",2020,10,"NO2",744,0
"SE2",2020,11,"NO2",720,0
"SE2",2020,12,"NO2",744,0
"SE2",2020,1,"NOX",744,723
"SE2",2020,2,"NOX",696,134
"SE2",2020,3,"NOX",744,0
"SE2",2020,4,"NOX",720,0
"SE2",2020,5,"NOX",744,0
"SE2",2020,6,"NOX",720,0
"SE2",2020,7,"NOX",744,0
"SE2",2020,8,"NOX",744,0
"SE2",2020,9,"NOX",720,0
"SE2",2020,10,"NOX",744,0
"SE2",2020,11,"NOX",720,0
"SE2",2020,12,"NOX",744,0
"SE2",2020,1,"O3",744,0
"SE2",2020,2,"O3",696,0
"SE2",2020,3,"O3",744,0
"SE2",2020,4,"O3",720,0
"SE2",2020,5,"O3",744,0
"SE2",2020,6,"O3",720,0
"SE2",2020,7,"O3",744,0
"SE2",2020,8,"O3",744,0
"SE2",2020,9,"O3",720,0
"SE2",2020,10,"O3",744,0
"SE2",2020,11,"O3",720,0
"SE2",2020,12,"O3",744,0
"SE2",2020,1,"PM10",744,722
"SE2",2020,2,"PM10",696,215
"SE2",2020,3,"PM10",744,736
"SE2",2020,4,"PM10",720,700
"SE2",2020,5,"PM10",744,712
"SE2",2020,6,"PM10",720,692
"SE2",2020,7,"PM10",744,727
"SE2",2020,8,"PM10",744,724
"SE2",2020,9,"PM10",720,668
"SE2",2020,10,"PM10",744,617
"SE2",2020,11,"PM10",720,706
"SE2",2020,12,"PM10",744,714
"SE2",2020,1,"PM2.5",744,0
"SE2",2020,2,"PM2.5",696,0
"SE2",2020,3,"PM2.5",744,474
"SE2",2020,4,"PM2.5",720,645
"SE2",2020,5,"PM2.5",744,643
"SE2",2020,6,"PM2.5",720,543
"SE2",2020,7,"PM2.5",744,649
"SE2",2020,8,"PM2.5",744,419
"SE2",2020,9,"PM2.5",720,559
"SE2",2020,10,"PM2.5",744,651
"SE2",2020,11,"PM2.5",720,687
"SE2",2020,12,"PM2.5",744,690
"SE2",2020,1,"PRS",744,0
"SE2",2020,2,"PRS",696,93
"SE2",2020,3,"PRS",744,740
"SE2",2020,4,"PRS",720,704
"SE2",2020,5,"PRS",744,717
"SE2",2020,6,"PRS",720,704
"SE2",2020,7,"PRS",744,731
"SE2",2020,8,"PRS",744,743
"SE2",2020,9,"PRS",720,692
"SE2",2020,10,"PRS",744,670
"SE2",2020,11,"PRS",720,719
"SE2",2020,12,"PRS",744,716
"SE2",2020,1,"RAINF",744,725
"SE2",2020,2,"RAINF",696,228
"SE2",2020,3,"RAINF",744,231
"SE2",2020,4,"RAINF",720,4
"SE2",2020,5,"RAINF",744,1
"SE2",2020,6,"RAINF",720,4
"SE2",2020,7,"RAINF",744,17
"SE2",2020,8,"RAINF",744,0
"SE2",2020,9,"RAINF",720,8
"SE2",2020,10,"RAINF",744,0
"SE2",2020,11,"RAINF",720,0
"SE2",2020,12,"RAINF",744,0
"SE2",2020,1,"RH",744,15
"SE2",2020,2,"RH",696,0
"SE2",2020,3,"RH",744,0
"SE2",2020,4,"RH",720,0
"SE2",2020,5,"RH",744,0
"SE2",2020,6,"RH",720,0
"SE2",2020,7,"RH",744,0
"SE2",2020,8,"RH",744,0
"SE2",2020,9,"RH",720,0
"SE2",2020,10,"RH",744,0
"SE2",2020,11,"RH",720,0
"SE2",2020,12,"RH",744,0
"SE2",2020,1,"SO2",744,705
"SE2",2020,2,"SO2",696,228
"SE2",2020,3,"SO2",744,735
"SE2",2020,4,"SO2",720,692
"SE2",2020,5,"SO2",744,701
"SE2",2020,6,"SO2",720,662
"SE2",2020,7,"SO2",744,693
"SE2",2020,8,"SO2",744,710
"SE2",2020,9,"SO2",720,647
"SE2",2020,10,"SO2",744,647
"SE2",2020,11,"SO2",720,683
"SE2",2020,12,"SO2",744,710
"SE2",2020,1,"SR",744,742
"SE2",2020,2,"SR",696,671
"SE2",2020,3,"SR",744,742
"SE2",2020,4,"SR",720,718
"SE2",2020,5,"SR",744,743
"SE2",2020,6,"SR",720,717
"SE2",2020,7,"SR",744,743
"SE2",2020,8,"SR",744,744
"SE2",2020,9,"SR",720,708
"SE2",2020,10,"SR",744,744
"SE2",2020,11,"SR",720,720
"SE2",2020,12,"SR",744,743
"SE2",2020,1,"TOUT",744,0
"SE2",2020,2,"TOUT",696,80
"SE2",2020,3,"TOUT",744,740
"SE2",2020,4,"TOUT",720,702
"SE2",2020,5,"TOUT",744,717
"SE2",2020,6,"TOUT",720,704
"SE2",2020,7,"TOUT",744,731
"SE2",2020,8,"TOUT",744,743
"SE2",2020,9,"TOUT",720,692
"SE2",2020,10,"TOUT",744,670
"SE2",2020,11,"TOUT",720,719
"SE2",2020,12,"TOUT",744,716
"SE2",2020,1,"WSR",744,97
"SE2",2020,2,"WSR",696,92
"SE2",2020,3,"WSR",744,714
"SE2",2020,4,"WSR",720,695
"SE2",2020,5,"WSR",744,715
"SE2",2020,6,"WSR",720,696
"SE2",2020,7,"WSR",744,716
"SE2",2020,8,"WSR",744,729
"SE2",2020,9,"WSR",720,647
"SE2",2020,10,"WSR",744,636
"SE2",2020,11,"WSR",720,662
"SE2",2020,12,"WSR",744,610
"SE2",2020,1,"WDR",744,719
"SE2",2020,2,"WDR",696,227
"SE2",2020,3,"WDR",744,740
"SE2",2020,4,"WDR",720,704
"SE2",2020,5,"WDR",744,717
"SE2",2020,6,"WDR",720,704
"SE2",2020,7,"WDR",744,731
"SE2",2020,8,"WDR",744,743
"SE2",2020,9,"WDR",720,692
"SE2",2020,10,"WDR",744,670
"SE2",2020,11,"WDR",720,719
"SE2",2020,12,"WDR",744,716
"SE3",2020,1,"CO",744,737
"SE3",2020,2,"CO",696,691
"SE3",2020,3,"CO",744,697
"SE3",2020,4,"CO",720,666
"SE3",2020,5,"CO",744,221
"SE3",2020,6,"CO",720,521
"SE3",2020,7,"CO",744,730
"SE3",2020,8,"CO",744,740
"SE3",2020,9,"CO",720,715
"SE3",2020,10,"CO",744,709
"SE3",2020,11,"CO",720,698
"SE3",2020,12,"CO",744,733
"SE3",2020,1,"NO",744,734
"SE3",2020,2,"NO",696,687
"SE3",2020,3,"NO",744,739
"SE3",2020,4,"NO",720,711
"SE3",2020,5,"NO",744,737
"SE3",2020,6,"NO",720,700
"SE3",2020,7,"NO",744,727
"SE3",2020,8,"NO",744,738
"SE3",2020,9,"NO",720,710
"SE3",2020,10,"NO",744,709
"SE3",2020,11,"NO",720,696
"SE3",2020,12,"NO",744,733
"SE3",2020,1,"NO2",744,737
"SE3",2020,2,"NO2",696,694
"SE3",2020,3,"NO2",744,740
"SE3",2020,4,"NO2",720,716
"SE3",2020,5,"NO2",744,738
"SE3",2020,6,"NO2",720,697
"SE3",2020,7,"NO2",744,727
"SE3",2020,8,"NO2",744,737
"SE3",2020,9,"NO2",720,715
"SE3",2020,10,"NO2",744,709
"SE3",2020,11,"NO2",720,698
"SE3",2020,12,"NO2",744,732
"SE3",2020,1,"NOX",744,737
"SE3",2020,2,"NOX",696,694
"SE3",2020,3,"NOX",744,739
"SE3",2020,4,"NOX",720,717
"SE3",2020,5,"NOX",744,740
"SE3",2020,6,"NOX",720,699
"SE3",2020,7,"NOX",744,729
"SE3",2020,8,"NOX",744,739
"SE3",2020,9,"NOX",720,715
"SE3",2020,10,"NOX",744,709
"SE3",2020,11,"NOX",720,698
"SE3",2020,12,"NOX",744,733
"SE3",2020,1,"O3",744,725
"SE3",2020,2,"O3",696,693
"SE3",2020,3,"O3",744,736
"SE3",2020,4,"O3",720,717
"SE3",2020,5,"O3",744,740
"SE3",2020,6,"O3",720,697
"SE3",2020,7,"O3",744,729
"SE3",2020,8,"O3",744,739
"SE3",2020,9,"O3",720,444
"SE3",2020,10,"O3",744,10
"SE3",2020,11,"O3",720,11
"SE3",2020,12,"O3",744,30
"SE3",2020,1,"PM10",744,731
"SE3",2020,2,"PM10",696,693
"SE3",2020,3,"PM10",744,739
"SE3",2020,4,"PM10",720,716
"SE3",2020,5,"PM10",744,737
"SE3",2020,6,"PM10",720,634
"SE3",2020,7,"PM10",744,691
"SE3",2020,8,"PM10",744,666
"SE3",2020,9,"PM10",720,715
"SE3",2020,10,"PM10",744,642
"SE3",2020,11,"PM10",720,698
"SE3",2020,12,"PM10",744,604
"SE3",2020,1,"PM2.5",744,687
"SE3",2020,2,"PM2.5",696,566
"SE3",2020,3,"PM2.5",744,713
"SE3",2020,4,"PM2.5",720,634
"SE3",2020,5,"PM2.5",744,379
"SE3",2020,6,"PM2.5",720,325
"SE3",2020,7,"PM2.5",744,702
"SE3",2020,8,"PM2.5",744,679
"SE3",2020,9,"PM2.5",720,652
"SE3",2020,10,"PM2.5",744,656
"SE3",2020,11,"PM2.5",720,631
"SE3",2020,12,"PM2.5",744,696
"SE3",2020,1,"PRS",744,737
"SE3",2020,2,"PRS",696,693
"SE3",2020,3,"PRS",744,740
"SE3",2020,4,"PRS",720,717
"SE3",2020,5,"PRS",744,739
"SE3",2020,6,"PRS",720,701
"SE3",2020,7,"PRS",744,730
"SE3",2020,8,"PRS",744,738
"SE3",2020,9,"PRS",720,715
"SE3",2020,10,"PRS",744,709
"SE3",2020,11,"PRS",720,697
"SE3",2020,12,"PRS",744,732
"SE3",2020,1,"RAINF",744,737
"SE3",2020,2,"RAINF",696,693
"SE3",2020,3,"RAINF",744,739
"SE3",2020,4,"RAINF",720,717
"SE3",2020,5,"RAINF",744,740
"SE3",2020,6,"RAINF",720,701
"SE3",2020,7,"RAINF",744,730
"SE3",2020,8,"RAINF",744,738
"SE3",2020,9,"RAINF",720,715
"SE3",2020,10,"RAINF",744,709
"SE3",2020,11,"RAINF",720,698
"SE3",2020,12,"RAINF",744,733
"SE3",2020,1,"RH",744,733
"SE3",2020,2,"RH",696,693
"SE3",2020,3,"RH",744,739
"SE3",2020,4,"RH",720,715
"SE3",2020,5,"RH",744,740
"SE3",2020,6,"RH",720,701
"SE3",2020,7,"RH",744,725
"SE3",2020,8,"RH",744,738
"SE3",2020,9,"RH",720,715
"SE3",2020,10,"RH",744,709
"SE3",2020,11,"RH",720,698
"SE3",2020,12,"RH",744,733
"SE3",2020,1,"SO2",744,505
"SE3",2020,2,"SO2",696,578
"SE3",2020,3,"SO2",744,729
"SE3",2020,4,"SO2",720,700
"SE3",2020,5,"SO2",744,728
"SE3",2020,6,"SO2",720,652
"SE3",2020,7,"SO2",744,331
"SE3",2020,8,"SO2",744,712
"SE3",2020,9,"SO2",720,659
"SE3",2020,10,"SO2",744,678
"SE3",2020,11,"SO2",720,669
"SE3",2020,12,"SO2",744,726
"SE3",2020,1,"SR",744,741
"SE3",2020,2,"SR",696,695
"SE3",2020,3,"SR",744,741
"SE3",2020,4,"SR",720,719
"SE3",2020,5,"SR",744,743
"SE3",2020,6,"SR",720,717
"SE3",2020,7,"SR",744,742
"SE3",2020,8,"SR",744,743
"SE3",2020,9,"SR",720,717
"SE3",2020,10,"SR",744,742
"SE3",2020,11,"SR",720,719
"SE3",2020,12,"SR",744,742
"SE3",2020,1,"TOUT",744,736
"SE3",2020,2,"TOUT",696,693
"SE3",2020,3,"TOUT",744,740
"SE3",2020,4,"TOUT",720,717
"SE3",2020,5,"TOUT",744,740
"SE3",2020,6,"TOUT",720,701
"SE3",2020,7,"TOUT",744,730
"SE3",2020,8,"TOUT",744,738
"SE3",2020,9,"TOUT",720,715
"SE3",2020,10,"TOUT",744,709
"SE3",2020,11,"TOUT",720,698
"SE3",2020,12,"TOUT",744,733
"SE3",2020,1,"WSR",744,736
"SE3",2020,2,"WSR",696,693
"SE3",2020,3,"WSR",744,740
"SE3",2020,4,"WSR",720,717
"SE3",2020,5,"WSR",744,740
"SE3",2020,6,"WSR",720,701
"SE3",2020,7,"WSR",744,729
"SE3",2020,8,"WSR",744,738
"SE3",2020,9,"WSR",720,715
"SE3",2020,10,"WSR",744,706
"SE3",2020,11,"WSR",720,697
"SE3",2020,12,"WSR",744,733
"SE3",2020,1,"WDR",744,735
"SE3",2020,2,"WDR",696,691
"SE3",2020,3,"WDR",744,740
"SE3",2020,4,"WDR",720,714
"SE3",2020,5,"WDR",744,739
"SE3",2020,6,"WDR",720,701
"SE3",2020,7,"WDR",744,730
"SE3",2020,8,"WDR",744,737
"SE3",2020,9,"WDR",720,713
"SE3",2020,10,"WDR",744,707
"SE3",2020,11,"WDR",720,696
"SE3",2020,12,"WDR",744,732
"SO",2020,1,"CO",744,726
"SO",2020,2,"CO",696,694
"SO",2020,3,"CO",744,445
"SO",2020,4,"CO",720,13
"SO",2020,5,"CO",744,0
"SO",2020,6,"CO",720,0
"SO",2020,7,"CO",744,0
"SO",2020,8,"CO",744,0
"SO",2020,9,"CO",720,395
"SO",2020,10,"CO",744,733
"SO",2020,11,"CO",720,716
"SO",2020,12,"CO",744,741
"SO",2020,1,"NO",744,721
"SO",2020,2,"NO",696,683
"SO",2020,3,"NO",744,742
"SO",2020,4,"NO",720,599
"SO",2020,5,"NO",744,556
"SO",2020,6,"NO",720,480
"SO",2020,7,"NO",744,248
"SO",2020,8,"NO",744,26
"SO",2020,9,"NO",720,164
"SO",2020,10,"NO",744,438
"SO",2020,11,"NO",720,346
"SO",2020,12,"NO",744,738
"SO",2020,1,"NO2",744,721
"SO",2020,2,"NO2",696,683
"SO",2020,3,"NO2",744,742
"SO",2020,4,"NO2",720,345
"SO",2020,5,"NO2",744,64
"SO",2020,6,"NO2",720,297
"SO",2020,7,"NO2",744,169
"SO",2020,8,"NO2",744,11
"SO",2020,9,"NO2",720,64
"SO",2020,10,"NO2",744,438
"SO",2020,11,"NO2",720,347
"SO",2020,12,"NO2",744,738
"SO",2020,1,"NOX",744,502
"SO",2020,2,"NOX",696,535
"SO",2020,3,"NOX",744,608
"SO",2020,4,"NOX",720,643
"SO",2020,5,"NOX",744,695
"SO",2020,6,"NOX",720,544
"SO",2020,7,"NOX",744,230
"SO",2020,8,"NOX",744,0
"SO",2020,9,"NOX",720,7
"SO",2020,10,"NOX",744,245
"SO",2020,11,"NOX",720,211
"SO",2020,12,"NOX",744,418
"SO",2020,1,"O3",744,282
"SO",2020,2,"O3",696,681
"SO",2020,3,"O3",744,737
"SO",2020,4,"O3",720,181
"SO",2020,5,"O3",744,0
"SO",2020,6,"O3",720,0
"SO",2020,7,"O3",744,582
"SO",2020,8,"O3",744,742
"SO",2020,9,"O3",720,708
"SO",2020,10,"O3",744,720
"SO",2020,11,"O3",720,708
"SO",2020,12,"O3",744,718
"SO",2020,1,"PM10",744,735
"SO",2020,2,"PM10",696,692
"SO",2020,3,"PM10",744,742
"SO",2020,4,"PM10",720,691
"SO",2020,5,"PM10",744,733
"SO",2020,6,"PM10",720,645
"SO",2020,7,"PM10",744,734
"SO",2020,8,"PM10",744,742
"SO",2020,9,"PM10",720,667
"SO",2020,10,"PM10",744,722
"SO",2020,11,"PM10",720,685
"SO",2020,12,"PM10",744,729
"SO",2020,1,"PM2.5",744,702
"SO",2020,2,"PM2.5",696,660
"SO",2020,3,"PM2.5",744,737
"SO",2020,4,"PM2.5",720,597
"SO",2020,5,"PM2.5",744,616
"SO",2020,6,"PM2.5",720,649
"SO",2020,7,"PM2.5",744,726
"SO",2020,8,"PM2.5",744,742
"SO",2020,9,"PM2.5",720,667
"SO",2020,10,"PM2.5",744,722
"SO",2020,11,"PM2.5",720,685
"SO",2020,12,"PM2.5",744,736
"SO",2020,1,"PRS",744,567
"SO",2020,2,"PRS",696,691
"SO",2020,3,"PRS",744,742
"SO",2020,4,"PRS",720,715
"SO",2020,5,"PRS",744,741
"SO",2020,6,"PRS",720,698
"SO",2020,7,"PRS",744,738
"SO",2020,8,"PRS",744,742
"SO",2020,9,"PRS",720,718
"SO",2020,10,"PRS",744,732
"SO",2020,11,"PRS",720,498
"SO",2020,12,"PRS",744,395
"SO",2020,1,"RAINF",744,739
"SO",2020,2,"RAINF",696,694
"SO",2020,3,"RAINF",744,742
"SO",2020,4,"RAINF",720,716
"SO",2020,5,"RAINF",744,741
"SO",2020,6,"RAINF",720,698
"SO",2020,7,"RAINF",744,739
"SO",2020,8,"RAINF",744,742
"SO",2020,9,"RAINF",720,718
"SO",2020,10,"RAINF",744,733
"SO",2020,11,"RAINF",720,716
"SO",2020,12,"RAINF",744,741
"SO",2020,1,"RH",744,739
"SO",2020,2,"RH",696,690
"SO",2020,3,"RH",744,742
"SO",2020,4,"RH",720,712
"SO",2020,5,"RH",744,741
"SO",2020,6,"RH",720,664
"SO",2020,7,"RH",744,739
"SO",2020,8,"RH",744,742
"SO",2020,9,"RH",720,718
"SO",2020,10,"RH",744,733
"SO",2020,11,"RH",720,716
"SO",2020,12,"RH",744,741
"SO",2020,1,"SO2",744,739
"SO",2020,2,"SO2",696,689
"SO",2020,3,"SO2",744,740
"SO",2020,4,"SO2",720,181
"SO",2020,5,"SO2",744,0
"SO",2020,6,"SO2",720,0
"SO",2020,7,"SO2",744,563
"SO",2020,8,"SO2",744,728
"SO",2020,9,"SO2",720,714
"SO",2020,10,"SO2",744,726
"SO",2020,11,"SO2",720,704
"SO",2020,12,"SO2",744,735
"SO",2020,1,"SR",744,741
"SO",2020,2,"SR",696,695
"SO",2020,3,"SR",744,743
"SO",2020,4,"SR",720,718
"SO",2020,5,"SR",744,742
"SO",2020,6,"SR",720,705
"SO",2020,7,"SR",744,743
"SO",2020,8,"SR",744,743
"SO",2020,9,"SR",720,719
"SO",2020,10,"SR",744,742
"SO",2020,11,"SR",720,718
"SO",2020,12,"SR",744,742
"SO",2020,1,"TOUT",744,738
"SO",2020,2,"TOUT",696,692
"SO",2020,3,"TOUT",744,742
"SO",2020,4,"TOUT",720,716
"SO",2020,5,"TOUT",744,741
"SO",2020,6,"TOUT",720,698
"SO",2020,7,"TOUT",744,739
"SO",2020,8,"TOUT",744,742
"SO",2020,9,"TOUT",720,718
"SO",2020,10,"TOUT",744,733
"SO",2020,11,"TOUT",720,716
"SO",2020,12,"TOUT",744,740
"SO",2020,1,"WSR",744,734
"SO",2020,2,"WSR",696,694
"SO",2020,3,"WSR",744,742
"SO",2020,4,"WSR",720,716
"SO",2020,5,"WSR",744,741
"SO",2020,6,"WSR",720,698
"SO",2020,7,"WSR",744,739
"SO",2020,8,"WSR",744,742
"SO",2020,9,"WSR",720,716
"SO",2020,10,"WSR",744,731
"SO",2020,11,"WSR",720,716
"SO",2020,12,"WSR",744,738
"SO",2020,1,"WDR",744,69
"SO",2020,2,"WDR",696,433
"SO",2020,3,"WDR",744,742
"SO",2020,4,"WDR",720,716
"SO",2020,5,"WDR",744,740
"SO",2020,6,"WDR",720,698
"SO",2020,7,"WDR",744,729
"SO",2020,8,"WDR",744,655
"SO",2020,9,"WDR",720,623
"SO",2020,10,"WDR",744,635
"SO",2020,11,"WDR",720,574
"SO",2020,12,"WDR",744,610
"SO2",2020,1,"CO",744,741
"SO2",2020,2,"CO",696,695
"SO2",2020,3,"CO",744,740
"SO2",2020,4,"CO",720,718
"SO2",2020,5,"CO",744,741
"SO2",2020,6,"CO",720,716
"SO2",2020,7,"CO",744,740
"SO2",2020,8,"CO",744,730
"SO2",2020,9,"CO",720,719
"SO2",2020,10,"CO",744,741
"SO2",2020,11,"CO",720,718
"SO2",2020,12,"CO",744,739
"SO2",2020,1,"NO",744,136
"SO2",2020,2,"NO",696,65
"SO2",2020,3,"NO",744,2
"SO2",2020,4,"NO",720,0
"SO2",2020,5,"NO",744,0
"SO2",2020,6,"NO",720,0
"SO2",2020,7,"NO",744,582
"SO2",2020,8,"NO",744,713
"SO2",2020,9,"NO",720,713
"SO2",2020,10,"NO",744,724
"SO2",2020,11,"NO",720,713
"SO2",2020,12,"NO",744,734
"SO2",2020,1,"NO2",744,344
"SO2",2020,2,"NO2",696,110
"SO2",2020,3,"NO2",744,7
"SO2",2020,4,"NO2",720,0
"SO2",2020,5,"NO2",744,0
"SO2",2020,6,"NO2",720,0
"SO2",2020,7,"NO2",744,585
"SO2",2020,8,"NO2",744,729
"SO2",2020,9,"NO2",720,719
"SO2",2020,10,"NO2",744,741
"SO2",2020,11,"NO2",720,718
"SO2",2020,12,"NO2",744,738
"SO2",2020,1,"NOX",744,345
"SO2",2020,2,"NOX",696,110
"SO2",2020,3,"NOX",744,7
"SO2",2020,4,"NOX",720,0
"SO2",2020,5,"NOX",744,0
"SO2",2020,6,"NOX",720,0
"SO2",2020,7,"NOX",744,585
"SO2",2020,8,"NOX",744,730
"SO2",2020,9,"NOX",720,719
"SO2",2020,10,"NOX",744,741
"SO2",2020,11,"NOX",720,718
"SO2",2020,12,"NOX",744,739
"SO2",2020,1,"O3",744,570
"SO2",2020,2,"O3",696,683
"SO2",2020,3,"O3",744,737
"SO2",2020,4,"O3",720,718
"SO2",2020,5,"O3",744,739
"SO2",2020,6,"O3",720,716
"SO2",2020,7,"O3",744,740
"SO2",2020,8,"O3",744,727
"SO2",2020,9,"O3",720,704
"SO2",2020,10,"O3",744,727
"SO2",2020,11,"O3",720,715
"SO2",2020,12,"O3",744,739
"SO2",2020,1,"PM10",744,708
"SO2",2020,2,"PM10",696,695
"SO2",2020,3,"PM10",744,740
"SO2",2020,4,"PM10",720,718
"SO2",2020,5,"PM10",744,741
"SO2",2020,6,"PM10",720,649
"SO2",2020,7,"PM10",744,676
"SO2",2020,8,"PM10",744,184
"SO2",2020,9,"PM10",720,683
"SO2",2020,10,"PM10",744,740
"SO2",2020,11,"PM10",720,703
"SO2",2020,12,"PM10",744,739
"SO2",2020,1,"PM2.5",744,666
"SO2",2020,2,"PM2.5",696,640
"SO2",2020,3,"PM2.5",744,717
"SO2",2020,4,"PM2.5",720,670
"SO2",2020,5,"PM2.5",744,681
"SO2",2020,6,"PM2.5",720,639
"SO2",2020,7,"PM2.5",744,419
"SO2",2020,8,"PM2.5",744,9
"SO2",2020,9,"PM2.5",720,639
"SO2",2020,10,"PM2.5",744,637
"SO2",2020,11,"PM2.5",720,645
"SO2",2020,12,"PM2.5",744,347
"SO2",2020,1,"PRS",744,741
"SO2",2020,2,"PRS",696,695
"SO2",2020,3,"PRS",744,740
"SO2",2020,4,"PRS",720,718
"SO2",2020,5,"PRS",744,741
"SO2",2020,6,"PRS",720,716
"SO2",2020,7,"PRS",744,740
"SO2",2020,8,"PRS",744,730
"SO2",2020,9,"PRS",720,719
"SO2",2020,10,"PRS",744,741
"SO2",2020,11,"PRS",720,717
"SO2",2020,12,"PRS",744,739
"SO2",2020,1,"RAINF",744,741
"SO2",2020,2,"RAINF",696,695
"SO2",2020,3,"RAINF",744,739
"SO2",2020,4,"RAINF",720,718
"SO2",2020,5,"RAINF",744,741
"SO2",2020,6,"RAINF",720,716
"SO2",2020,7,"RAINF",744,740
"SO2",2020,8,"RAINF",744,730
"SO2",2020,9,"RAINF",720,719
"SO2",2020,10,"RAINF",744,741
"SO2",2020,11,"RAINF",720,717
"SO2",2020,12,"RAINF",744,739
"SO2",2020,1,"RH",744,739
"SO2",2020,2,"RH",696,690
"SO2",2020,3,"RH",744,736
"SO2",2020,4,"RH",720,716
"SO2",2020,5,"RH",744,741
"SO2",2020,6,"RH",720,716
"SO2",2020,7,"RH",744,740
"SO2",2020,8,"RH",744,730
"SO2",2020,9,"RH",720,718
"SO2",2020,10,"RH",744,741
"SO2",2020,11,"RH",720,716
"SO2",2020,12,"RH",744,739
"SO2",2020,1,"SO2",744,707
"SO2",2020,2,"SO2",696,658
"SO2",2020,3,"SO2",744,724
"SO2",2020,4,"SO2",720,668
"SO2",2020,5,"SO2",744,676
"SO2",2020,6,"SO2",720,662
"SO2",2020,7,"SO2",744,664
"SO2",2020,8,"SO2",744,592
"SO2",2020,9,"SO2",720,383
"SO2",2020,10,"SO2",744,370
"SO2",2020,11,"SO2",720,394
"SO2",2020,12,"SO2",744,358
"SO2",2020,1,"SR",744,742
"SO2",2020,2,"SR",696,696
"SO2",2020,3,"SR",744,743
"SO2",2020,4,"SR",720,719
"SO2",2020,5,"SR",744,742
"SO2",2020,6,"SR",720,716
"SO2",2020,7,"SR",744,742
"SO2",2020,8,"SR",744,744
"SO2",2020,9,"SR",720,720
"SO2",2020,10,"SR",744,744
"SO2",2020,11,"SR",720,720
"SO2",2020,12,"SR",744,743
"SO2",2020,1,"TOUT",744,741
"SO2",2020,2,"TOUT",696,695
"SO2",2020,3,"TOUT",744,740
"SO2",2020,4,"TOUT",720,718
"SO2",2020,5,"TOUT",744,741
"SO2",2020,6,"TOUT",720,716
"SO2",2020,7,"TOUT",744,740
"SO2",2020,8,"TOUT",744,730
"SO2",2020,9,"TOUT",720,719
"SO2",2020,10,"TOUT",744,741
"SO2",2020,11,"TOUT",720,717
"SO2",2020,12,"TOUT",744,739
"SO2",2020,1,"WSR",744,375
"SO2",2020,2,"WSR",696,416
"SO2",2020,3,"WSR",744,558
"SO2",2020,4,"WSR",720,473
"SO2",2020,5,"WSR",744,443
"SO2",2020,6,"WSR",720,401
"SO2",2020,7,"WSR",744,423
"SO2",2020,8,"WSR",744,562
"SO2",2020,9,"WSR",720,497
"SO2",2020,10,"WSR",744,108
"SO2",2020,11,"WSR",720,62
"SO2",2020,12,"WSR",744,32
"SO2",2020,1,"WDR",744,741
"SO2",2020,2,"WDR",696,695
"SO2",2020,3,"WDR",744,739
"SO2",2020,4,"WDR",720,718
"SO2",2020,5,"WDR",744,741
"SO2",2020,6,"WDR",720,716
"SO2",2020,7,"WDR",744,740
"SO2",2020,8,"WDR",744,730
"SO2",2020,9,"WDR",720,719
"SO2",2020,10,"WDR",744,741
"SO2",2020,11,"WDR",720,717
"SO2",2020,12,"WDR",744,739
"SUR",2020,1,"CO",744,1
"SUR",2020,2,"CO",696,1
"SUR",2020,3,"CO",744,0
"SUR",2020,4,"CO",720,0
"SUR",2020,5,"CO",744,0
"SUR",2020,6,"CO",720,105
"SUR",2020,7,"CO",744,67
"SUR",2020,8,"CO",744,0
"SUR",2020,9,"CO",720,86
"SUR",2020,10,"CO",744,97
"SUR",2020,11,"CO",720,8
"SUR",2020,12,"CO",744,14
"SUR",2020,1,"NO",744,0
"SUR",2020,2,"NO",696,0
"SUR",2020,3,"NO",744,0
"SUR",2020,4,"NO",720,0
"SUR",2020,5,"NO",744,0
"SUR",2020,6,"NO",720,0
"SUR",2020,7,"NO",744,0
"SUR",2020,8,"NO",744,0
"SUR",2020,9,"NO",720,0
"SUR",2020,10,"NO",744,0
"SUR",2020,11,"NO",720,0
"SUR",2020,12,"NO",744,0
"SUR",2020,1,"NO2",744,0
"SUR",2020,2,"NO2",696,0
"SUR",2020,3,"NO2",744,0
"SUR",2020,4,"NO2",720,0
"SUR",2020,5,"NO2",744,0
"SUR",2020,6,"NO2",720,0
"SUR",2020,7,"NO2",744,0
"SUR",2020,8,"NO2",744,0
"SUR",2020,9,"NO2",720,0
"SUR",2020,10,"NO2",744,0
"SUR",2020,11,"NO2",720,0
"SUR",2020,12,"NO2",744,0
"SUR",2020,1,"NOX",744,37
"SUR",2020,2,"NOX",696,17
"SUR",2020,3,"NOX",744,69
"SUR",2020,4,"NOX",720,158
"SUR",2020,5,"NOX",744,134
"SUR",2020,6,"NOX",720,150
"SUR",2020,7,"NOX",744,340
"SUR",2020,8,"NOX",744,455
"SUR",2020,9,"NOX",720,40
"SUR",2020,10,"NOX",744,21
"SUR",2020,11,"NOX",720,23
"SUR",2020,12,"NOX",744,1
"SUR",2020,1,"O3",744,1
"SUR",2020,2,"O3",696,1
"SUR",2020,3,"O3",744,0
"SUR",2020,4,"O3",720,0
"SUR",2020,5,"O3",744,0
"SUR",2020,6,"O3",720,0
"SUR",2020,7,"O3",744,0
"SUR",2020,8,"O3",744,0
"SUR",2020,9,"O3",720,0
"SUR",2020,10,"O3",744,0
"SUR",2020,11,"O3",720,0
"SUR",2020,12,"O3",744,0
"SUR",2020,1,"PM10",744,692
"SUR",2020,2,"PM10",696,695
"SUR",2020,3,"PM10",744,739
"SUR",2020,4,"PM10",720,715
"SUR",2020,5,"PM10",744,729
"SUR",2020,6,"PM10",720,691
"SUR",2020,7,"PM10",744,739
"SUR",2020,8,"PM10",744,691
"SUR",2020,9,"PM10",720,708
"SUR",2020,10,"PM10",744,672
"SUR",2020,11,"PM10",720,626
"SUR",2020,12,"PM10",744,736
"SUR",2020,1,"PM2.5",744,619
"SUR",2020,2,"PM2.5",696,599
"SUR",2020,3,"PM2.5",744,626
"SUR",2020,4,"PM2.5",720,122
"SUR",2020,5,"PM2.5",744,0
"SUR",2020,6,"PM2.5",720,0
"SUR",2020,7,"PM2.5",744,342
"SUR",2020,8,"PM2.5",744,660
"SUR",2020,9,"PM2.5",720,0
"SUR",2020,10,"PM2.5",744,0
"SUR",2020,11,"PM2.5",720,105
"SUR",2020,12,"PM2.5",744,44
"SUR",2020,1,"PRS",744,741
"SUR",2020,2,"PRS",696,694
"SUR",2020,3,"PRS",744,743
"SUR",2020,4,"PRS",720,717
"SUR",2020,5,"PRS",744,738
"SUR",2020,6,"PRS",720,711
"SUR",2020,7,"PRS",744,739
"SUR",2020,8,"PRS",744,739
"SUR",2020,9,"PRS",720,713
"SUR",2020,10,"PRS",744,738
"SUR",2020,11,"PRS",720,716
"SUR",2020,12,"PRS",744,736
"SUR",2020,1,"RAINF",744,741
"SUR",2020,2,"RAINF",696,695
"SUR",2020,3,"RAINF",744,743
"SUR",2020,4,"RAINF",720,717
"SUR",2020,5,"RAINF",744,738
"SUR",2020,6,"RAINF",720,711
"SUR",2020,7,"RAINF",744,739
"SUR",2020,8,"RAINF",744,739
"SUR",2020,9,"RAINF",720,714
"SUR",2020,10,"RAINF",744,739
"SUR",2020,11,"RAINF",720,716
"SUR",2020,12,"RAINF",744,736
"SUR",2020,1,"RH",744,738
"SUR",2020,2,"RH",696,695
"SUR",2020,3,"RH",744,743
"SUR",2020,4,"RH",720,717
"SUR",2020,5,"RH",744,738
"SUR",2020,6,"RH",720,711
"SUR",2020,7,"RH",744,738
"SUR",2020,8,"RH",744,739
"SUR",2020,9,"RH",720,714
"SUR",2020,10,"RH",744,739
"SUR",2020,11,"RH",720,716
"SUR",2020,12,"RH",744,736
"SUR",2020,1,"SO2",744,1
"SUR",2020,2,"SO2",696,0
"SUR",2020,3,"SO2",744,0
"SUR",2020,4,"SO2",720,0
"SUR",2020,5,"SO2",744,0
"SUR",2020,6,"SO2",720,0
"SUR",2020,7,"SO2",744,0
"SUR",2020,8,"SO2",744,0
"SUR",2020,9,"SO2",720,0
"SUR",2020,10,"SO2",744,0
"SUR",2020,11,"SO2",720,0
"SUR",2020,12,"SO2",744,0
"SUR",2020,1,"SR",744,742
"SUR",2020,2,"SR",696,696
"SUR",2020,3,"SR",744,744
"SUR",2020,4,"SR",720,718
"SUR",2020,5,"SR",744,743
"SUR",2020,6,"SR",720,717
"SUR",2020,7,"SR",744,743
"SUR",2020,8,"SR",744,743
"SUR",2020,9,"SR",720,720
"SUR",2020,10,"SR",744,743
"SUR",2020,11,"SR",720,720
"SUR",2020,12,"SR",744,743
"SUR",2020,1,"TOUT",744,741
"SUR",2020,2,"TOUT",696,695
"SUR",2020,3,"TOUT",744,743
"SUR",2020,4,"TOUT",720,717
"SUR",2020,5,"TOUT",744,738
"SUR",2020,6,"TOUT",720,711
"SUR",2020,7,"TOUT",744,739
"SUR",2020,8,"TOUT",744,739
"SUR",2020,9,"TOUT",720,714
"SUR",2020,10,"TOUT",744,739
"SUR",2020,11,"TOUT",720,716
"SUR",2020,12,"TOUT",744,736
"SUR",2020,1,"WSR",744,729
"SUR",2020,2,"WSR",696,677
"SUR",2020,3,"WSR",744,741
"SUR",2020,4,"WSR",720,714
"SUR",2020,5,"WSR",744,736
"SUR",2020,6,"WSR",720,703
"SUR",2020,7,"WSR",744,730
"SUR",2020,8,"WSR",744,715
"SUR",2020,9,"WSR",720,669
"SUR",2020,10,"WSR",744,693
"SUR",2020,11,"WSR",720,702
"SUR",2020,12,"WSR",744,709
"SUR",2020,1,"WDR",744,741
"SUR",2020,2,"WDR",696,234
"SUR",2020,3,"WDR",744,6
"SUR",2020,4,"WDR",720,3
"SUR",2020,5,"WDR",744,0
"SUR",2020,6,"WDR",720,6
"SUR",2020,7,"WDR",744,9
"SUR",2020,8,"WDR",744,0
"SUR",2020,9,"WDR",720,3
"SUR",2020,10,"WDR",744,15
"SUR",2020,11,"WDR",720,3
"SUR",2020,12,"WDR",744,6
"CE",2021,1,"CO",744,743
"CE",2021,2,"CO",672,168
"CE",2021,3,"CO",744,742
"CE",2021,4,"CO",720,718
"CE",2021,5,"CO",744,741
"CE",2021,6,"CO",720,706
"CE",2021,7,"CO",744,691
"CE",2021,8,"CO",744,732
"CE",2021,9,"CO",720,674
"CE",2021,10,"CO",744,733
"CE",2021,11,"CO",720,719
"CE",2021,12,"CO",744,738
"CE",2021,1,"NO",744,125
"CE",2021,2,"NO",672,101
"CE",2021,3,"NO",744,576
"CE",2021,4,"NO",720,684
"CE",2021,5,"NO",744,739
"CE",2021,6,"NO",720,703
"CE",2021,7,"NO",744,691
"CE",2021,8,"NO",744,732
"CE",2021,9,"NO",720,674
"CE",2021,10,"NO",744,737
"CE",2021,11,"NO",720,719
"CE",2021,12,"NO",744,738
"CE",2021,1,"NO2",744,89
"CE",2021,2,"NO2",672,89
"CE",2021,3,"NO2",744,576
"CE",2021,4,"NO2",720,684
"CE",2021,5,"NO2",744,739
"CE",2021,6,"NO2",720,703
"CE",2021,7,"NO2",744,691
"CE",2021,8,"NO2",744,732
"CE",2021,9,"NO2",720,674
"CE",2021,10,"NO2",744,737
"CE",2021,11,"NO2",720,719
"CE",2021,12,"NO2",744,738
"CE",2021,1,"NOX",744,0
"CE",2021,2,"NOX",672,70
"CE",2021,3,"NOX",744,576
"CE",2021,4,"NOX",720,684
"CE",2021,5,"NOX",744,739
"CE",2021,6,"NOX",720,703
"CE",2021,7,"NOX",744,691
"CE",2021,8,"NOX",744,732
"CE",2021,9,"NOX",720,674
"CE",2021,10,"NOX",744,737
"CE",2021,11,"NOX",720,719
"CE",2021,12,"NOX",744,738
"CE",2021,1,"O3",744,709
"CE",2021,2,"O3",672,168
"CE",2021,3,"O3",744,739
"CE",2021,4,"O3",720,718
"CE",2021,5,"O3",744,737
"CE",2021,6,"O3",720,672
"CE",2021,7,"O3",744,577
"CE",2021,8,"O3",744,594
"CE",2021,9,"O3",720,674
"CE",2021,10,"O3",744,736
"CE",2021,11,"O3",720,678
"CE",2021,12,"O3",744,693
"CE",2021,1,"PM10",744,730
"CE",2021,2,"PM10",672,620
"CE",2021,3,"PM10",744,737
"CE",2021,4,"PM10",720,716
"CE",2021,5,"PM10",744,738
"CE",2021,6,"PM10",720,703
"CE",2021,7,"PM10",744,690
"CE",2021,8,"PM10",744,732
"CE",2021,9,"PM10",720,674
"CE",2021,10,"PM10",744,675
"CE",2021,11,"PM10",720,717
"CE",2021,12,"PM10",744,738
"CE",2021,1,"PM2.5",744,716
"CE",2021,2,"PM2.5",672,596
"CE",2021,3,"PM2.5",744,714
"CE",2021,4,"PM2.5",720,706
"CE",2021,5,"PM2.5",744,311
"CE",2021,6,"PM2.5",720,692
"CE",2021,7,"PM2.5",744,643
"CE",2021,8,"PM2.5",744,719
"CE",2021,9,"PM2.5",720,639
"CE",2021,10,"PM2.5",744,735
"CE",2021,11,"PM2.5",720,716
"CE",2021,12,"PM2.5",744,738
"CE",2021,1,"PRS",744,743
"CE",2021,2,"PRS",672,619
"CE",2021,3,"PRS",744,742
"CE",2021,4,"PRS",720,716
"CE",2021,5,"PRS",744,740
"CE",2021,6,"PRS",720,704
"CE",2021,7,"PRS",744,691
"CE",2021,8,"PRS",744,731
"CE",2021,9,"PRS",720,674
"CE",2021,10,"PRS",744,736
"CE",2021,11,"PRS",720,719
"CE",2021,12,"PRS",744,737
"CE",2021,1,"RAINF",744,743
"CE",2021,2,"RAINF",672,621
"CE",2021,3,"RAINF",744,742
"CE",2021,4,"RAINF",720,718
"CE",2021,5,"RAINF",744,741
"CE",2021,6,"RAINF",720,706
"CE",2021,7,"RAINF",744,690
"CE",2021,8,"RAINF",744,732
"CE",2021,9,"RAINF",720,674
"CE",2021,10,"RAINF",744,738
"CE",2021,11,"RAINF",720,719
"CE",2021,12,"RAINF",744,738
"CE",2021,1,"RH",744,739
"CE",2021,2,"RH",672,621
"CE",2021,3,"RH",744,742
"CE",2021,4,"RH",720,718
"CE",2021,5,"RH",744,741
"CE",2021,6,"RH",720,706
"CE",2021,7,"RH",744,691
"CE",2021,8,"RH",744,732
"CE",2021,9,"RH",720,674
"CE",2021,10,"RH",744,738
"CE",2021,11,"RH",720,719
"CE",2021,12,"RH",744,738
"CE",2021,1,"SO2",744,743
"CE",2021,2,"SO2",672,543
"CE",2021,3,"SO2",744,351
"CE",2021,4,"SO2",720,695
"CE",2021,5,"SO2",744,737
"CE",2021,6,"SO2",720,704
"CE",2021,7,"SO2",744,681
"CE",2021,8,"SO2",744,724
"CE",2021,9,"SO2",720,674
"CE",2021,10,"SO2",744,737
"CE",2021,11,"SO2",720,719
"CE",2021,12,"SO2",744,738
"CE",2021,1,"SR",744,743
"CE",2021,2,"SR",672,621
"CE",2021,3,"SR",744,742
"CE",2021,4,"SR",720,718
"CE",2021,5,"SR",744,741
"CE",2021,6,"SR",720,706
"CE",2021,7,"SR",744,691
"CE",2021,8,"SR",744,727
"CE",2021,9,"SR",720,674
"CE",2021,10,"SR",744,738
"CE",2021,11,"SR",720,719
"CE",2021,12,"SR",744,738
"CE",2021,1,"TOUT",744,743
"CE",2021,2,"TOUT",672,621
"CE",2021,3,"TOUT",744,742
"CE",2021,4,"TOUT",720,718
"CE",2021,5,"TOUT",744,741
"CE",2021,6,"TOUT",720,706
"CE",2021,7,"TOUT",744,690
"CE",2021,8,"TOUT",744,732
"CE",2021,9,"TOUT",720,674
"CE",2021,10,"TOUT",744,738
"CE",2021,11,"TOUT",720,719
"CE",2021,12,"TOUT",744,735
"CE",2021,1,"WSR",744,741
"CE",2021,2,"WSR",672,619
"CE",2021,3,"WSR",744,740
"CE",2021,4,"WSR",720,718
"CE",2021,5,"WSR",744,741
"CE",2021,6,"WSR",720,706
"CE",2021,7,"WSR",744,690
"CE",2021,8,"WSR",744,732
"CE",2021,9,"WSR",720,671
"CE",2021,10,"WSR",744,735
"CE",2021,11,"WSR",720,688
"CE",2021,12,"WSR",744,738
"CE",2021,1,"WDR",744,743
"CE",2021,2,"WDR",672,621
"CE",2021,3,"WDR",744,741
"CE",2021,4,"WDR",720,718
"CE",2021,5,"WDR",744,740
"CE",2021,6,"WDR",720,705
"CE",2021,7,"WDR",744,690
"CE",2021,8,"WDR",744,732
"CE",2021,9,"WDR",720,673
"CE",2021,10,"WDR",744,736
"CE",2021,11,"WDR",720,716
"CE",2021,12,"WDR",744,738
"NE",2021,1,"CO",744,744
"NE",2021,2,"CO",672,581
"NE",2021,3,"CO",744,559
"NE",2021,4,"CO",720,716
"NE",2021,5,"CO",744,743
"NE",2021,6,"CO",720,714
"NE",2021,7,"CO",744,743
"NE",2021,8,"CO",744,742
"NE",2021,9,"CO",720,719
"NE",2021,10,"CO",744,743
"NE",2021,11,"CO",720,718
"NE",2021,12,"CO",744,743
"NE",2021,1,"NO",744,447
"NE",2021,2,"NO",672,373
"NE",2021,3,"NO",744,549
"NE",2021,4,"NO",720,640
"NE",2021,5,"NO",744,732
"NE",2021,6,"NO",720,702
"NE",2021,7,"NO",744,737
"NE",2021,8,"NO",744,741
"NE",2021,9,"NO",720,716
"NE",2021,10,"NO",744,739
"NE",2021,11,"NO",720,718
"NE",2021,12,"NO",744,743
"NE",2021,1,"NO2",744,0
"NE",2021,2,"NO2",672,131
"NE",2021,3,"NO2",744,678
"NE",2021,4,"NO2",720,698
"NE",2021,5,"NO2",744,741
"NE",2021,6,"NO2",720,712
"NE",2021,7,"NO2",744,743
"NE",2021,8,"NO2",744,740
"NE",2021,9,"NO2",720,719
"NE",2021,10,"NO2",744,742
"NE",2021,11,"NO2",720,718
"NE",2021,12,"NO2",744,743
"NE",2021,1,"NOX",744,0
"NE",2021,2,"NOX",672,130
"NE",2021,3,"NOX",744,678
"NE",2021,4,"NOX",720,698
"NE",2021,5,"NOX",744,743
"NE",2021,6,"NOX",720,712
"NE",2021,7,"NOX",744,743
"NE",2021,8,"NOX",744,742
"NE",2021,9,"NOX",720,718
"NE",2021,10,"NOX",744,743
"NE",2021,11,"NOX",720,718
"NE",2021,12,"NOX",744,743
"NE",2021,1,"O3",744,0
"NE",2021,2,"O3",672,130
"NE",2021,3,"O3",744,741
"NE",2021,4,"O3",720,715
"NE",2021,5,"O3",744,742
"NE",2021,6,"O3",720,708
"NE",2021,7,"O3",744,740
"NE",2021,8,"O3",744,739
"NE",2021,9,"O3",720,719
"NE",2021,10,"O3",744,736
"NE",2021,11,"O3",720,691
"NE",2021,12,"O3",744,694
"NE",2021,1,"PM10",744,737
"NE",2021,2,"PM10",672,633
"NE",2021,3,"PM10",744,696
"NE",2021,4,"PM10",720,711
"NE",2021,5,"PM10",744,740
"NE",2021,6,"PM10",720,712
"NE",2021,7,"PM10",744,741
"NE",2021,8,"PM10",744,723
"NE",2021,9,"PM10",720,716
"NE",2021,10,"PM10",744,737
"NE",2021,11,"PM10",720,717
"NE",2021,12,"PM10",744,740
"NE",2021,1,"PM2.5",744,740
"NE",2021,2,"PM2.5",672,633
"NE",2021,3,"PM2.5",744,696
"NE",2021,4,"PM2.5",720,711
"NE",2021,5,"PM2.5",744,740
"NE",2021,6,"PM2.5",720,710
"NE",2021,7,"PM2.5",744,706
"NE",2021,8,"PM2.5",744,737
"NE",2021,9,"PM2.5",720,713
"NE",2021,10,"PM2.5",744,741
"NE",2021,11,"PM2.5",720,711
"NE",2021,12,"PM2.5",744,723
"NE",2021,1,"PRS",744,742
"NE",2021,2,"PRS",672,636
"NE",2021,3,"PRS",744,742
"NE",2021,4,"PRS",720,714
"NE",2021,5,"PRS",744,743
"NE",2021,6,"PRS",720,712
"NE",2021,7,"PRS",744,743
"NE",2021,8,"PRS",744,742
"NE",2021,9,"PRS",720,719
"NE",2021,10,"PRS",744,743
"NE",2021,11,"PRS",720,718
"NE",2021,12,"PRS",744,743
"NE",2021,1,"RAINF",744,742
"NE",2021,2,"RAINF",672,641
"NE",2021,3,"RAINF",744,742
"NE",2021,4,"RAINF",720,716
"NE",2021,5,"RAINF",744,743
"NE",2021,6,"RAINF",720,714
"NE",2021,7,"RAINF",744,743
"NE",2021,8,"RAINF",744,742
"NE",2021,9,"RAINF",720,719
"NE",2021,10,"RAINF",744,743
"NE",2021,11,"RAINF",720,718
"NE",2021,12,"RAINF",744,743
"NE",2021,1,"RH",744,733
"NE",2021,2,"RH",672,634
"NE",2021,3,"RH",744,742
"NE",2021,4,"RH",720,716
"NE",2021,5,"RH",744,743
"NE",2021,6,"RH",720,714
"NE",2021,7,"RH",744,743
"NE",2021,8,"RH",744,742
"NE",2021,9,"RH",720,719
"NE",2021,10,"RH",744,743
"NE",2021,11,"RH",720,718
"NE",2021,12,"RH",744,743
"NE",2021,1,"SO2",744,0
"NE",2021,2,"SO2",672,20
"NE",2021,3,"SO2",744,495
"NE",2021,4,"SO2",720,552
"NE",2021,5,"SO2",744,587
"NE",2021,6,"SO2",720,580
"NE",2021,7,"SO2",744,661
"NE",2021,8,"SO2",744,718
"NE",2021,9,"SO2",720,698
"NE",2021,10,"SO2",744,717
"NE",2021,11,"SO2",720,689
"NE",2021,12,"SO2",744,730
"NE",2021,1,"SR",744,729
"NE",2021,2,"SR",672,641
"NE",2021,3,"SR",744,722
"NE",2021,4,"SR",720,714
"NE",2021,5,"SR",744,743
"NE",2021,6,"SR",720,715
"NE",2021,7,"SR",744,744
"NE",2021,8,"SR",744,743
"NE",2021,9,"SR",720,718
"NE",2021,10,"SR",744,743
"NE",2021,11,"SR",720,716
"NE",2021,12,"SR",744,736
"NE",2021,1,"TOUT",744,743
"NE",2021,2,"TOUT",672,641
"NE",2021,3,"TOUT",744,742
"NE",2021,4,"TOUT",720,716
"NE",2021,5,"TOUT",744,743
"NE",2021,6,"TOUT",720,714
"NE",2021,7,"TOUT",744,743
"NE",2021,8,"TOUT",744,742
"NE",2021,9,"TOUT",720,719
"NE",2021,10,"TOUT",744,743
"NE",2021,11,"TOUT",720,718
"NE",2021,12,"TOUT",744,743
"NE",2021,1,"WSR",744,3
"NE",2021,2,"WSR",672,20
"NE",2021,3,"WSR",744,6
"NE",2021,4,"WSR",720,708
"NE",2021,5,"WSR",744,743
"NE",2021,6,"WSR",720,714
"NE",2021,7,"WSR",744,743
"NE",2021,8,"WSR",744,742
"NE",2021,9,"WSR",720,719
"NE",2021,10,"WSR",744,743
"NE",2021,11,"WSR",720,718
"NE",2021,12,"WSR",744,743
"NE",2021,1,"WDR",744,687
"NE",2021,2,"WDR",672,622
"NE",2021,3,"WDR",744,725
"NE",2021,4,"WDR",720,714
"NE",2021,5,"WDR",744,741
"NE",2021,6,"WDR",720,714
"NE",2021,7,"WDR",744,743
"NE",2021,8,"WDR",744,741
"NE",2021,9,"WDR",720,717
"NE",2021,10,"WDR",744,740
"NE",2021,11,"WDR",720,715
"NE",2021,12,"WDR",744,742
"NE2",2021,1,"CO",744,643
"NE2",2021,2,"CO",672,669
"NE2",2021,3,"CO",744,502
"NE2",2021,4,"CO",720,561
"NE2",2021,5,"CO",744,681
"NE2",2021,6,"CO",720,695
"NE2",2021,7,"CO",744,728
"NE2",2021,8,"CO",744,701
"NE2",2021,9,"CO",720,716
"NE2",2021,10,"CO",744,741
"NE2",2021,11,"CO",720,717
"NE2",2021,12,"CO",744,739
"NE2",2021,1,"NO",744,0
"NE2",2021,2,"NO",672,0
"NE2",2021,3,"NO",744,654
"NE2",2021,4,"NO",720,707
"NE2",2021,5,"NO",744,705
"NE2",2021,6,"NO",720,690
"NE2",2021,7,"NO",744,728
"NE2",2021,8,"NO",744,699
"NE2",2021,9,"NO",720,715
"NE2",2021,10,"NO",744,741
"NE2",2021,11,"NO",720,701
"NE2",2021,12,"NO",744,735
"NE2",2021,1,"NO2",744,0
"NE2",2021,2,"NO2",672,0
"NE2",2021,3,"NO2",744,654
"NE2",2021,4,"NO2",720,707
"NE2",2021,5,"NO2",744,705
"NE2",2021,6,"NO2",720,690
"NE2",2021,7,"NO2",744,728
"NE2",2021,8,"NO2",744,699
"NE2",2021,9,"NO2",720,715
"NE2",2021,10,"NO2",744,741
"NE2",2021,11,"NO2",720,704
"NE2",2021,12,"NO2",744,722
"NE2",2021,1,"NOX",744,0
"NE2",2021,2,"NOX",672,0
"NE2",2021,3,"NOX",744,654
"NE2",2021,4,"NOX",720,707
"NE2",2021,5,"NOX",744,705
"NE2",2021,6,"NOX",720,690
"NE2",2021,7,"NOX",744,728
"NE2",2021,8,"NOX",744,699
"NE2",2021,9,"NOX",720,715
"NE2",2021,10,"NOX",744,741
"NE2",2021,11,"NOX",720,706
"NE2",2021,12,"NOX",744,727
"NE2",2021,1,"O3",744,0
"NE2",2021,2,"O3",672,0
"NE2",2021,3,"O3",744,711
"NE2",2021,4,"O3",720,714
"NE2",2021,5,"O3",744,705
"NE2",2021,6,"O3",720,695
"NE2",2021,7,"O3",744,726
"NE2",2021,8,"O3",744,697
"NE2",2021,9,"O3",720,715
"NE2",2021,10,"O3",744,730
"NE2",2021,11,"O3",720,705
"NE2",2021,12,"O3",744,732
"NE2",2021,1,"PM10",744,592
"NE2",2021,2,"PM10",672,668
"NE2",2021,3,"PM10",744,647
"NE2",2021,4,"PM10",720,715
"NE2",2021,5,"PM10",744,699
"NE2",2021,6,"PM10",720,693
"NE2",2021,7,"PM10",744,708
"NE2",2021,8,"PM10",744,698
"NE2",2021,9,"PM10",720,712
"NE2",2021,10,"PM10",744,666
"NE2",2021,11,"PM10",720,715
"NE2",2021,12,"PM10",744,703
"NE2",2021,1,"PM2.5",744,559
"NE2",2021,2,"PM2.5",672,527
"NE2",2021,3,"PM2.5",744,525
"NE2",2021,4,"PM2.5",720,707
"NE2",2021,5,"PM2.5",744,698
"NE2",2021,6,"PM2.5",720,682
"NE2",2021,7,"PM2.5",744,722
"NE2",2021,8,"PM2.5",744,695
"NE2",2021,9,"PM2.5",720,710
"NE2",2021,10,"PM2.5",744,735
"NE2",2021,11,"PM2.5",720,707
"NE2",2021,12,"PM2.5",744,727
"NE2",2021,1,"PRS",744,642
"NE2",2021,2,"PRS",672,669
"NE2",2021,3,"PRS",744,723
"NE2",2021,4,"PRS",720,716
"NE2",2021,5,"PRS",744,704
"NE2",2021,6,"PRS",720,692
"NE2",2021,7,"PRS",744,728
"NE2",2021,8,"PRS",744,701
"NE2",2021,9,"PRS",720,716
"NE2",2021,10,"PRS",744,740
"NE2",2021,11,"PRS",720,717
"NE2",2021,12,"PRS",744,739
"NE2",2021,1,"RAINF",744,631
"NE2",2021,2,"RAINF",672,669
"NE2",2021,3,"RAINF",744,728
"NE2",2021,4,"RAINF",720,716
"NE2",2021,5,"RAINF",744,706
"NE2",2021,6,"RAINF",720,708
"NE2",2021,7,"RAINF",744,728
"NE2",2021,8,"RAINF",744,702
"NE2",2021,9,"RAINF",720,716
"NE2",2021,10,"RAINF",744,741
"NE2",2021,11,"RAINF",720,717
"NE2",2021,12,"RAINF",744,739
"NE2",2021,1,"RH",744,643
"NE2",2021,2,"RH",672,666
"NE2",2021,3,"RH",744,728
"NE2",2021,4,"RH",720,714
"NE2",2021,5,"RH",744,705
"NE2",2021,6,"RH",720,695
"NE2",2021,7,"RH",744,728
"NE2",2021,8,"RH",744,701
"NE2",2021,9,"RH",720,716
"NE2",2021,10,"RH",744,741
"NE2",2021,11,"RH",720,717
"NE2",2021,12,"RH",744,739
"NE2",2021,1,"SO2",744,642
"NE2",2021,2,"SO2",672,658
"NE2",2021,3,"SO2",744,576
"NE2",2021,4,"SO2",720,645
"NE2",2021,5,"SO2",744,677
"NE2",2021,6,"SO2",720,669
"NE2",2021,7,"SO2",744,707
"NE2",2021,8,"SO2",744,695
"NE2",2021,9,"SO2",720,706
"NE2",2021,10,"SO2",744,714
"NE2",2021,11,"SO2",720,689
"NE2",2021,12,"SO2",744,734
"NE2",2021,1,"SR",744,738
"NE2",2021,2,"SR",672,670
"NE2",2021,3,"SR",744,734
"NE2",2021,4,"SR",720,716
"NE2",2021,5,"SR",744,726
"NE2",2021,6,"SR",720,720
"NE2",2021,7,"SR",744,742
"NE2",2021,8,"SR",744,744
"NE2",2021,9,"SR",720,720
"NE2",2021,10,"SR",744,743
"NE2",2021,11,"SR",720,718
"NE2",2021,12,"SR",744,742
"NE2",2021,1,"TOUT",744,643
"NE2",2021,2,"TOUT",672,669
"NE2",2021,3,"TOUT",744,728
"NE2",2021,4,"TOUT",720,716
"NE2",2021,5,"TOUT",744,706
"NE2",2021,6,"TOUT",720,700
"NE2",2021,7,"TOUT",744,728
"NE2",2021,8,"TOUT",744,702
"NE2",2021,9,"TOUT",720,716
"NE2",2021,10,"TOUT",744,741
"NE2",2021,11,"TOUT",720,717
"NE2",2021,12,"TOUT",744,739
"NE2",2021,1,"WSR",744,1
"NE2",2021,2,"WSR",672,0
"NE2",2021,3,"WSR",744,0
"NE2",2021,4,"WSR",720,698
"NE2",2021,5,"WSR",744,705
"NE2",2021,6,"WSR",720,695
"NE2",2021,7,"WSR",744,728
"NE2",2021,8,"WSR",744,701
"NE2",2021,9,"WSR",720,716
"NE2",2021,10,"WSR",744,741
"NE2",2021,11,"WSR",720,630
"NE2",2021,12,"WSR",744,736
"NE2",2021,1,"WDR",744,643
"NE2",2021,2,"WDR",672,669
"NE2",2021,3,"WDR",744,728
"NE2",2021,4,"WDR",720,700
"NE2",2021,5,"WDR",744,705
"NE2",2021,6,"WDR",720,695
"NE2",2021,7,"WDR",744,728
"NE2",2021,8,"WDR",744,701
"NE2",2021,9,"WDR",720,716
"NE2",2021,10,"WDR",744,741
"NE2",2021,11,"WDR",720,716
"NE2",2021,12,"WDR",744,739
"NE3",2021,1,"CO",744,744
"NE3",2021,2,"CO",672,633
"NE3",2021,3,"CO",744,742
"NE3",2021,4,"CO",720,692
"NE3",2021,5,"CO",744,645
"NE3",2021,6,"CO",720,717
"NE3",2021,7,"CO",744,512
"NE3",2021,8,"CO",744,632
"NE3",2021,9,"CO",720,695
"NE3",2021,10,"CO",744,740
"NE3",2021,11,"CO",720,712
"NE3",2021,12,"CO",744,737
"NE3",2021,1,"NO",744,742
"NE3",2021,2,"NO",672,626
"NE3",2021,3,"NO",744,731
"NE3",2021,4,"NO",720,692
"NE3",2021,5,"NO",744,722
"NE3",2021,6,"NO",720,712
"NE3",2021,7,"NO",744,554
"NE3",2021,8,"NO",744,628
"NE3",2021,9,"NO",720,691
"NE3",2021,10,"NO",744,737
"NE3",2021,11,"NO",720,703
"NE3",2021,12,"NO",744,737
"NE3",2021,1,"NO2",744,742
"NE3",2021,2,"NO2",672,626
"NE3",2021,3,"NO2",744,731
"NE3",2021,4,"NO2",720,692
"NE3",2021,5,"NO2",744,722
"NE3",2021,6,"NO2",720,712
"NE3",2021,7,"NO2",744,554
"NE3",2021,8,"NO2",744,628
"NE3",2021,9,"NO2",720,691
"NE3",2021,10,"NO2",744,739
"NE3",2021,11,"NO2",720,710
"NE3",2021,12,"NO2",744,737
"NE3",2021,1,"NOX",744,742
"NE3",2021,2,"NOX",672,626
"NE3",2021,3,"NOX",744,730
"NE3",2021,4,"NOX",720,692
"NE3",2021,5,"NOX",744,722
"NE3",2021,6,"NOX",720,712
"NE3",2021,7,"NOX",744,552
"NE3",2021,8,"NOX",744,628
"NE3",2021,9,"NOX",720,690
"NE3",2021,10,"NOX",744,738
"NE3",2021,11,"NOX",720,710
"NE3",2021,12,"NOX",744,737
"NE3",2021,1,"O3",744,743
"NE3",2021,2,"O3",672,633
"NE3",2021,3,"O3",744,742
"NE3",2021,4,"O3",720,680
"NE3",2021,5,"O3",744,743
"NE3",2021,6,"O3",720,718
"NE3",2021,7,"O3",744,558
"NE3",2021,8,"O3",744,632
"NE3",2021,9,"O3",720,695
"NE3",2021,10,"O3",744,740
"NE3",2021,11,"O3",720,712
"NE3",2021,12,"O3",744,736
"NE3",2021,1,"PM10",744,737
"NE3",2021,2,"PM10",672,623
"NE3",2021,3,"PM10",744,741
"NE3",2021,4,"PM10",720,695
"NE3",2021,5,"PM10",744,733
"NE3",2021,6,"PM10",720,711
"NE3",2021,7,"PM10",744,555
"NE3",2021,8,"PM10",744,629
"NE3",2021,9,"PM10",720,675
"NE3",2021,10,"PM10",744,740
"NE3",2021,11,"PM10",720,710
"NE3",2021,12,"PM10",744,737
"NE3",2021,1,"PM2.5",744,0
"NE3",2021,2,"PM2.5",672,0
"NE3",2021,3,"PM2.5",744,0
"NE3",2021,4,"PM2.5",720,0
"NE3",2021,5,"PM2.5",744,0
"NE3",2021,6,"PM2.5",720,0
"NE3",2021,7,"PM2.5",744,0
"NE3",2021,8,"PM2.5",744,0
"NE3",2021,9,"PM2.5",720,0
"NE3",2021,10,"PM2.5",744,0
"NE3",2021,11,"PM2.5",720,0
"NE3",2021,12,"PM2.5",744,0
"NE3",2021,1,"PRS",744,724
"NE3",2021,2,"PRS",672,609
"NE3",2021,3,"PRS",744,742
"NE3",2021,4,"PRS",720,706
"NE3",2021,5,"PRS",744,743
"NE3",2021,6,"PRS",720,718
"NE3",2021,7,"PRS",744,563
"NE3",2021,8,"PRS",744,632
"NE3",2021,9,"PRS",720,695
"NE3",2021,10,"PRS",744,740
"NE3",2021,11,"PRS",720,712
"NE3",2021,12,"PRS",744,737
"NE3",2021,1,"RAINF",744,743
"NE3",2021,2,"RAINF",672,633
"NE3",2021,3,"RAINF",744,742
"NE3",2021,4,"RAINF",720,714
"NE3",2021,5,"RAINF",744,743
"NE3",2021,6,"RAINF",720,718
"NE3",2021,7,"RAINF",744,563
"NE3",2021,8,"RAINF",744,632
"NE3",2021,9,"RAINF",720,695
"NE3",2021,10,"RAINF",744,740
"NE3",2021,11,"RAINF",720,712
"NE3",2021,12,"RAINF",744,737
"NE3",2021,1,"RH",744,737
"NE3",2021,2,"RH",672,631
"NE3",2021,3,"RH",744,742
"NE3",2021,4,"RH",720,714
"NE3",2021,5,"RH",744,743
"NE3",2021,6,"RH",720,717
"NE3",2021,7,"RH",744,563
"NE3",2021,8,"RH",744,632
"NE3",2021,9,"RH",720,695
"NE3",2021,10,"RH",744,740
"NE3",2021,11,"RH",720,712
"NE3",2021,12,"RH",744,737
"NE3",2021,1,"SO2",744,702
"NE3",2021,2,"SO2",672,584
"NE3",2021,3,"SO2",744,641
"NE3",2021,4,"SO2",720,560
"NE3",2021,5,"SO2",744,564
"NE3",2021,6,"SO2",720,595
"NE3",2021,7,"SO2",744,463
"NE3",2021,8,"SO2",744,552
"NE3",2021,9,"SO2",720,586
"NE3",2021,10,"SO2",744,701
"NE3",2021,11,"SO2",720,663
"NE3",2021,12,"SO2",744,730
"NE3",2021,1,"SR",744,657
"NE3",2021,2,"SR",672,652
"NE3",2021,3,"SR",744,744
"NE3",2021,4,"SR",720,653
"NE3",2021,5,"SR",744,744
"NE3",2021,6,"SR",720,673
"NE3",2021,7,"SR",744,489
"NE3",2021,8,"SR",744,743
"NE3",2021,9,"SR",720,670
"NE3",2021,10,"SR",744,677
"NE3",2021,11,"SR",720,698
"NE3",2021,12,"SR",744,710
"NE3",2021,1,"TOUT",744,737
"NE3",2021,2,"TOUT",672,632
"NE3",2021,3,"TOUT",744,741
"NE3",2021,4,"TOUT",720,711
"NE3",2021,5,"TOUT",744,738
"NE3",2021,6,"TOUT",720,715
"NE3",2021,7,"TOUT",744,556
"NE3",2021,8,"TOUT",744,632
"NE3",2021,9,"TOUT",720,693
"NE3",2021,10,"TOUT",744,738
"NE3",2021,11,"TOUT",720,704
"NE3",2021,12,"TOUT",744,736
"NE3",2021,1,"WSR",744,740
"NE3",2021,2,"WSR",672,616
"NE3",2021,3,"WSR",744,740
"NE3",2021,4,"WSR",720,714
"NE3",2021,5,"WSR",744,735
"NE3",2021,6,"WSR",720,694
"NE3",2021,7,"WSR",744,554
"NE3",2021,8,"WSR",744,621
"NE3",2021,9,"WSR",720,652
"NE3",2021,10,"WSR",744,652
"NE3",2021,11,"WSR",720,611
"NE3",2021,12,"WSR",744,622
"NE3",2021,1,"WDR",744,744
"NE3",2021,2,"WDR",672,633
"NE3",2021,3,"WDR",744,741
"NE3",2021,4,"WDR",720,714
"NE3",2021,5,"WDR",744,742
"NE3",2021,6,"WDR",720,718
"NE3",2021,7,"WDR",744,562
"NE3",2021,8,"WDR",744,632
"NE3",2021,9,"WDR",720,695
"NE3",2021,10,"WDR",744,740
"NE3",2021,11,"WDR",720,712
"NE3",2021,12,"WDR",744,736
"NO",2021,1,"CO",744,2
"NO",2021,2,"CO",672,2
"NO",2021,3,"CO",744,575
"NO",2021,4,"CO",720,715
"NO",2021,5,"CO",744,743
"NO",2021,6,"CO",720,719
"NO",2021,7,"CO",744,743
"NO",2021,8,"CO",744,735
"NO",2021,9,"CO",720,655
"NO",2021,10,"CO",744,742
"NO",2021,11,"CO",720,714
"NO",2021,12,"CO",744,736
"NO",2021,1,"NO",744,568
"NO",2021,2,"NO",672,562
"NO",2021,3,"NO",744,677
"NO",2021,4,"NO",720,698
"NO",2021,5,"NO",744,717
"NO",2021,6,"NO",720,710
"NO",2021,7,"NO",744,737
"NO",2021,8,"NO",744,719
"NO",2021,9,"NO",720,639
"NO",2021,10,"NO",744,738
"NO",2021,11,"NO",720,712
"NO",2021,12,"NO",744,736
"NO",2021,1,"NO2",744,556
"NO",2021,2,"NO2",672,457
"NO",2021,3,"NO2",744,700
"NO",2021,4,"NO2",720,714
"NO",2021,5,"NO2",744,742
"NO",2021,6,"NO2",720,719
"NO",2021,7,"NO2",744,742
"NO",2021,8,"NO2",744,734
"NO",2021,9,"NO2",720,655
"NO",2021,10,"NO2",744,742
"NO",2021,11,"NO2",720,714
"NO",2021,12,"NO2",744,704
"NO",2021,1,"NOX",744,483
"NO",2021,2,"NOX",672,567
"NO",2021,3,"NOX",744,718
"NO",2021,4,"NOX",720,714
"NO",2021,5,"NOX",744,743
"NO",2021,6,"NOX",720,719
"NO",2021,7,"NOX",744,742
"NO",2021,8,"NOX",744,734
"NO",2021,9,"NOX",720,655
"NO",2021,10,"NOX",744,742
"NO",2021,11,"NOX",720,713
"NO",2021,12,"NOX",744,736
"NO",2021,1,"O3",744,0
"NO",2021,2,"O3",672,0
"NO",2021,3,"O3",744,618
"NO",2021,4,"O3",720,699
"NO",2021,5,"O3",744,742
"NO",2021,6,"O3",720,717
"NO",2021,7,"O3",744,741
"NO",2021,8,"O3",744,732
"NO",2021,9,"O3",720,654
"NO",2021,10,"O3",744,729
"NO",2021,11,"O3",720,674
"NO",2021,12,"O3",744,671
"NO",2021,1,"PM10",744,742
"NO",2021,2,"PM10",672,309
"NO",2021,3,"PM10",744,622
"NO",2021,4,"PM10",720,714
"NO",2021,5,"PM10",744,616
"NO",2021,6,"PM10",720,680
"NO",2021,7,"PM10",744,700
"NO",2021,8,"PM10",744,645
"NO",2021,9,"PM10",720,531
"NO",2021,10,"PM10",744,735
"NO",2021,11,"PM10",720,667
"NO",2021,12,"PM10",744,736
"NO",2021,1,"PM2.5",744,742
"NO",2021,2,"PM2.5",672,308
"NO",2021,3,"PM2.5",744,622
"NO",2021,4,"PM2.5",720,712
"NO",2021,5,"PM2.5",744,548
"NO",2021,6,"PM2.5",720,680
"NO",2021,7,"PM2.5",744,674
"NO",2021,8,"PM2.5",744,689
"NO",2021,9,"PM2.5",720,531
"NO",2021,10,"PM2.5",744,735
"NO",2021,11,"PM2.5",720,651
"NO",2021,12,"PM2.5",744,699
"NO",2021,1,"PRS",744,743
"NO",2021,2,"PRS",672,668
"NO",2021,3,"PRS",744,741
"NO",2021,4,"PRS",720,715
"NO",2021,5,"PRS",744,743
"NO",2021,6,"PRS",720,719
"NO",2021,7,"PRS",744,743
"NO",2021,8,"PRS",744,735
"NO",2021,9,"PRS",720,655
"NO",2021,10,"PRS",744,741
"NO",2021,11,"PRS",720,715
"NO",2021,12,"PRS",744,736
"NO",2021,1,"RAINF",744,743
"NO",2021,2,"RAINF",672,668
"NO",2021,3,"RAINF",744,743
"NO",2021,4,"RAINF",720,717
"NO",2021,5,"RAINF",744,743
"NO",2021,6,"RAINF",720,719
"NO",2021,7,"RAINF",744,743
"NO",2021,8,"RAINF",744,735
"NO",2021,9,"RAINF",720,655
"NO",2021,10,"RAINF",744,742
"NO",2021,11,"RAINF",720,715
"NO",2021,12,"RAINF",744,736
"NO",2021,1,"RH",744,744
"NO",2021,2,"RH",672,668
"NO",2021,3,"RH",744,743
"NO",2021,4,"RH",720,717
"NO",2021,5,"RH",744,743
"NO",2021,6,"RH",720,719
"NO",2021,7,"RH",744,743
"NO",2021,8,"RH",744,735
"NO",2021,9,"RH",720,655
"NO",2021,10,"RH",744,742
"NO",2021,11,"RH",720,535
"NO",2021,12,"RH",744,736
"NO",2021,1,"SO2",744,742
"NO",2021,2,"SO2",672,647
"NO",2021,3,"SO2",744,696
"NO",2021,4,"SO2",720,647
"NO",2021,5,"SO2",744,742
"NO",2021,6,"SO2",720,712
"NO",2021,7,"SO2",744,742
"NO",2021,8,"SO2",744,734
"NO",2021,9,"SO2",720,654
"NO",2021,10,"SO2",744,737
"NO",2021,11,"SO2",720,711
"NO",2021,12,"SO2",744,731
"NO",2021,1,"SR",744,744
"NO",2021,2,"SR",672,668
"NO",2021,3,"SR",744,744
"NO",2021,4,"SR",720,714
"NO",2021,5,"SR",744,735
"NO",2021,6,"SR",720,711
"NO",2021,7,"SR",744,732
"NO",2021,8,"SR",744,732
"NO",2021,9,"SR",720,653
"NO",2021,10,"SR",744,735
"NO",2021,11,"SR",720,713
"NO",2021,12,"SR",744,736
"NO",2021,1,"TOUT",744,744
"NO",2021,2,"TOUT",672,668
"NO",2021,3,"TOUT",744,742
"NO",2021,4,"TOUT",720,717
"NO",2021,5,"TOUT",744,743
"NO",2021,6,"TOUT",720,719
"NO",2021,7,"TOUT",744,743
"NO",2021,8,"TOUT",744,735
"NO",2021,9,"TOUT",720,655
"NO",2021,10,"TOUT",744,742
"NO",2021,11,"TOUT",720,715
"NO",2021,12,"TOUT",744,736
"NO",2021,1,"WSR",744,644
"NO",2021,2,"WSR",672,596
"NO",2021,3,"WSR",744,700
"NO",2021,4,"WSR",720,711
"NO",2021,5,"WSR",744,694
"NO",2021,6,"WSR",720,515
"NO",2021,7,"WSR",744,565
"NO",2021,8,"WSR",744,700
"NO",2021,9,"WSR",720,368
"NO",2021,10,"WSR",744,577
"NO",2021,11,"WSR",720,708
"NO",2021,12,"WSR",744,736
"NO",2021,1,"WDR",744,744
"NO",2021,2,"WDR",672,668
"NO",2021,3,"WDR",744,742
"NO",2021,4,"WDR",720,606
"NO",2021,5,"WDR",744,358
"NO",2021,6,"WDR",720,502
"NO",2021,7,"WDR",744,732
"NO",2021,8,"WDR",744,714
"NO",2021,9,"WDR",720,655
"NO",2021,10,"WDR",744,740
"NO",2021,11,"WDR",720,715
"NO",2021,12,"WDR",744,734
"NO2",2021,1,"CO",744,743
"NO2",2021,2,"CO",672,659
"NO2",2021,3,"CO",744,741
"NO2",2021,4,"CO",720,715
"NO2",2021,5,"CO",744,743
"NO2",2021,6,"CO",720,714
"NO2",2021,7,"CO",744,742
"NO2",2021,8,"CO",744,739
"NO2",2021,9,"CO",720,451
"NO2",2021,10,"CO",744,741
"NO2",2021,11,"CO",720,715
"NO2",2021,12,"CO",744,741
"NO2",2021,1,"NO",744,743
"NO2",2021,2,"NO",672,604
"NO2",2021,3,"NO",744,669
"NO2",2021,4,"NO",720,693
"NO2",2021,5,"NO",744,711
"NO2",2021,6,"NO",720,692
"NO2",2021,7,"NO",744,732
"NO2",2021,8,"NO",744,733
"NO2",2021,9,"NO",720,402
"NO2",2021,10,"NO",744,727
"NO2",2021,11,"NO",720,715
"NO2",2021,12,"NO",744,739
"NO2",2021,1,"NO2",744,743
"NO2",2021,2,"NO2",672,604
"NO2",2021,3,"NO2",744,668
"NO2",2021,4,"NO2",720,693
"NO2",2021,5,"NO2",744,711
"NO2",2021,6,"NO2",720,692
"NO2",2021,7,"NO2",744,732
"NO2",2021,8,"NO2",744,733
"NO2",2021,9,"NO2",720,402
"NO2",2021,10,"NO2",744,733
"NO2",2021,11,"NO2",720,715
"NO2",2021,12,"NO2",744,741
"NO2",2021,1,"NOX",744,743
"NO2",2021,2,"NOX",672,604
"NO2",2021,3,"NOX",744,665
"NO2",2021,4,"NOX",720,693
"NO2",2021,5,"NOX",744,710
"NO2",2021,6,"NOX",720,692
"NO2",2021,7,"NOX",744,732
"NO2",2021,8,"NOX",744,733
"NO2",2021,9,"NOX",720,402
"NO2",2021,10,"NOX",744,735
"NO2",2021,11,"NOX",720,715
"NO2",2021,12,"NOX",744,741
"NO2",2021,1,"O3",744,714
"NO2",2021,2,"O3",672,651
"NO2",2021,3,"O3",744,694
"NO2",2021,4,"O3",720,709
"NO2",2021,5,"O3",744,727
"NO2",2021,6,"O3",720,705
"NO2",2021,7,"O3",744,720
"NO2",2021,8,"O3",744,720
"NO2",2021,9,"O3",720,445
"NO2",2021,10,"O3",744,735
"NO2",2021,11,"O3",720,697
"NO2",2021,12,"O3",744,725
"NO2",2021,1,"PM10",744,740
"NO2",2021,2,"PM10",672,657
"NO2",2021,3,"PM10",744,728
"NO2",2021,4,"PM10",720,714
"NO2",2021,5,"PM10",744,701
"NO2",2021,6,"PM10",720,708
"NO2",2021,7,"PM10",744,728
"NO2",2021,8,"PM10",744,738
"NO2",2021,9,"PM10",720,451
"NO2",2021,10,"PM10",744,742
"NO2",2021,11,"PM10",720,713
"NO2",2021,12,"PM10",744,739
"NO2",2021,1,"PM2.5",744,739
"NO2",2021,2,"PM2.5",672,642
"NO2",2021,3,"PM2.5",744,743
"NO2",2021,4,"PM2.5",720,706
"NO2",2021,5,"PM2.5",744,741
"NO2",2021,6,"PM2.5",720,702
"NO2",2021,7,"PM2.5",744,710
"NO2",2021,8,"PM2.5",744,669
"NO2",2021,9,"PM2.5",720,449
"NO2",2021,10,"PM2.5",744,738
"NO2",2021,11,"PM2.5",720,708
"NO2",2021,12,"PM2.5",744,731
"NO2",2021,1,"PRS",744,742
"NO2",2021,2,"PRS",672,659
"NO2",2021,3,"PRS",744,434
"NO2",2021,4,"PRS",720,599
"NO2",2021,5,"PRS",744,673
"NO2",2021,6,"PRS",720,683
"NO2",2021,7,"PRS",744,742
"NO2",2021,8,"PRS",744,736
"NO2",2021,9,"PRS",720,451
"NO2",2021,10,"PRS",744,686
"NO2",2021,11,"PRS",720,715
"NO2",2021,12,"PRS",744,740
"NO2",2021,1,"RAINF",744,742
"NO2",2021,2,"RAINF",672,659
"NO2",2021,3,"RAINF",744,743
"NO2",2021,4,"RAINF",720,715
"NO2",2021,5,"RAINF",744,743
"NO2",2021,6,"RAINF",720,715
"NO2",2021,7,"RAINF",744,742
"NO2",2021,8,"RAINF",744,739
"NO2",2021,9,"RAINF",720,451
"NO2",2021,10,"RAINF",744,742
"NO2",2021,11,"RAINF",720,715
"NO2",2021,12,"RAINF",744,740
"NO2",2021,1,"RH",744,737
"NO2",2021,2,"RH",672,648
"NO2",2021,3,"RH",744,475
"NO2",2021,4,"RH",720,715
"NO2",2021,5,"RH",744,743
"NO2",2021,6,"RH",720,715
"NO2",2021,7,"RH",744,742
"NO2",2021,8,"RH",744,739
"NO2",2021,9,"RH",720,450
"NO2",2021,10,"RH",744,742
"NO2",2021,11,"RH",720,715
"NO2",2021,12,"RH",744,740
"NO2",2021,1,"SO2",744,725
"NO2",2021,2,"SO2",672,643
"NO2",2021,3,"SO2",744,462
"NO2",2021,4,"SO2",720,519
"NO2",2021,5,"SO2",744,542
"NO2",2021,6,"SO2",720,504
"NO2",2021,7,"SO2",744,552
"NO2",2021,8,"SO2",744,575
"NO2",2021,9,"SO2",720,366
"NO2",2021,10,"SO2",744,621
"NO2",2021,11,"SO2",720,648
"NO2",2021,12,"SO2",744,733
"NO2",2021,1,"SR",744,744
"NO2",2021,2,"SR",672,668
"NO2",2021,3,"SR",744,743
"NO2",2021,4,"SR",720,715
"NO2",2021,5,"SR",744,741
"NO2",2021,6,"SR",720,710
"NO2",2021,7,"SR",744,743
"NO2",2021,8,"SR",744,739
"NO2",2021,9,"SR",720,679
"NO2",2021,10,"SR",744,741
"NO2",2021,11,"SR",720,719
"NO2",2021,12,"SR",744,743
"NO2",2021,1,"TOUT",744,743
"NO2",2021,2,"TOUT",672,659
"NO2",2021,3,"TOUT",744,400
"NO2",2021,4,"TOUT",720,715
"NO2",2021,5,"TOUT",744,742
"NO2",2021,6,"TOUT",720,715
"NO2",2021,7,"TOUT",744,742
"NO2",2021,8,"TOUT",744,739
"NO2",2021,9,"TOUT",720,451
"NO2",2021,10,"TOUT",744,742
"NO2",2021,11,"TOUT",720,714
"NO2",2021,12,"TOUT",744,740
"NO2",2021,1,"WSR",744,635
"NO2",2021,2,"WSR",672,567
"NO2",2021,3,"WSR",744,700
"NO2",2021,4,"WSR",720,715
"NO2",2021,5,"WSR",744,545
"NO2",2021,6,"WSR",720,704
"NO2",2021,7,"WSR",744,742
"NO2",2021,8,"WSR",744,739
"NO2",2021,9,"WSR",720,451
"NO2",2021,10,"WSR",744,742
"NO2",2021,11,"WSR",720,715
"NO2",2021,12,"WSR",744,740
"NO2",2021,1,"WDR",744,395
"NO2",2021,2,"WDR",672,288
"NO2",2021,3,"WDR",744,460
"NO2",2021,4,"WDR",720,715
"NO2",2021,5,"WDR",744,581
"NO2",2021,6,"WDR",720,714
"NO2",2021,7,"WDR",744,742
"NO2",2021,8,"WDR",744,738
"NO2",2021,9,"WDR",720,450
"NO2",2021,10,"WDR",744,741
"NO2",2021,11,"WDR",720,715
"NO2",2021,12,"WDR",744,740
"NTE",2021,1,"CO",744,0
"NTE",2021,2,"CO",672,0
"NTE",2021,3,"CO",744,2
"NTE",2021,4,"CO",720,713
"NTE",2021,5,"CO",744,743
"NTE",2021,6,"CO",720,717
"NTE",2021,7,"CO",744,743
"NTE",2021,8,"CO",744,740
"NTE",2021,9,"CO",720,704
"NTE",2021,10,"CO",744,675
"NTE",2021,11,"CO",720,711
"NTE",2021,12,"CO",744,737
"NTE",2021,1,"NO",744,0
"NTE",2021,2,"NO",672,121
"NTE",2021,3,"NO",744,659
"NTE",2021,4,"NO",720,422
"NTE",2021,5,"NO",744,76
"NTE",2021,6,"NO",720,497
"NTE",2021,7,"NO",744,675
"NTE",2021,8,"NO",744,656
"NTE",2021,9,"NO",720,605
"NTE",2021,10,"NO",744,694
"NTE",2021,11,"NO",720,711
"NTE",2021,12,"NO",744,736
"NTE",2021,1,"NO2",744,0
"NTE",2021,2,"NO2",672,120
"NTE",2021,3,"NO2",744,659
"NTE",2021,4,"NO2",720,416
"NTE",2021,5,"NO2",744,75
"NTE",2021,6,"NO2",720,497
"NTE",2021,7,"NO2",744,675
"NTE",2021,8,"NO2",744,656
"NTE",2021,9,"NO2",720,605
"NTE",2021,10,"NO2",744,694
"NTE",2021,11,"NO2",720,714
"NTE",2021,12,"NO2",744,737
"NTE",2021,1,"NOX",744,0
"NTE",2021,2,"NOX",672,120
"NTE",2021,3,"NOX",744,659
"NTE",2021,4,"NOX",720,411
"NTE",2021,5,"NOX",744,73
"NTE",2021,6,"NOX",720,497
"NTE",2021,7,"NOX",744,675
"NTE",2021,8,"NOX",744,656
"NTE",2021,9,"NOX",720,605
"NTE",2021,10,"NOX",744,694
"NTE",2021,11,"NOX",720,714
"NTE",2021,12,"NOX",744,737
"NTE",2021,1,"O3",744,0
"NTE",2021,2,"O3",672,56
"NTE",2021,3,"O3",744,736
"NTE",2021,4,"O3",720,712
"NTE",2021,5,"O3",744,743
"NTE",2021,6,"O3",720,716
"NTE",2021,7,"O3",744,741
"NTE",2021,8,"O3",744,737
"NTE",2021,9,"O3",720,704
"NTE",2021,10,"O3",744,657
"NTE",2021,11,"O3",720,674
"NTE",2021,12,"O3",744,661
"NTE",2021,1,"PM10",744,555
"NTE",2021,2,"PM10",672,661
"NTE",2021,3,"PM10",744,713
"NTE",2021,4,"PM10",720,714
"NTE",2021,5,"PM10",744,741
"NTE",2021,6,"PM10",720,596
"NTE",2021,7,"PM10",744,706
"NTE",2021,8,"PM10",744,703
"NTE",2021,9,"PM10",720,690
"NTE",2021,10,"PM10",744,701
"NTE",2021,11,"PM10",720,703
"NTE",2021,12,"PM10",744,736
"NTE",2021,1,"PM2.5",744,505
"NTE",2021,2,"PM2.5",672,640
"NTE",2021,3,"PM2.5",744,702
"NTE",2021,4,"PM2.5",720,676
"NTE",2021,5,"PM2.5",744,734
"NTE",2021,6,"PM2.5",720,693
"NTE",2021,7,"PM2.5",744,507
"NTE",2021,8,"PM2.5",744,604
"NTE",2021,9,"PM2.5",720,328
"NTE",2021,10,"PM2.5",744,582
"NTE",2021,11,"PM2.5",720,651
"NTE",2021,12,"PM2.5",744,691
"NTE",2021,1,"PRS",744,0
"NTE",2021,2,"PRS",672,0
"NTE",2021,3,"PRS",744,31
"NTE",2021,4,"PRS",720,717
"NTE",2021,5,"PRS",744,743
"NTE",2021,6,"PRS",720,717
"NTE",2021,7,"PRS",744,743
"NTE",2021,8,"PRS",744,740
"NTE",2021,9,"PRS",720,703
"NTE",2021,10,"PRS",744,690
"NTE",2021,11,"PRS",720,713
"NTE",2021,12,"PRS",744,737
"NTE",2021,1,"RAINF",744,0
"NTE",2021,2,"RAINF",672,0
"NTE",2021,3,"RAINF",744,31
"NTE",2021,4,"RAINF",720,717
"NTE",2021,5,"RAINF",744,743
"NTE",2021,6,"RAINF",720,717
"NTE",2021,7,"RAINF",744,743
"NTE",2021,8,"RAINF",744,740
"NTE",2021,9,"RAINF",720,704
"NTE",2021,10,"RAINF",744,693
"NTE",2021,11,"RAINF",720,713
"NTE",2021,12,"RAINF",744,737
"NTE",2021,1,"RH",744,0
"NTE",2021,2,"RH",672,0
"NTE",2021,3,"RH",744,31
"NTE",2021,4,"RH",720,717
"NTE",2021,5,"RH",744,743
"NTE",2021,6,"RH",720,576
"NTE",2021,7,"RH",744,719
"NTE",2021,8,"RH",744,740
"NTE",2021,9,"RH",720,692
"NTE",2021,10,"RH",744,304
"NTE",2021,11,"RH",720,713
"NTE",2021,12,"RH",744,737
"NTE",2021,1,"SO2",744,0
"NTE",2021,2,"SO2",672,2
"NTE",2021,3,"SO2",744,546
"NTE",2021,4,"SO2",720,678
"NTE",2021,5,"SO2",744,708
"NTE",2021,6,"SO2",720,528
"NTE",2021,7,"SO2",744,639
"NTE",2021,8,"SO2",744,661
"NTE",2021,9,"SO2",720,639
"NTE",2021,10,"SO2",744,590
"NTE",2021,11,"SO2",720,579
"NTE",2021,12,"SO2",744,639
"NTE",2021,1,"SR",744,696
"NTE",2021,2,"SR",672,616
"NTE",2021,3,"SR",744,659
"NTE",2021,4,"SR",720,717
"NTE",2021,5,"SR",744,743
"NTE",2021,6,"SR",720,719
"NTE",2021,7,"SR",744,743
"NTE",2021,8,"SR",744,743
"NTE",2021,9,"SR",720,704
"NTE",2021,10,"SR",744,693
"NTE",2021,11,"SR",720,712
"NTE",2021,12,"SR",744,743
"NTE",2021,1,"TOUT",744,0
"NTE",2021,2,"TOUT",672,0
"NTE",2021,3,"TOUT",744,31
"NTE",2021,4,"TOUT",720,717
"NTE",2021,5,"TOUT",744,743
"NTE",2021,6,"TOUT",720,717
"NTE",2021,7,"TOUT",744,743
"NTE",2021,8,"TOUT",744,740
"NTE",2021,9,"TOUT",720,703
"NTE",2021,10,"TOUT",744,692
"NTE",2021,11,"TOUT",720,714
"NTE",2021,12,"TOUT",744,737
"NTE",2021,1,"WSR",744,0
"NTE",2021,2,"WSR",672,0
"NTE",2021,3,"WSR",744,31
"NTE",2021,4,"WSR",720,717
"NTE",2021,5,"WSR",744,743
"NTE",2021,6,"WSR",720,717
"NTE",2021,7,"WSR",744,743
"NTE",2021,8,"WSR",744,739
"NTE",2021,9,"WSR",720,704
"NTE",2021,10,"WSR",744,693
"NTE",2021,11,"WSR",720,714
"NTE",2021,12,"WSR",744,737
"NTE",2021,1,"WDR",744,0
"NTE",2021,2,"WDR",672,0
"NTE",2021,3,"WDR",744,31
"NTE",2021,4,"WDR",720,717
"NTE",2021,5,"WDR",744,743
"NTE",2021,6,"WDR",720,717
"NTE",2021,7,"WDR",744,742
"NTE",2021,8,"WDR",744,740
"NTE",2021,9,"WDR",720,703
"NTE",2021,10,"WDR",744,691
"NTE",2021,11,"WDR",720,714
"NTE",2021,12,"WDR",744,737
"NTE2",2021,1,"CO",744,743
"NTE2",2021,2,"CO",672,652
"NTE2",2021,3,"CO",744,710
"NTE2",2021,4,"CO",720,717
"NTE2",2021,5,"CO",744,735
"NTE2",2021,6,"CO",720,719
"NTE2",2021,7,"CO",744,741
"NTE2",2021,8,"CO",744,742
"NTE2",2021,9,"CO",720,692
"NTE2",2021,10,"CO",744,734
"NTE2",2021,11,"CO",720,716
"NTE2",2021,12,"CO",744,743
"NTE2",2021,1,"NO",744,0
"NTE2",2021,2,"NO",672,98
"NTE2",2021,3,"NO",744,533
"NTE2",2021,4,"NO",720,575
"NTE2",2021,5,"NO",744,722
"NTE2",2021,6,"NO",720,669
"NTE2",2021,7,"NO",744,740
"NTE2",2021,8,"NO",744,738
"NTE2",2021,9,"NO",720,690
"NTE2",2021,10,"NO",744,735
"NTE2",2021,11,"NO",720,716
"NTE2",2021,12,"NO",744,743
"NTE2",2021,1,"NO2",744,0
"NTE2",2021,2,"NO2",672,98
"NTE2",2021,3,"NO2",744,533
"NTE2",2021,4,"NO2",720,575
"NTE2",2021,5,"NO2",744,722
"NTE2",2021,6,"NO2",720,667
"NTE2",2021,7,"NO2",744,740
"NTE2",2021,8,"NO2",744,738
"NTE2",2021,9,"NO2",720,690
"NTE2",2021,10,"NO2",744,735
"NTE2",2021,11,"NO2",720,710
"NTE2",2021,12,"NO2",744,743
"NTE2",2021,1,"NOX",744,0
"NTE2",2021,2,"NOX",672,98
"NTE2",2021,3,"NOX",744,533
"NTE2",2021,4,"NOX",720,575
"NTE2",2021,5,"NOX",744,722
"NTE2",2021,6,"NOX",720,661
"NTE2",2021,7,"NOX",744,740
"NTE2",2021,8,"NOX",744,738
"NTE2",2021,9,"NOX",720,690
"NTE2",2021,10,"NOX",744,736
"NTE2",2021,11,"NOX",720,716
"NTE2",2021,12,"NOX",744,743
"NTE2",2021,1,"O3",744,232
"NTE2",2021,2,"O3",672,497
"NTE2",2021,3,"O3",744,704
"NTE2",2021,4,"O3",720,716
"NTE2",2021,5,"O3",744,735
"NTE2",2021,6,"O3",720,719
"NTE2",2021,7,"O3",744,740
"NTE2",2021,8,"O3",744,739
"NTE2",2021,9,"O3",720,690
"NTE2",2021,10,"O3",744,731
"NTE2",2021,11,"O3",720,705
"NTE2",2021,12,"O3",744,720
"NTE2",2021,1,"PM10",744,738
"NTE2",2021,2,"PM10",672,495
"NTE2",2021,3,"PM10",744,673
"NTE2",2021,4,"PM10",720,708
"NTE2",2021,5,"PM10",744,731
"NTE2",2021,6,"PM10",720,719
"NTE2",2021,7,"PM10",744,724
"NTE2",2021,8,"PM10",744,742
"NTE2",2021,9,"PM10",720,692
"NTE2",2021,10,"PM10",744,699
"NTE2",2021,11,"PM10",720,714
"NTE2",2021,12,"PM10",744,742
"NTE2",2021,1,"PM2.5",744,708
"NTE2",2021,2,"PM2.5",672,605
"NTE2",2021,3,"PM2.5",744,656
"NTE2",2021,4,"PM2.5",720,610
"NTE2",2021,5,"PM2.5",744,666
"NTE2",2021,6,"PM2.5",720,666
"NTE2",2021,7,"PM2.5",744,692
"NTE2",2021,8,"PM2.5",744,676
"NTE2",2021,9,"PM2.5",720,659
"NTE2",2021,10,"PM2.5",744,690
"NTE2",2021,11,"PM2.5",720,699
"NTE2",2021,12,"PM2.5",744,724
"NTE2",2021,1,"PRS",744,742
"NTE2",2021,2,"PRS",672,652
"NTE2",2021,3,"PRS",744,709
"NTE2",2021,4,"PRS",720,717
"NTE2",2021,5,"PRS",744,734
"NTE2",2021,6,"PRS",720,718
"NTE2",2021,7,"PRS",744,741
"NTE2",2021,8,"PRS",744,742
"NTE2",2021,9,"PRS",720,692
"NTE2",2021,10,"PRS",744,735
"NTE2",2021,11,"PRS",720,714
"NTE2",2021,12,"PRS",744,743
"NTE2",2021,1,"RAINF",744,742
"NTE2",2021,2,"RAINF",672,653
"NTE2",2021,3,"RAINF",744,733
"NTE2",2021,4,"RAINF",720,716
"NTE2",2021,5,"RAINF",744,735
"NTE2",2021,6,"RAINF",720,719
"NTE2",2021,7,"RAINF",744,741
"NTE2",2021,8,"RAINF",744,742
"NTE2",2021,9,"RAINF",720,692
"NTE2",2021,10,"RAINF",744,736
"NTE2",2021,11,"RAINF",720,716
"NTE2",2021,12,"RAINF",744,743
"NTE2",2021,1,"RH",744,742
"NTE2",2021,2,"RH",672,652
"NTE2",2021,3,"RH",744,710
"NTE2",2021,4,"RH",720,715
"NTE2",2021,5,"RH",744,735
"NTE2",2021,6,"RH",720,719
"NTE2",2021,7,"RH",744,741
"NTE2",2021,8,"RH",744,742
"NTE2",2021,9,"RH",720,692
"NTE2",2021,10,"RH",744,736
"NTE2",2021,11,"RH",720,716
"NTE2",2021,12,"RH",744,743
"NTE2",2021,1,"SO2",744,0
"NTE2",2021,2,"SO2",672,30
"NTE2",2021,3,"SO2",744,437
"NTE2",2021,4,"SO2",720,140
"NTE2",2021,5,"SO2",744,0
"NTE2",2021,6,"SO2",720,27
"NTE2",2021,7,"SO2",744,14
"NTE2",2021,8,"SO2",744,0
"NTE2",2021,9,"SO2",720,94
"NTE2",2021,10,"SO2",744,596
"NTE2",2021,11,"SO2",720,714
"NTE2",2021,12,"SO2",744,743
"NTE2",2021,1,"SR",744,743
"NTE2",2021,2,"SR",672,671
"NTE2",2021,3,"SR",744,736
"NTE2",2021,4,"SR",720,718
"NTE2",2021,5,"SR",744,744
"NTE2",2021,6,"SR",720,719
"NTE2",2021,7,"SR",744,742
"NTE2",2021,8,"SR",744,743
"NTE2",2021,9,"SR",720,718
"NTE2",2021,10,"SR",744,744
"NTE2",2021,11,"SR",720,720
"NTE2",2021,12,"SR",744,744
"NTE2",2021,1,"TOUT",744,743
"NTE2",2021,2,"TOUT",672,653
"NTE2",2021,3,"TOUT",744,703
"NTE2",2021,4,"TOUT",720,717
"NTE2",2021,5,"TOUT",744,735
"NTE2",2021,6,"TOUT",720,719
"NTE2",2021,7,"TOUT",744,741
"NTE2",2021,8,"TOUT",744,742
"NTE2",2021,9,"TOUT",720,692
"NTE2",2021,10,"TOUT",744,736
"NTE2",2021,11,"TOUT",720,716
"NTE2",2021,12,"TOUT",744,743
"NTE2",2021,1,"WSR",744,743
"NTE2",2021,2,"WSR",672,653
"NTE2",2021,3,"WSR",744,733
"NTE2",2021,4,"WSR",720,717
"NTE2",2021,5,"WSR",744,735
"NTE2",2021,6,"WSR",720,719
"NTE2",2021,7,"WSR",744,740
"NTE2",2021,8,"WSR",744,742
"NTE2",2021,9,"WSR",720,692
"NTE2",2021,10,"WSR",744,736
"NTE2",2021,11,"WSR",720,716
"NTE2",2021,12,"WSR",744,743
"NTE2",2021,1,"WDR",744,743
"NTE2",2021,2,"WDR",672,651
"NTE2",2021,3,"WDR",744,731
"NTE2",2021,4,"WDR",720,714
"NTE2",2021,5,"WDR",744,735
"NTE2",2021,6,"WDR",720,718
"NTE2",2021,7,"WDR",744,739
"NTE2",2021,8,"WDR",744,740
"NTE2",2021,9,"WDR",720,692
"NTE2",2021,10,"WDR",744,735
"NTE2",2021,11,"WDR",720,714
"NTE2",2021,12,"WDR",744,743
"SE",2021,1,"CO",744,742
"SE",2021,2,"CO",672,669
"SE",2021,3,"CO",744,588
"SE",2021,4,"CO",720,694
"SE",2021,5,"CO",744,658
"SE",2021,6,"CO",720,713
"SE",2021,7,"CO",744,742
"SE",2021,8,"CO",744,734
"SE",2021,9,"CO",720,626
"SE",2021,10,"CO",744,741
"SE",2021,11,"CO",720,717
"SE",2021,12,"CO",744,733
"SE",2021,1,"NO",744,0
"SE",2021,2,"NO",672,0
"SE",2021,3,"NO",744,230
"SE",2021,4,"NO",720,407
"SE",2021,5,"NO",744,601
"SE",2021,6,"NO",720,625
"SE",2021,7,"NO",744,726
"SE",2021,8,"NO",744,678
"SE",2021,9,"NO",720,554
"SE",2021,10,"NO",744,730
"SE",2021,11,"NO",720,706
"SE",2021,12,"NO",744,730
"SE",2021,1,"NO2",744,0
"SE",2021,2,"NO2",672,0
"SE",2021,3,"NO2",744,563
"SE",2021,4,"NO2",720,677
"SE",2021,5,"NO2",744,657
"SE",2021,6,"NO2",720,712
"SE",2021,7,"NO2",744,741
"SE",2021,8,"NO2",744,733
"SE",2021,9,"NO2",720,623
"SE",2021,10,"NO2",744,741
"SE",2021,11,"NO2",720,716
"SE",2021,12,"NO2",744,732
"SE",2021,1,"NOX",744,0
"SE",2021,2,"NOX",672,0
"SE",2021,3,"NOX",744,563
"SE",2021,4,"NOX",720,677
"SE",2021,5,"NOX",744,657
"SE",2021,6,"NOX",720,713
"SE",2021,7,"NOX",744,742
"SE",2021,8,"NOX",744,732
"SE",2021,9,"NOX",720,625
"SE",2021,10,"NOX",744,741
"SE",2021,11,"NOX",720,716
"SE",2021,12,"NOX",744,733
"SE",2021,1,"O3",744,690
"SE",2021,2,"O3",672,567
"SE",2021,3,"O3",744,728
"SE",2021,4,"O3",720,692
"SE",2021,5,"O3",744,657
"SE",2021,6,"O3",720,710
"SE",2021,7,"O3",744,740
"SE",2021,8,"O3",744,729
"SE",2021,9,"O3",720,623
"SE",2021,10,"O3",744,742
"SE",2021,11,"O3",720,689
"SE",2021,12,"O3",744,704
"SE",2021,1,"PM10",744,735
"SE",2021,2,"PM10",672,632
"SE",2021,3,"PM10",744,674
"SE",2021,4,"PM10",720,698
"SE",2021,5,"PM10",744,656
"SE",2021,6,"PM10",720,652
"SE",2021,7,"PM10",744,742
"SE",2021,8,"PM10",744,711
"SE",2021,9,"PM10",720,617
"SE",2021,10,"PM10",744,740
"SE",2021,11,"PM10",720,717
"SE",2021,12,"PM10",744,728
"SE",2021,1,"PM2.5",744,734
"SE",2021,2,"PM2.5",672,656
"SE",2021,3,"PM2.5",744,682
"SE",2021,4,"PM2.5",720,693
"SE",2021,5,"PM2.5",744,627
"SE",2021,6,"PM2.5",720,676
"SE",2021,7,"PM2.5",744,696
"SE",2021,8,"PM2.5",744,729
"SE",2021,9,"PM2.5",720,572
"SE",2021,10,"PM2.5",744,711
"SE",2021,11,"PM2.5",720,709
"SE",2021,12,"PM2.5",744,722
"SE",2021,1,"PRS",744,614
"SE",2021,2,"PRS",672,232
"SE",2021,3,"PRS",744,702
"SE",2021,4,"PRS",720,697
"SE",2021,5,"PRS",744,656
"SE",2021,6,"PRS",720,713
"SE",2021,7,"PRS",744,742
"SE",2021,8,"PRS",744,734
"SE",2021,9,"PRS",720,625
"SE",2021,10,"PRS",744,742
"SE",2021,11,"PRS",720,717
"SE",2021,12,"PRS",744,732
"SE",2021,1,"RAINF",744,739
"SE",2021,2,"RAINF",672,669
"SE",2021,3,"RAINF",744,734
"SE",2021,4,"RAINF",720,696
"SE",2021,5,"RAINF",744,657
"SE",2021,6,"RAINF",720,712
"SE",2021,7,"RAINF",744,742
"SE",2021,8,"RAINF",744,734
"SE",2021,9,"RAINF",720,626
"SE",2021,10,"RAINF",744,742
"SE",2021,11,"RAINF",720,717
"SE",2021,12,"RAINF",744,733
"SE",2021,1,"RH",744,737
"SE",2021,2,"RH",672,665
"SE",2021,3,"RH",744,734
"SE",2021,4,"RH",720,696
"SE",2021,5,"RH",744,641
"SE",2021,6,"RH",720,712
"SE",2021,7,"RH",744,742
"SE",2021,8,"RH",744,733
"SE",2021,9,"RH",720,611
"SE",2021,10,"RH",744,742
"SE",2021,11,"RH",720,717
"SE",2021,12,"RH",744,733
"SE",2021,1,"SO2",744,693
"SE",2021,2,"SO2",672,622
"SE",2021,3,"SO2",744,657
"SE",2021,4,"SO2",720,670
"SE",2021,5,"SO2",744,627
"SE",2021,6,"SO2",720,693
"SE",2021,7,"SO2",744,661
"SE",2021,8,"SO2",744,709
"SE",2021,9,"SO2",720,621
"SE",2021,10,"SO2",744,691
"SE",2021,11,"SO2",720,694
"SE",2021,12,"SO2",744,728
"SE",2021,1,"SR",744,744
"SE",2021,2,"SR",672,670
"SE",2021,3,"SR",744,741
"SE",2021,4,"SR",720,715
"SE",2021,5,"SR",744,726
"SE",2021,6,"SR",720,719
"SE",2021,7,"SR",744,743
"SE",2021,8,"SR",744,738
"SE",2021,9,"SR",720,695
"SE",2021,10,"SR",744,743
"SE",2021,11,"SR",720,719
"SE",2021,12,"SR",744,739
"SE",2021,1,"TOUT",744,386
"SE",2021,2,"TOUT",672,328
"SE",2021,3,"TOUT",744,716
"SE",2021,4,"TOUT",720,511
"SE",2021,5,"TOUT",744,249
"SE",2021,6,"TOUT",720,358
"SE",2021,7,"TOUT",744,288
"SE",2021,8,"TOUT",744,498
"SE",2021,9,"TOUT",720,550
"SE",2021,10,"TOUT",744,742
"SE",2021,11,"TOUT",720,717
"SE",2021,12,"TOUT",744,733
"SE",2021,1,"WSR",744,743
"SE",2021,2,"WSR",672,667
"SE",2021,3,"WSR",744,734
"SE",2021,4,"WSR",720,696
"SE",2021,5,"WSR",744,657
"SE",2021,6,"WSR",720,712
"SE",2021,7,"WSR",744,742
"SE",2021,8,"WSR",744,734
"SE",2021,9,"WSR",720,626
"SE",2021,10,"WSR",744,742
"SE",2021,11,"WSR",720,717
"SE",2021,12,"WSR",744,733
"SE",2021,1,"WDR",744,17
"SE",2021,2,"WDR",672,49
"SE",2021,3,"WDR",744,80
"SE",2021,4,"WDR",720,696
"SE",2021,5,"WDR",744,657
"SE",2021,6,"WDR",720,712
"SE",2021,7,"WDR",744,742
"SE",2021,8,"WDR",744,734
"SE",2021,9,"WDR",720,626
"SE",2021,10,"WDR",744,741
"SE",2021,11,"WDR",720,717
"SE",2021,12,"WDR",744,733
"SE2",2021,1,"CO",744,536
"SE2",2021,2,"CO",672,548
"SE2",2021,3,"CO",744,617
"SE2",2021,4,"CO",720,599
"SE2",2021,5,"CO",744,699
"SE2",2021,6,"CO",720,575
"SE2",2021,7,"CO",744,534
"SE2",2021,8,"CO",744,708
"SE2",2021,9,"CO",720,707
"SE2",2021,10,"CO",744,738
"SE2",2021,11,"CO",720,707
"SE2",2021,12,"CO",744,743
"SE2",2021,1,"NO",744,0
"SE2",2021,2,"NO",672,0
"SE2",2021,3,"NO",744,419
"SE2",2021,4,"NO",720,610
"SE2",2021,5,"NO",744,695
"SE2",2021,6,"NO",720,669
"SE2",2021,7,"NO",744,600
"SE2",2021,8,"NO",744,702
"SE2",2021,9,"NO",720,692
"SE2",2021,10,"NO",744,731
"SE2",2021,11,"NO",720,704
"SE2",2021,12,"NO",744,742
"SE2",2021,1,"NO2",744,0
"SE2",2021,2,"NO2",672,0
"SE2",2021,3,"NO2",744,419
"SE2",2021,4,"NO2",720,610
"SE2",2021,5,"NO2",744,695
"SE2",2021,6,"NO2",720,669
"SE2",2021,7,"NO2",744,600
"SE2",2021,8,"NO2",744,702
"SE2",2021,9,"NO2",720,692
"SE2",2021,10,"NO2",744,734
"SE2",2021,11,"NO2",720,707
"SE2",2021,12,"NO2",744,743
"SE2",2021,1,"NOX",744,0
"SE2",2021,2,"NOX",672,0
"SE2",2021,3,"NOX",744,419
"SE2",2021,4,"NOX",720,610
"SE2",2021,5,"NOX",744,695
"SE2",2021,6,"NOX",720,668
"SE2",2021,7,"NOX",744,600
"SE2",2021,8,"NOX",744,702
"SE2",2021,9,"NOX",720,692
"SE2",2021,10,"NOX",744,734
"SE2",2021,11,"NOX",720,707
"SE2",2021,12,"NOX",744,743
"SE2",2021,1,"O3",744,0
"SE2",2021,2,"O3",672,0
"SE2",2021,3,"O3",744,650
"SE2",2021,4,"O3",720,315
"SE2",2021,5,"O3",744,38
"SE2",2021,6,"O3",720,141
"SE2",2021,7,"O3",744,608
"SE2",2021,8,"O3",744,706
"SE2",2021,9,"O3",720,707
"SE2",2021,10,"O3",744,731
"SE2",2021,11,"O3",720,696
"SE2",2021,12,"O3",744,721
"SE2",2021,1,"PM10",744,594
"SE2",2021,2,"PM10",672,546
"SE2",2021,3,"PM10",744,704
"SE2",2021,4,"PM10",720,707
"SE2",2021,5,"PM10",744,685
"SE2",2021,6,"PM10",720,671
"SE2",2021,7,"PM10",744,579
"SE2",2021,8,"PM10",744,706
"SE2",2021,9,"PM10",720,704
"SE2",2021,10,"PM10",744,678
"SE2",2021,11,"PM10",720,709
"SE2",2021,12,"PM10",744,741
"SE2",2021,1,"PM2.5",744,637
"SE2",2021,2,"PM2.5",672,529
"SE2",2021,3,"PM2.5",744,694
"SE2",2021,4,"PM2.5",720,613
"SE2",2021,5,"PM2.5",744,675
"SE2",2021,6,"PM2.5",720,541
"SE2",2021,7,"PM2.5",744,472
"SE2",2021,8,"PM2.5",744,622
"SE2",2021,9,"PM2.5",720,619
"SE2",2021,10,"PM2.5",744,680
"SE2",2021,11,"PM2.5",720,672
"SE2",2021,12,"PM2.5",744,693
"SE2",2021,1,"PRS",744,649
"SE2",2021,2,"PRS",672,548
"SE2",2021,3,"PRS",744,723
"SE2",2021,4,"PRS",720,713
"SE2",2021,5,"PRS",744,713
"SE2",2021,6,"PRS",720,681
"SE2",2021,7,"PRS",744,611
"SE2",2021,8,"PRS",744,708
"SE2",2021,9,"PRS",720,707
"SE2",2021,10,"PRS",744,738
"SE2",2021,11,"PRS",720,707
"SE2",2021,12,"PRS",744,743
"SE2",2021,1,"RAINF",744,0
"SE2",2021,2,"RAINF",672,0
"SE2",2021,3,"RAINF",744,0
"SE2",2021,4,"RAINF",720,624
"SE2",2021,5,"RAINF",744,744
"SE2",2021,6,"RAINF",720,720
"SE2",2021,7,"RAINF",744,744
"SE2",2021,8,"RAINF",744,744
"SE2",2021,9,"RAINF",720,719
"SE2",2021,10,"RAINF",744,744
"SE2",2021,11,"RAINF",720,720
"SE2",2021,12,"RAINF",744,744
"SE2",2021,1,"RH",744,1
"SE2",2021,2,"RH",672,0
"SE2",2021,3,"RH",744,0
"SE2",2021,4,"RH",720,618
"SE2",2021,5,"RH",744,713
"SE2",2021,6,"RH",720,680
"SE2",2021,7,"RH",744,611
"SE2",2021,8,"RH",744,708
"SE2",2021,9,"RH",720,707
"SE2",2021,10,"RH",744,739
"SE2",2021,11,"RH",720,707
"SE2",2021,12,"RH",744,743
"SE2",2021,1,"SO2",744,633
"SE2",2021,2,"SO2",672,540
"SE2",2021,3,"SO2",744,257
"SE2",2021,4,"SO2",720,622
"SE2",2021,5,"SO2",744,642
"SE2",2021,6,"SO2",720,564
"SE2",2021,7,"SO2",744,576
"SE2",2021,8,"SO2",744,673
"SE2",2021,9,"SO2",720,675
"SE2",2021,10,"SO2",744,723
"SE2",2021,11,"SO2",720,703
"SE2",2021,12,"SO2",744,742
"SE2",2021,1,"SR",744,743
"SE2",2021,2,"SR",672,672
"SE2",2021,3,"SR",744,730
"SE2",2021,4,"SR",720,718
"SE2",2021,5,"SR",744,715
"SE2",2021,6,"SR",720,706
"SE2",2021,7,"SR",744,695
"SE2",2021,8,"SR",744,744
"SE2",2021,9,"SR",720,718
"SE2",2021,10,"SR",744,741
"SE2",2021,11,"SR",720,715
"SE2",2021,12,"SR",744,744
"SE2",2021,1,"TOUT",744,650
"SE2",2021,2,"TOUT",672,548
"SE2",2021,3,"TOUT",744,723
"SE2",2021,4,"TOUT",720,714
"SE2",2021,5,"TOUT",744,713
"SE2",2021,6,"TOUT",720,681
"SE2",2021,7,"TOUT",744,611
"SE2",2021,8,"TOUT",744,708
"SE2",2021,9,"TOUT",720,706
"SE2",2021,10,"TOUT",744,739
"SE2",2021,11,"TOUT",720,707
"SE2",2021,12,"TOUT",744,743
"SE2",2021,1,"WSR",744,602
"SE2",2021,2,"WSR",672,506
"SE2",2021,3,"WSR",744,688
"SE2",2021,4,"WSR",720,689
"SE2",2021,5,"WSR",744,701
"SE2",2021,6,"WSR",720,670
"SE2",2021,7,"WSR",744,588
"SE2",2021,8,"WSR",744,693
"SE2",2021,9,"WSR",720,672
"SE2",2021,10,"WSR",744,660
"SE2",2021,11,"WSR",720,629
"SE2",2021,12,"WSR",744,722
"SE2",2021,1,"WDR",744,650
"SE2",2021,2,"WDR",672,548
"SE2",2021,3,"WDR",744,723
"SE2",2021,4,"WDR",720,713
"SE2",2021,5,"WDR",744,713
"SE2",2021,6,"WDR",720,681
"SE2",2021,7,"WDR",744,611
"SE2",2021,8,"WDR",744,708
"SE2",2021,9,"WDR",720,706
"SE2",2021,10,"WDR",744,739
"SE2",2021,11,"WDR",720,707
"SE2",2021,12,"WDR",744,742
"SE3",2021,1,"CO",744,731
"SE3",2021,2,"CO",672,636
"SE3",2021,3,"CO",744,741
"SE3",2021,4,"CO",720,690
"SE3",2021,5,"CO",744,737
"SE3",2021,6,"CO",720,556
"SE3",2021,7,"CO",744,638
"SE3",2021,8,"CO",744,688
"SE3",2021,9,"CO",720,670
"SE3",2021,10,"CO",744,729
"SE3",2021,11,"CO",720,719
"SE3",2021,12,"CO",744,743
"SE3",2021,1,"NO",744,730
"SE3",2021,2,"NO",672,631
"SE3",2021,3,"NO",744,560
"SE3",2021,4,"NO",720,642
"SE3",2021,5,"NO",744,713
"SE3",2021,6,"NO",720,551
"SE3",2021,7,"NO",744,628
"SE3",2021,8,"NO",744,685
"SE3",2021,9,"NO",720,663
"SE3",2021,10,"NO",744,720
"SE3",2021,11,"NO",720,712
"SE3",2021,12,"NO",744,743
"SE3",2021,1,"NO2",744,730
"SE3",2021,2,"NO2",672,631
"SE3",2021,3,"NO2",744,559
"SE3",2021,4,"NO2",720,642
"SE3",2021,5,"NO2",744,713
"SE3",2021,6,"NO2",720,551
"SE3",2021,7,"NO2",744,628
"SE3",2021,8,"NO2",744,685
"SE3",2021,9,"NO2",720,663
"SE3",2021,10,"NO2",744,725
"SE3",2021,11,"NO2",720,719
"SE3",2021,12,"NO2",744,743
"SE3",2021,1,"NOX",744,730
"SE3",2021,2,"NOX",672,631
"SE3",2021,3,"NOX",744,559
"SE3",2021,4,"NOX",720,642
"SE3",2021,5,"NOX",744,713
"SE3",2021,6,"NOX",720,551
"SE3",2021,7,"NOX",744,628
"SE3",2021,8,"NOX",744,684
"SE3",2021,9,"NOX",720,663
"SE3",2021,10,"NOX",744,726
"SE3",2021,11,"NOX",720,718
"SE3",2021,12,"NOX",744,743
"SE3",2021,1,"O3",744,724
"SE3",2021,2,"O3",672,633
"SE3",2021,3,"O3",744,738
"SE3",2021,4,"O3",720,690
"SE3",2021,5,"O3",744,736
"SE3",2021,6,"O3",720,556
"SE3",2021,7,"O3",744,638
"SE3",2021,8,"O3",744,688
"SE3",2021,9,"O3",720,670
"SE3",2021,10,"O3",744,727
"SE3",2021,11,"O3",720,716
"SE3",2021,12,"O3",744,726
"SE3",2021,1,"PM10",744,668
"SE3",2021,2,"PM10",672,544
"SE3",2021,3,"PM10",744,739
"SE3",2021,4,"PM10",720,690
"SE3",2021,5,"PM10",744,732
"SE3",2021,6,"PM10",720,555
"SE3",2021,7,"PM10",744,624
"SE3",2021,8,"PM10",744,683
"SE3",2021,9,"PM10",720,666
"SE3",2021,10,"PM10",744,707
"SE3",2021,11,"PM10",720,719
"SE3",2021,12,"PM10",744,739
"SE3",2021,1,"PM2.5",744,475
"SE3",2021,2,"PM2.5",672,415
"SE3",2021,3,"PM2.5",744,649
"SE3",2021,4,"PM2.5",720,624
"SE3",2021,5,"PM2.5",744,716
"SE3",2021,6,"PM2.5",720,535
"SE3",2021,7,"PM2.5",744,592
"SE3",2021,8,"PM2.5",744,664
"SE3",2021,9,"PM2.5",720,638
"SE3",2021,10,"PM2.5",744,697
"SE3",2021,11,"PM2.5",720,708
"SE3",2021,12,"PM2.5",744,735
"SE3",2021,1,"PRS",744,729
"SE3",2021,2,"PRS",672,631
"SE3",2021,3,"PRS",744,740
"SE3",2021,4,"PRS",720,691
"SE3",2021,5,"PRS",744,733
"SE3",2021,6,"PRS",720,555
"SE3",2021,7,"PRS",744,636
"SE3",2021,8,"PRS",744,683
"SE3",2021,9,"PRS",720,667
"SE3",2021,10,"PRS",744,727
"SE3",2021,11,"PRS",720,719
"SE3",2021,12,"PRS",744,743
"SE3",2021,1,"RAINF",744,729
"SE3",2021,2,"RAINF",672,636
"SE3",2021,3,"RAINF",744,740
"SE3",2021,4,"RAINF",720,692
"SE3",2021,5,"RAINF",744,737
"SE3",2021,6,"RAINF",720,556
"SE3",2021,7,"RAINF",744,636
"SE3",2021,8,"RAINF",744,688
"SE3",2021,9,"RAINF",720,669
"SE3",2021,10,"RAINF",744,730
"SE3",2021,11,"RAINF",720,719
"SE3",2021,12,"RAINF",744,743
"SE3",2021,1,"RH",744,724
"SE3",2021,2,"RH",672,466
"SE3",2021,3,"RH",744,696
"SE3",2021,4,"RH",720,669
"SE3",2021,5,"RH",744,737
"SE3",2021,6,"RH",720,556
"SE3",2021,7,"RH",744,636
"SE3",2021,8,"RH",744,687
"SE3",2021,9,"RH",720,669
"SE3",2021,10,"RH",744,730
"SE3",2021,11,"RH",720,719
"SE3",2021,12,"RH",744,743
"SE3",2021,1,"SO2",744,707
"SE3",2021,2,"SO2",672,620
"SE3",2021,3,"SO2",744,411
"SE3",2021,4,"SO2",720,629
"SE3",2021,5,"SO2",744,689
"SE3",2021,6,"SO2",720,499
"SE3",2021,7,"SO2",744,556
"SE3",2021,8,"SO2",744,632
"SE3",2021,9,"SO2",720,597
"SE3",2021,10,"SO2",744,694
"SE3",2021,11,"SO2",720,715
"SE3",2021,12,"SO2",744,739
"SE3",2021,1,"SR",744,741
"SE3",2021,2,"SR",672,667
"SE3",2021,3,"SR",744,743
"SE3",2021,4,"SR",720,719
"SE3",2021,5,"SR",744,742
"SE3",2021,6,"SR",720,719
"SE3",2021,7,"SR",744,739
"SE3",2021,8,"SR",744,740
"SE3",2021,9,"SR",720,715
"SE3",2021,10,"SR",744,730
"SE3",2021,11,"SR",720,720
"SE3",2021,12,"SR",744,744
"SE3",2021,1,"TOUT",744,730
"SE3",2021,2,"TOUT",672,636
"SE3",2021,3,"TOUT",744,741
"SE3",2021,4,"TOUT",720,692
"SE3",2021,5,"TOUT",744,737
"SE3",2021,6,"TOUT",720,556
"SE3",2021,7,"TOUT",744,636
"SE3",2021,8,"TOUT",744,688
"SE3",2021,9,"TOUT",720,669
"SE3",2021,10,"TOUT",744,729
"SE3",2021,11,"TOUT",720,719
"SE3",2021,12,"TOUT",744,743
"SE3",2021,1,"WSR",744,729
"SE3",2021,2,"WSR",672,635
"SE3",2021,3,"WSR",744,740
"SE3",2021,4,"WSR",720,692
"SE3",2021,5,"WSR",744,737
"SE3",2021,6,"WSR",720,556
"SE3",2021,7,"WSR",744,635
"SE3",2021,8,"WSR",744,688
"SE3",2021,9,"WSR",720,669
"SE3",2021,10,"WSR",744,730
"SE3",2021,11,"WSR",720,716
"SE3",2021,12,"WSR",744,741
"SE3",2021,1,"WDR",744,728
"SE3",2021,2,"WDR",672,635
"SE3",2021,3,"WDR",744,740
"SE3",2021,4,"WDR",720,692
"SE3",2021,5,"WDR",744,737
"SE3",2021,6,"WDR",720,556
"SE3",2021,7,"WDR",744,635
"SE3",2021,8,"WDR",744,688
"SE3",2021,9,"WDR",720,669
"SE3",2021,10,"WDR",744,727
"SE3",2021,11,"WDR",720,716
"SE3",2021,12,"WDR",744,743
"SO",2021,1,"CO",744,744
"SO",2021,2,"CO",672,652
"SO",2021,3,"CO",744,238
"SO",2021,4,"CO",720,716
"SO",2021,5,"CO",744,739
"SO",2021,6,"CO",720,714
"SO",2021,7,"CO",744,742
"SO",2021,8,"CO",744,717
"SO",2021,9,"CO",720,607
"SO",2021,10,"CO",744,718
"SO",2021,11,"CO",720,685
"SO",2021,12,"CO",744,738
"SO",2021,1,"NO",744,744
"SO",2021,2,"NO",672,641
"SO",2021,3,"NO",744,655
"SO",2021,4,"NO",720,698
"SO",2021,5,"NO",744,739
"SO",2021,6,"NO",720,714
"SO",2021,7,"NO",744,742
"SO",2021,8,"NO",744,514
"SO",2021,9,"NO",720,572
"SO",2021,10,"NO",744,718
"SO",2021,11,"NO",720,685
"SO",2021,12,"NO",744,738
"SO",2021,1,"NO2",744,744
"SO",2021,2,"NO2",672,641
"SO",2021,3,"NO2",744,694
"SO",2021,4,"NO2",720,716
"SO",2021,5,"NO2",744,739
"SO",2021,6,"NO2",720,714
"SO",2021,7,"NO2",744,742
"SO",2021,8,"NO2",744,514
"SO",2021,9,"NO2",720,572
"SO",2021,10,"NO2",744,718
"SO",2021,11,"NO2",720,685
"SO",2021,12,"NO2",744,738
"SO",2021,1,"NOX",744,427
"SO",2021,2,"NOX",672,431
"SO",2021,3,"NOX",744,693
"SO",2021,4,"NOX",720,716
"SO",2021,5,"NOX",744,739
"SO",2021,6,"NOX",720,714
"SO",2021,7,"NOX",744,742
"SO",2021,8,"NOX",744,514
"SO",2021,9,"NOX",720,572
"SO",2021,10,"NOX",744,718
"SO",2021,11,"NOX",720,685
"SO",2021,12,"NOX",744,738
"SO",2021,1,"O3",744,716
"SO",2021,2,"O3",672,561
"SO",2021,3,"O3",744,683
"SO",2021,4,"O3",720,699
"SO",2021,5,"O3",744,739
"SO",2021,6,"O3",720,713
"SO",2021,7,"O3",744,741
"SO",2021,8,"O3",744,711
"SO",2021,9,"O3",720,607
"SO",2021,10,"O3",744,702
"SO",2021,11,"O3",720,622
"SO",2021,12,"O3",744,654
"SO",2021,1,"PM10",744,707
"SO",2021,2,"PM10",672,625
"SO",2021,3,"PM10",744,741
"SO",2021,4,"PM10",720,712
"SO",2021,5,"PM10",744,689
"SO",2021,6,"PM10",720,711
"SO",2021,7,"PM10",744,741
"SO",2021,8,"PM10",744,716
"SO",2021,9,"PM10",720,604
"SO",2021,10,"PM10",744,684
"SO",2021,11,"PM10",720,682
"SO",2021,12,"PM10",744,737
"SO",2021,1,"PM2.5",744,737
"SO",2021,2,"PM2.5",672,646
"SO",2021,3,"PM2.5",744,742
"SO",2021,4,"PM2.5",720,712
"SO",2021,5,"PM2.5",744,714
"SO",2021,6,"PM2.5",720,709
"SO",2021,7,"PM2.5",744,697
"SO",2021,8,"PM2.5",744,673
"SO",2021,9,"PM2.5",720,598
"SO",2021,10,"PM2.5",744,694
"SO",2021,11,"PM2.5",720,673
"SO",2021,12,"PM2.5",744,723
"SO",2021,1,"PRS",744,743
"SO",2021,2,"PRS",672,573
"SO",2021,3,"PRS",744,563
"SO",2021,4,"PRS",720,714
"SO",2021,5,"PRS",744,738
"SO",2021,6,"PRS",720,713
"SO",2021,7,"PRS",744,742
"SO",2021,8,"PRS",744,717
"SO",2021,9,"PRS",720,605
"SO",2021,10,"PRS",744,715
"SO",2021,11,"PRS",720,617
"SO",2021,12,"PRS",744,738
"SO",2021,1,"RAINF",744,743
"SO",2021,2,"RAINF",672,653
"SO",2021,3,"RAINF",744,744
"SO",2021,4,"RAINF",720,716
"SO",2021,5,"RAINF",744,739
"SO",2021,6,"RAINF",720,714
"SO",2021,7,"RAINF",744,742
"SO",2021,8,"RAINF",744,717
"SO",2021,9,"RAINF",720,607
"SO",2021,10,"RAINF",744,717
"SO",2021,11,"RAINF",720,685
"SO",2021,12,"RAINF",744,738
"SO",2021,1,"RH",744,732
"SO",2021,2,"RH",672,645
"SO",2021,3,"RH",744,744
"SO",2021,4,"RH",720,715
"SO",2021,5,"RH",744,739
"SO",2021,6,"RH",720,714
"SO",2021,7,"RH",744,742
"SO",2021,8,"RH",744,717
"SO",2021,9,"RH",720,607
"SO",2021,10,"RH",744,717
"SO",2021,11,"RH",720,601
"SO",2021,12,"RH",744,738
"SO",2021,1,"SO2",744,730
"SO",2021,2,"SO2",672,647
"SO",2021,3,"SO2",744,720
"SO",2021,4,"SO2",720,634
"SO",2021,5,"SO2",744,730
"SO",2021,6,"SO2",720,710
"SO",2021,7,"SO2",744,724
"SO",2021,8,"SO2",744,711
"SO",2021,9,"SO2",720,602
"SO",2021,10,"SO2",744,708
"SO",2021,11,"SO2",720,677
"SO",2021,12,"SO2",744,737
"SO",2021,1,"SR",744,744
"SO",2021,2,"SR",672,653
"SO",2021,3,"SR",744,743
"SO",2021,4,"SR",720,716
"SO",2021,5,"SR",744,739
"SO",2021,6,"SR",720,714
"SO",2021,7,"SR",744,742
"SO",2021,8,"SR",744,717
"SO",2021,9,"SR",720,607
"SO",2021,10,"SR",744,675
"SO",2021,11,"SR",720,534
"SO",2021,12,"SR",744,738
"SO",2021,1,"TOUT",744,744
"SO",2021,2,"TOUT",672,653
"SO",2021,3,"TOUT",744,743
"SO",2021,4,"TOUT",720,716
"SO",2021,5,"TOUT",744,739
"SO",2021,6,"TOUT",720,714
"SO",2021,7,"TOUT",744,742
"SO",2021,8,"TOUT",744,717
"SO",2021,9,"TOUT",720,473
"SO",2021,10,"TOUT",744,569
"SO",2021,11,"TOUT",720,685
"SO",2021,12,"TOUT",744,738
"SO",2021,1,"WSR",744,744
"SO",2021,2,"WSR",672,653
"SO",2021,3,"WSR",744,743
"SO",2021,4,"WSR",720,716
"SO",2021,5,"WSR",744,739
"SO",2021,6,"WSR",720,714
"SO",2021,7,"WSR",744,742
"SO",2021,8,"WSR",744,717
"SO",2021,9,"WSR",720,606
"SO",2021,10,"WSR",744,717
"SO",2021,11,"WSR",720,685
"SO",2021,12,"WSR",744,738
"SO",2021,1,"WDR",744,550
"SO",2021,2,"WDR",672,521
"SO",2021,3,"WDR",744,571
"SO",2021,4,"WDR",720,715
"SO",2021,5,"WDR",744,739
"SO",2021,6,"WDR",720,713
"SO",2021,7,"WDR",744,741
"SO",2021,8,"WDR",744,717
"SO",2021,9,"WDR",720,607
"SO",2021,10,"WDR",744,717
"SO",2021,11,"WDR",720,642
"SO",2021,12,"WDR",744,738
"SO2",2021,1,"CO",744,741
"SO2",2021,2,"CO",672,342
"SO2",2021,3,"CO",744,306
"SO2",2021,4,"CO",720,634
"SO2",2021,5,"CO",744,705
"SO2",2021,6,"CO",720,635
"SO2",2021,7,"CO",744,738
"SO2",2021,8,"CO",744,719
"SO2",2021,9,"CO",720,701
"SO2",2021,10,"CO",744,727
"SO2",2021,11,"CO",720,711
"SO2",2021,12,"CO",744,743
"SO2",2021,1,"NO",744,731
"SO2",2021,2,"NO",672,633
"SO2",2021,3,"NO",744,408
"SO2",2021,4,"NO",720,556
"SO2",2021,5,"NO",744,709
"SO2",2021,6,"NO",720,673
"SO2",2021,7,"NO",744,727
"SO2",2021,8,"NO",744,707
"SO2",2021,9,"NO",720,687
"SO2",2021,10,"NO",744,719
"SO2",2021,11,"NO",720,709
"SO2",2021,12,"NO",744,738
"SO2",2021,1,"NO2",744,731
"SO2",2021,2,"NO2",672,633
"SO2",2021,3,"NO2",744,408
"SO2",2021,4,"NO2",720,556
"SO2",2021,5,"NO2",744,709
"SO2",2021,6,"NO2",720,673
"SO2",2021,7,"NO2",744,727
"SO2",2021,8,"NO2",744,706
"SO2",2021,9,"NO2",720,686
"SO2",2021,10,"NO2",744,724
"SO2",2021,11,"NO2",720,710
"SO2",2021,12,"NO2",744,743
"SO2",2021,1,"NOX",744,731
"SO2",2021,2,"NOX",672,633
"SO2",2021,3,"NOX",744,408
"SO2",2021,4,"NOX",720,556
"SO2",2021,5,"NOX",744,709
"SO2",2021,6,"NOX",720,673
"SO2",2021,7,"NOX",744,727
"SO2",2021,8,"NOX",744,706
"SO2",2021,9,"NOX",720,686
"SO2",2021,10,"NOX",744,725
"SO2",2021,11,"NOX",720,710
"SO2",2021,12,"NOX",744,743
"SO2",2021,1,"O3",744,730
"SO2",2021,2,"O3",672,631
"SO2",2021,3,"O3",744,729
"SO2",2021,4,"O3",720,713
"SO2",2021,5,"O3",744,736
"SO2",2021,6,"O3",720,686
"SO2",2021,7,"O3",744,736
"SO2",2021,8,"O3",744,718
"SO2",2021,9,"O3",720,699
"SO2",2021,10,"O3",744,727
"SO2",2021,11,"O3",720,699
"SO2",2021,12,"O3",744,734
"SO2",2021,1,"PM10",744,650
"SO2",2021,2,"PM10",672,585
"SO2",2021,3,"PM10",744,731
"SO2",2021,4,"PM10",720,668
"SO2",2021,5,"PM10",744,665
"SO2",2021,6,"PM10",720,681
"SO2",2021,7,"PM10",744,727
"SO2",2021,8,"PM10",744,719
"SO2",2021,9,"PM10",720,699
"SO2",2021,10,"PM10",744,675
"SO2",2021,11,"PM10",720,708
"SO2",2021,12,"PM10",744,743
"SO2",2021,1,"PM2.5",744,194
"SO2",2021,2,"PM2.5",672,182
"SO2",2021,3,"PM2.5",744,714
"SO2",2021,4,"PM2.5",720,702
"SO2",2021,5,"PM2.5",744,712
"SO2",2021,6,"PM2.5",720,649
"SO2",2021,7,"PM2.5",744,714
"SO2",2021,8,"PM2.5",744,713
"SO2",2021,9,"PM2.5",720,680
"SO2",2021,10,"PM2.5",744,716
"SO2",2021,11,"PM2.5",720,693
"SO2",2021,12,"PM2.5",744,738
"SO2",2021,1,"PRS",744,740
"SO2",2021,2,"PRS",672,668
"SO2",2021,3,"PRS",744,741
"SO2",2021,4,"PRS",720,713
"SO2",2021,5,"PRS",744,737
"SO2",2021,6,"PRS",720,686
"SO2",2021,7,"PRS",744,738
"SO2",2021,8,"PRS",744,719
"SO2",2021,9,"PRS",720,700
"SO2",2021,10,"PRS",744,727
"SO2",2021,11,"PRS",720,709
"SO2",2021,12,"PRS",744,743
"SO2",2021,1,"RAINF",744,738
"SO2",2021,2,"RAINF",672,669
"SO2",2021,3,"RAINF",744,741
"SO2",2021,4,"RAINF",720,715
"SO2",2021,5,"RAINF",744,737
"SO2",2021,6,"RAINF",720,686
"SO2",2021,7,"RAINF",744,738
"SO2",2021,8,"RAINF",744,719
"SO2",2021,9,"RAINF",720,700
"SO2",2021,10,"RAINF",744,727
"SO2",2021,11,"RAINF",720,710
"SO2",2021,12,"RAINF",744,743
"SO2",2021,1,"RH",744,725
"SO2",2021,2,"RH",672,666
"SO2",2021,3,"RH",744,741
"SO2",2021,4,"RH",720,715
"SO2",2021,5,"RH",744,737
"SO2",2021,6,"RH",720,686
"SO2",2021,7,"RH",744,738
"SO2",2021,8,"RH",744,719
"SO2",2021,9,"RH",720,700
"SO2",2021,10,"RH",744,727
"SO2",2021,11,"RH",720,710
"SO2",2021,12,"RH",744,743
"SO2",2021,1,"SO2",744,389
"SO2",2021,2,"SO2",672,363
"SO2",2021,3,"SO2",744,421
"SO2",2021,4,"SO2",720,597
"SO2",2021,5,"SO2",744,689
"SO2",2021,6,"SO2",720,664
"SO2",2021,7,"SO2",744,696
"SO2",2021,8,"SO2",744,674
"SO2",2021,9,"SO2",720,658
"SO2",2021,10,"SO2",744,696
"SO2",2021,11,"SO2",720,709
"SO2",2021,12,"SO2",744,743
"SO2",2021,1,"SR",744,744
"SO2",2021,2,"SR",672,671
"SO2",2021,3,"SR",744,744
"SO2",2021,4,"SR",720,717
"SO2",2021,5,"SR",744,742
"SO2",2021,6,"SR",720,720
"SO2",2021,7,"SR",744,743
"SO2",2021,8,"SR",744,744
"SO2",2021,9,"SR",720,720
"SO2",2021,10,"SR",744,744
"SO2",2021,11,"SR",720,716
"SO2",2021,12,"SR",744,744
"SO2",2021,1,"TOUT",744,741
"SO2",2021,2,"TOUT",672,669
"SO2",2021,3,"TOUT",744,741
"SO2",2021,4,"TOUT",720,715
"SO2",2021,5,"TOUT",744,737
"SO2",2021,6,"TOUT",720,687
"SO2",2021,7,"TOUT",744,738
"SO2",2021,8,"TOUT",744,719
"SO2",2021,9,"TOUT",720,700
"SO2",2021,10,"TOUT",744,727
"SO2",2021,11,"TOUT",720,709
"SO2",2021,12,"TOUT",744,743
"SO2",2021,1,"WSR",744,31
"SO2",2021,2,"WSR",672,71
"SO2",2021,3,"WSR",744,163
"SO2",2021,4,"WSR",720,715
"SO2",2021,5,"WSR",744,737
"SO2",2021,6,"WSR",720,684
"SO2",2021,7,"WSR",744,738
"SO2",2021,8,"WSR",744,719
"SO2",2021,9,"WSR",720,699
"SO2",2021,10,"WSR",744,675
"SO2",2021,11,"WSR",720,707
"SO2",2021,12,"WSR",744,743
"SO2",2021,1,"WDR",744,739
"SO2",2021,2,"WDR",672,669
"SO2",2021,3,"WDR",744,741
"SO2",2021,4,"WDR",720,715
"SO2",2021,5,"WDR",744,737
"SO2",2021,6,"WDR",720,686
"SO2",2021,7,"WDR",744,736
"SO2",2021,8,"WDR",744,719
"SO2",2021,9,"WDR",720,700
"SO2",2021,10,"WDR",744,727
"SO2",2021,11,"WDR",720,710
"SO2",2021,12,"WDR",744,743
"SUR",2021,1,"CO",744,610
"SUR",2021,2,"CO",672,628
"SUR",2021,3,"CO",744,584
"SUR",2021,4,"CO",720,579
"SUR",2021,5,"CO",744,737
"SUR",2021,6,"CO",720,719
"SUR",2021,7,"CO",744,725
"SUR",2021,8,"CO",744,739
"SUR",2021,9,"CO",720,557
"SUR",2021,10,"CO",744,742
"SUR",2021,11,"CO",720,719
"SUR",2021,12,"CO",744,737
"SUR",2021,1,"NO",744,0
"SUR",2021,2,"NO",672,28
"SUR",2021,3,"NO",744,669
"SUR",2021,4,"NO",720,675
"SUR",2021,5,"NO",744,691
"SUR",2021,6,"NO",720,704
"SUR",2021,7,"NO",744,679
"SUR",2021,8,"NO",744,692
"SUR",2021,9,"NO",720,637
"SUR",2021,10,"NO",744,733
"SUR",2021,11,"NO",720,710
"SUR",2021,12,"NO",744,735
"SUR",2021,1,"NO2",744,0
"SUR",2021,2,"NO2",672,28
"SUR",2021,3,"NO2",744,669
"SUR",2021,4,"NO2",720,675
"SUR",2021,5,"NO2",744,691
"SUR",2021,6,"NO2",720,704
"SUR",2021,7,"NO2",744,679
"SUR",2021,8,"NO2",744,692
"SUR",2021,9,"NO2",720,637
"SUR",2021,10,"NO2",744,735
"SUR",2021,11,"NO2",720,719
"SUR",2021,12,"NO2",744,737
"SUR",2021,1,"NOX",744,0
"SUR",2021,2,"NOX",672,28
"SUR",2021,3,"NOX",744,669
"SUR",2021,4,"NOX",720,675
"SUR",2021,5,"NOX",744,691
"SUR",2021,6,"NOX",720,704
"SUR",2021,7,"NOX",744,679
"SUR",2021,8,"NOX",744,692
"SUR",2021,9,"NOX",720,637
"SUR",2021,10,"NOX",744,736
"SUR",2021,11,"NOX",720,719
"SUR",2021,12,"NOX",744,737
"SUR",2021,1,"O3",744,0
"SUR",2021,2,"O3",672,84
"SUR",2021,3,"O3",744,742
"SUR",2021,4,"O3",720,713
"SUR",2021,5,"O3",744,741
"SUR",2021,6,"O3",720,719
"SUR",2021,7,"O3",744,723
"SUR",2021,8,"O3",744,739
"SUR",2021,9,"O3",720,674
"SUR",2021,10,"O3",744,742
"SUR",2021,11,"O3",720,712
"SUR",2021,12,"O3",744,735
"SUR",2021,1,"PM10",744,696
"SUR",2021,2,"PM10",672,520
"SUR",2021,3,"PM10",744,740
"SUR",2021,4,"PM10",720,715
"SUR",2021,5,"PM10",744,721
"SUR",2021,6,"PM10",720,717
"SUR",2021,7,"PM10",744,722
"SUR",2021,8,"PM10",744,739
"SUR",2021,9,"PM10",720,668
"SUR",2021,10,"PM10",744,697
"SUR",2021,11,"PM10",720,719
"SUR",2021,12,"PM10",744,732
"SUR",2021,1,"PM2.5",744,0
"SUR",2021,2,"PM2.5",672,29
"SUR",2021,3,"PM2.5",744,588
"SUR",2021,4,"PM2.5",720,513
"SUR",2021,5,"PM2.5",744,570
"SUR",2021,6,"PM2.5",720,653
"SUR",2021,7,"PM2.5",744,694
"SUR",2021,8,"PM2.5",744,717
"SUR",2021,9,"PM2.5",720,633
"SUR",2021,10,"PM2.5",744,456
"SUR",2021,11,"PM2.5",720,536
"SUR",2021,12,"PM2.5",744,567
"SUR",2021,1,"PRS",744,725
"SUR",2021,2,"PRS",672,628
"SUR",2021,3,"PRS",744,743
"SUR",2021,4,"PRS",720,715
"SUR",2021,5,"PRS",744,742
"SUR",2021,6,"PRS",720,719
"SUR",2021,7,"PRS",744,724
"SUR",2021,8,"PRS",744,738
"SUR",2021,9,"PRS",720,674
"SUR",2021,10,"PRS",744,743
"SUR",2021,11,"PRS",720,719
"SUR",2021,12,"PRS",744,736
"SUR",2021,1,"RAINF",744,725
"SUR",2021,2,"RAINF",672,630
"SUR",2021,3,"RAINF",744,743
"SUR",2021,4,"RAINF",720,715
"SUR",2021,5,"RAINF",744,742
"SUR",2021,6,"RAINF",720,719
"SUR",2021,7,"RAINF",744,725
"SUR",2021,8,"RAINF",744,738
"SUR",2021,9,"RAINF",720,675
"SUR",2021,10,"RAINF",744,743
"SUR",2021,11,"RAINF",720,719
"SUR",2021,12,"RAINF",744,736
"SUR",2021,1,"RH",744,723
"SUR",2021,2,"RH",672,630
"SUR",2021,3,"RH",744,743
"SUR",2021,4,"RH",720,714
"SUR",2021,5,"RH",744,742
"SUR",2021,6,"RH",720,719
"SUR",2021,7,"RH",744,725
"SUR",2021,8,"RH",744,738
"SUR",2021,9,"RH",720,675
"SUR",2021,10,"RH",744,743
"SUR",2021,11,"RH",720,714
"SUR",2021,12,"RH",744,736
"SUR",2021,1,"SO2",744,0
"SUR",2021,2,"SO2",672,72
"SUR",2021,3,"SO2",744,501
"SUR",2021,4,"SO2",720,481
"SUR",2021,5,"SO2",744,576
"SUR",2021,6,"SO2",720,643
"SUR",2021,7,"SO2",744,635
"SUR",2021,8,"SO2",744,661
"SUR",2021,9,"SO2",720,570
"SUR",2021,10,"SO2",744,692
"SUR",2021,11,"SO2",720,707
"SUR",2021,12,"SO2",744,720
"SUR",2021,1,"SR",744,744
"SUR",2021,2,"SR",672,652
"SUR",2021,3,"SR",744,744
"SUR",2021,4,"SR",720,718
"SUR",2021,5,"SR",744,744
"SUR",2021,6,"SR",720,719
"SUR",2021,7,"SR",744,744
"SUR",2021,8,"SR",744,744
"SUR",2021,9,"SR",720,680
"SUR",2021,10,"SR",744,743
"SUR",2021,11,"SR",720,720
"SUR",2021,12,"SR",744,744
"SUR",2021,1,"TOUT",744,726
"SUR",2021,2,"TOUT",672,629
"SUR",2021,3,"TOUT",744,743
"SUR",2021,4,"TOUT",720,715
"SUR",2021,5,"TOUT",744,742
"SUR",2021,6,"TOUT",720,719
"SUR",2021,7,"TOUT",744,725
"SUR",2021,8,"TOUT",744,739
"SUR",2021,9,"TOUT",720,675
"SUR",2021,10,"TOUT",744,743
"SUR",2021,11,"TOUT",720,719
"SUR",2021,12,"TOUT",744,736
"SUR",2021,1,"WSR",744,699
"SUR",2021,2,"WSR",672,621
"SUR",2021,3,"WSR",744,736
"SUR",2021,4,"WSR",720,715
"SUR",2021,5,"WSR",744,742
"SUR",2021,6,"WSR",720,719
"SUR",2021,7,"WSR",744,725
"SUR",2021,8,"WSR",744,738
"SUR",2021,9,"WSR",720,675
"SUR",2021,10,"WSR",744,743
"SUR",2021,11,"WSR",720,719
"SUR",2021,12,"WSR",744,735
"SUR",2021,1,"WDR",744,0
"SUR",2021,2,"WDR",672,6
"SUR",2021,3,"WDR",744,5
"SUR",2021,4,"WDR",720,715
"SUR",2021,5,"WDR",744,742
"SUR",2021,6,"WDR",720,718
"SUR",2021,7,"WDR",744,725
"SUR",2021,8,"WDR",744,738
"SUR",2021,9,"WDR",720,674
"SUR",2021,10,"WDR",744,742
"SUR",2021,11,"WDR",720,714
"SUR",2021,12,"WDR",744,736
"CE",2022,1,"CO",744,715
"CE",2022,2,"CO",672,663
"CE",2022,3,"CO",744,735
"CE",2022,4,"CO",720,704
"CE",2022,5,"CO",744,737
"CE",2022,6,"CO",720,688
"CE",2022,7,"CO",744,738
"CE",2022,8,"CO",744,737
"CE",2022,9,"CO",720,719
"CE",2022,10,"CO",744,716
"CE",2022,11,"CO",720,719
"CE",2022,12,"CO",744,742
"CE",2022,1,"NO",744,698
"CE",2022,2,"NO",672,642
"CE",2022,3,"NO",744,706
"CE",2022,4,"NO",720,654
"CE",2022,5,"NO",744,695
"CE",2022,6,"NO",720,640
"CE",2022,7,"NO",744,700
"CE",2022,8,"NO",744,711
"CE",2022,9,"NO",720,675
"CE",2022,10,"NO",744,680
"CE",2022,11,"NO",720,718
"CE",2022,12,"NO",744,741
"CE",2022,1,"NO2",744,712
"CE",2022,2,"NO2",672,662
"CE",2022,3,"NO2",744,734
"CE",2022,4,"NO2",720,704
"CE",2022,5,"NO2",744,736
"CE",2022,6,"NO2",720,688
"CE",2022,7,"NO2",744,738
"CE",2022,8,"NO2",744,737
"CE",2022,9,"NO2",720,719
"CE",2022,10,"NO2",744,715
"CE",2022,11,"NO2",720,718
"CE",2022,12,"NO2",744,742
"CE",2022,1,"NOX",744,712
"CE",2022,2,"NOX",672,663
"CE",2022,3,"NOX",744,735
"CE",2022,4,"NOX",720,704
"CE",2022,5,"NOX",744,737
"CE",2022,6,"NOX",720,688
"CE",2022,7,"NOX",744,738
"CE",2022,8,"NOX",744,737
"CE",2022,9,"NOX",720,718
"CE",2022,10,"NOX",744,716
"CE",2022,11,"NOX",720,718
"CE",2022,12,"NOX",744,742
"CE",2022,1,"O3",744,691
"CE",2022,2,"O3",672,657
"CE",2022,3,"O3",744,735
"CE",2022,4,"O3",720,702
"CE",2022,5,"O3",744,736
"CE",2022,6,"O3",720,681
"CE",2022,7,"O3",744,737
"CE",2022,8,"O3",744,737
"CE",2022,9,"O3",720,719
"CE",2022,10,"O3",744,691
"CE",2022,11,"O3",720,702
"CE",2022,12,"O3",744,660
"CE",2022,1,"PM10",744,714
"CE",2022,2,"PM10",672,661
"CE",2022,3,"PM10",744,734
"CE",2022,4,"PM10",720,681
"CE",2022,5,"PM10",744,737
"CE",2022,6,"PM10",720,687
"CE",2022,7,"PM10",744,738
"CE",2022,8,"PM10",744,736
"CE",2022,9,"PM10",720,717
"CE",2022,10,"PM10",744,713
"CE",2022,11,"PM10",720,717
"CE",2022,12,"PM10",744,741
"CE",2022,1,"PM2.5",744,699
"CE",2022,2,"PM2.5",672,644
"CE",2022,3,"PM2.5",744,688
"CE",2022,4,"PM2.5",720,687
"CE",2022,5,"PM2.5",744,701
"CE",2022,6,"PM2.5",720,681
"CE",2022,7,"PM2.5",744,600
"CE",2022,8,"PM2.5",744,729
"CE",2022,9,"PM2.5",720,700
"CE",2022,10,"PM2.5",744,566
"CE",2022,11,"PM2.5",720,617
"CE",2022,12,"PM2.5",744,621
"CE",2022,1,"PRS",744,715
"CE",2022,2,"PRS",672,662
"CE",2022,3,"PRS",744,734
"CE",2022,4,"PRS",720,702
"CE",2022,5,"PRS",744,736
"CE",2022,6,"PRS",720,687
"CE",2022,7,"PRS",744,737
"CE",2022,8,"PRS",744,736
"CE",2022,9,"PRS",720,719
"CE",2022,10,"PRS",744,716
"CE",2022,11,"PRS",720,719
"CE",2022,12,"PRS",744,742
"CE",2022,1,"RAINF",744,715
"CE",2022,2,"RAINF",672,663
"CE",2022,3,"RAINF",744,735
"CE",2022,4,"RAINF",720,703
"CE",2022,5,"RAINF",744,737
"CE",2022,6,"RAINF",720,688
"CE",2022,7,"RAINF",744,738
"CE",2022,8,"RAINF",744,737
"CE",2022,9,"RAINF",720,719
"CE",2022,10,"RAINF",744,716
"CE",2022,11,"RAINF",720,719
"CE",2022,12,"RAINF",744,742
"CE",2022,1,"RH",744,707
"CE",2022,2,"RH",672,663
"CE",2022,3,"RH",744,735
"CE",2022,4,"RH",720,701
"CE",2022,5,"RH",744,737
"CE",2022,6,"RH",720,688
"CE",2022,7,"RH",744,738
"CE",2022,8,"RH",744,737
"CE",2022,9,"RH",720,719
"CE",2022,10,"RH",744,716
"CE",2022,11,"RH",720,660
"CE",2022,12,"RH",744,742
"CE",2022,1,"SO2",744,699
"CE",2022,2,"SO2",672,639
"CE",2022,3,"SO2",744,719
"CE",2022,4,"SO2",720,642
"CE",2022,5,"SO2",744,633
"CE",2022,6,"SO2",720,600
"CE",2022,7,"SO2",744,683
"CE",2022,8,"SO2",744,635
"CE",2022,9,"SO2",720,639
"CE",2022,10,"SO2",744,656
"CE",2022,11,"SO2",720,660
"CE",2022,12,"SO2",744,714
"CE",2022,1,"SR",744,717
"CE",2022,2,"SR",672,671
"CE",2022,3,"SR",744,742
"CE",2022,4,"SR",720,717
"CE",2022,5,"SR",744,739
"CE",2022,6,"SR",720,688
"CE",2022,7,"SR",744,738
"CE",2022,8,"SR",744,737
"CE",2022,9,"SR",720,719
"CE",2022,10,"SR",744,743
"CE",2022,11,"SR",720,719
"CE",2022,12,"SR",744,743
"CE",2022,1,"TOUT",744,715
"CE",2022,2,"TOUT",672,663
"CE",2022,3,"TOUT",744,735
"CE",2022,4,"TOUT",720,703
"CE",2022,5,"TOUT",744,737
"CE",2022,6,"TOUT",720,688
"CE",2022,7,"TOUT",744,738
"CE",2022,8,"TOUT",744,737
"CE",2022,9,"TOUT",720,719
"CE",2022,10,"TOUT",744,716
"CE",2022,11,"TOUT",720,719
"CE",2022,12,"TOUT",744,742
"CE",2022,1,"WSR",744,715
"CE",2022,2,"WSR",672,663
"CE",2022,3,"WSR",744,735
"CE",2022,4,"WSR",720,703
"CE",2022,5,"WSR",744,737
"CE",2022,6,"WSR",720,688
"CE",2022,7,"WSR",744,738
"CE",2022,8,"WSR",744,737
"CE",2022,9,"WSR",720,719
"CE",2022,10,"WSR",744,716
"CE",2022,11,"WSR",720,719
"CE",2022,12,"WSR",744,741
"CE",2022,1,"WDR",744,713
"CE",2022,2,"WDR",672,663
"CE",2022,3,"WDR",744,735
"CE",2022,4,"WDR",720,700
"CE",2022,5,"WDR",744,737
"CE",2022,6,"WDR",720,688
"CE",2022,7,"WDR",744,738
"CE",2022,8,"WDR",744,736
"CE",2022,9,"WDR",720,718
"CE",2022,10,"WDR",744,715
"CE",2022,11,"WDR",720,718
"CE",2022,12,"WDR",744,741
"NE",2022,1,"CO",744,707
"NE",2022,2,"CO",672,665
"NE",2022,3,"CO",744,727
"NE",2022,4,"CO",720,702
"NE",2022,5,"CO",744,739
"NE",2022,6,"CO",720,716
"NE",2022,7,"CO",744,743
"NE",2022,8,"CO",744,737
"NE",2022,9,"CO",720,696
"NE",2022,10,"CO",744,740
"NE",2022,11,"CO",720,714
"NE",2022,12,"CO",744,738
"NE",2022,1,"NO",744,701
"NE",2022,2,"NO",672,665
"NE",2022,3,"NO",744,725
"NE",2022,4,"NO",720,698
"NE",2022,5,"NO",744,738
"NE",2022,6,"NO",720,713
"NE",2022,7,"NO",744,741
"NE",2022,8,"NO",744,732
"NE",2022,9,"NO",720,696
"NE",2022,10,"NO",744,733
"NE",2022,11,"NO",720,710
"NE",2022,12,"NO",744,736
"NE",2022,1,"NO2",744,707
"NE",2022,2,"NO2",672,665
"NE",2022,3,"NO2",744,727
"NE",2022,4,"NO2",720,700
"NE",2022,5,"NO2",744,738
"NE",2022,6,"NO2",720,714
"NE",2022,7,"NO2",744,741
"NE",2022,8,"NO2",744,737
"NE",2022,9,"NO2",720,696
"NE",2022,10,"NO2",744,738
"NE",2022,11,"NO2",720,718
"NE",2022,12,"NO2",744,738
"NE",2022,1,"NOX",744,707
"NE",2022,2,"NOX",672,665
"NE",2022,3,"NOX",744,727
"NE",2022,4,"NOX",720,699
"NE",2022,5,"NOX",744,738
"NE",2022,6,"NOX",720,715
"NE",2022,7,"NOX",744,742
"NE",2022,8,"NOX",744,736
"NE",2022,9,"NOX",720,696
"NE",2022,10,"NOX",744,737
"NE",2022,11,"NOX",720,719
"NE",2022,12,"NOX",744,738
"NE",2022,1,"O3",744,661
"NE",2022,2,"O3",672,658
"NE",2022,3,"O3",744,726
"NE",2022,4,"O3",720,700
"NE",2022,5,"O3",744,737
"NE",2022,6,"O3",720,700
"NE",2022,7,"O3",744,742
"NE",2022,8,"O3",744,737
"NE",2022,9,"O3",720,690
"NE",2022,10,"O3",744,716
"NE",2022,11,"O3",720,682
"NE",2022,12,"O3",744,678
"NE",2022,1,"PM10",744,705
"NE",2022,2,"PM10",672,664
"NE",2022,3,"PM10",744,702
"NE",2022,4,"PM10",720,699
"NE",2022,5,"PM10",744,734
"NE",2022,6,"PM10",720,715
"NE",2022,7,"PM10",744,741
"NE",2022,8,"PM10",744,737
"NE",2022,9,"PM10",720,688
"NE",2022,10,"PM10",744,736
"NE",2022,11,"PM10",720,716
"NE",2022,12,"PM10",744,738
"NE",2022,1,"PM2.5",744,692
"NE",2022,2,"PM2.5",672,644
"NE",2022,3,"PM2.5",744,724
"NE",2022,4,"PM2.5",720,684
"NE",2022,5,"PM2.5",744,676
"NE",2022,6,"PM2.5",720,690
"NE",2022,7,"PM2.5",744,722
"NE",2022,8,"PM2.5",744,703
"NE",2022,9,"PM2.5",720,661
"NE",2022,10,"PM2.5",744,721
"NE",2022,11,"PM2.5",720,687
"NE",2022,12,"PM2.5",744,721
"NE",2022,1,"PRS",744,705
"NE",2022,2,"PRS",672,665
"NE",2022,3,"PRS",744,727
"NE",2022,4,"PRS",720,700
"NE",2022,5,"PRS",744,737
"NE",2022,6,"PRS",720,715
"NE",2022,7,"PRS",744,743
"NE",2022,8,"PRS",744,735
"NE",2022,9,"PRS",720,691
"NE",2022,10,"PRS",744,740
"NE",2022,11,"PRS",720,718
"NE",2022,12,"PRS",744,738
"NE",2022,1,"RAINF",744,707
"NE",2022,2,"RAINF",672,665
"NE",2022,3,"RAINF",744,727
"NE",2022,4,"RAINF",720,701
"NE",2022,5,"RAINF",744,739
"NE",2022,6,"RAINF",720,716
"NE",2022,7,"RAINF",744,743
"NE",2022,8,"RAINF",744,737
"NE",2022,9,"RAINF",720,696
"NE",2022,10,"RAINF",744,740
"NE",2022,11,"RAINF",720,719
"NE",2022,12,"RAINF",744,738
"NE",2022,1,"RH",744,696
"NE",2022,2,"RH",672,665
"NE",2022,3,"RH",744,725
"NE",2022,4,"RH",720,699
"NE",2022,5,"RH",744,739
"NE",2022,6,"RH",720,716
"NE",2022,7,"RH",744,743
"NE",2022,8,"RH",744,737
"NE",2022,9,"RH",720,692
"NE",2022,10,"RH",744,740
"NE",2022,11,"RH",720,680
"NE",2022,12,"RH",744,734
"NE",2022,1,"SO2",744,689
"NE",2022,2,"SO2",672,634
"NE",2022,3,"SO2",744,711
"NE",2022,4,"SO2",720,666
"NE",2022,5,"SO2",744,700
"NE",2022,6,"SO2",720,680
"NE",2022,7,"SO2",744,729
"NE",2022,8,"SO2",744,711
"NE",2022,9,"SO2",720,665
"NE",2022,10,"SO2",744,720
"NE",2022,11,"SO2",720,655
"NE",2022,12,"SO2",744,705
"NE",2022,1,"SR",744,743
"NE",2022,2,"SR",672,671
"NE",2022,3,"SR",744,735
"NE",2022,4,"SR",720,716
"NE",2022,5,"SR",744,742
"NE",2022,6,"SR",720,717
"NE",2022,7,"SR",744,744
"NE",2022,8,"SR",744,736
"NE",2022,9,"SR",720,714
"NE",2022,10,"SR",744,743
"NE",2022,11,"SR",720,720
"NE",2022,12,"SR",744,741
"NE",2022,1,"TOUT",744,697
"NE",2022,2,"TOUT",672,665
"NE",2022,3,"TOUT",744,727
"NE",2022,4,"TOUT",720,701
"NE",2022,5,"TOUT",744,739
"NE",2022,6,"TOUT",720,716
"NE",2022,7,"TOUT",744,743
"NE",2022,8,"TOUT",744,737
"NE",2022,9,"TOUT",720,692
"NE",2022,10,"TOUT",744,740
"NE",2022,11,"TOUT",720,719
"NE",2022,12,"TOUT",744,738
"NE",2022,1,"WSR",744,707
"NE",2022,2,"WSR",672,665
"NE",2022,3,"WSR",744,727
"NE",2022,4,"WSR",720,701
"NE",2022,5,"WSR",744,739
"NE",2022,6,"WSR",720,716
"NE",2022,7,"WSR",744,743
"NE",2022,8,"WSR",744,737
"NE",2022,9,"WSR",720,694
"NE",2022,10,"WSR",744,740
"NE",2022,11,"WSR",720,719
"NE",2022,12,"WSR",744,738
"NE",2022,1,"WDR",744,705
"NE",2022,2,"WDR",672,665
"NE",2022,3,"WDR",744,727
"NE",2022,4,"WDR",720,700
"NE",2022,5,"WDR",744,739
"NE",2022,6,"WDR",720,716
"NE",2022,7,"WDR",744,743
"NE",2022,8,"WDR",744,737
"NE",2022,9,"WDR",720,692
"NE",2022,10,"WDR",744,740
"NE",2022,11,"WDR",720,718
"NE",2022,12,"WDR",744,735
"NE2",2022,1,"CO",744,733
"NE2",2022,2,"CO",672,658
"NE2",2022,3,"CO",744,709
"NE2",2022,4,"CO",720,699
"NE2",2022,5,"CO",744,742
"NE2",2022,6,"CO",720,713
"NE2",2022,7,"CO",744,741
"NE2",2022,8,"CO",744,743
"NE2",2022,9,"CO",720,718
"NE2",2022,10,"CO",744,741
"NE2",2022,11,"CO",720,715
"NE2",2022,12,"CO",744,740
"NE2",2022,1,"NO",744,714
"NE2",2022,2,"NO",672,645
"NE2",2022,3,"NO",744,676
"NE2",2022,4,"NO",720,697
"NE2",2022,5,"NO",744,741
"NE2",2022,6,"NO",720,712
"NE2",2022,7,"NO",744,741
"NE2",2022,8,"NO",744,742
"NE2",2022,9,"NO",720,718
"NE2",2022,10,"NO",744,739
"NE2",2022,11,"NO",720,713
"NE2",2022,12,"NO",744,739
"NE2",2022,1,"NO2",744,710
"NE2",2022,2,"NO2",672,649
"NE2",2022,3,"NO2",744,682
"NE2",2022,4,"NO2",720,687
"NE2",2022,5,"NO2",744,741
"NE2",2022,6,"NO2",720,709
"NE2",2022,7,"NO2",744,741
"NE2",2022,8,"NO2",744,742
"NE2",2022,9,"NO2",720,718
"NE2",2022,10,"NO2",744,728
"NE2",2022,11,"NO2",720,699
"NE2",2022,12,"NO2",744,739
"NE2",2022,1,"NOX",744,716
"NE2",2022,2,"NOX",672,649
"NE2",2022,3,"NOX",744,687
"NE2",2022,4,"NOX",720,697
"NE2",2022,5,"NOX",744,742
"NE2",2022,6,"NOX",720,712
"NE2",2022,7,"NOX",744,741
"NE2",2022,8,"NOX",744,741
"NE2",2022,9,"NOX",720,718
"NE2",2022,10,"NOX",744,734
"NE2",2022,11,"NOX",720,707
"NE2",2022,12,"NOX",744,739
"NE2",2022,1,"O3",744,657
"NE2",2022,2,"O3",672,642
"NE2",2022,3,"O3",744,708
"NE2",2022,4,"O3",720,696
"NE2",2022,5,"O3",744,739
"NE2",2022,6,"O3",720,704
"NE2",2022,7,"O3",744,739
"NE2",2022,8,"O3",744,740
"NE2",2022,9,"O3",720,715
"NE2",2022,10,"O3",744,738
"NE2",2022,11,"O3",720,691
"NE2",2022,12,"O3",744,699
"NE2",2022,1,"PM10",744,709
"NE2",2022,2,"PM10",672,633
"NE2",2022,3,"PM10",744,707
"NE2",2022,4,"PM10",720,696
"NE2",2022,5,"PM10",744,742
"NE2",2022,6,"PM10",720,703
"NE2",2022,7,"PM10",744,739
"NE2",2022,8,"PM10",744,742
"NE2",2022,9,"PM10",720,718
"NE2",2022,10,"PM10",744,740
"NE2",2022,11,"PM10",720,710
"NE2",2022,12,"PM10",744,736
"NE2",2022,1,"PM2.5",744,721
"NE2",2022,2,"PM2.5",672,646
"NE2",2022,3,"PM2.5",744,703
"NE2",2022,4,"PM2.5",720,685
"NE2",2022,5,"PM2.5",744,732
"NE2",2022,6,"PM2.5",720,653
"NE2",2022,7,"PM2.5",744,692
"NE2",2022,8,"PM2.5",744,666
"NE2",2022,9,"PM2.5",720,642
"NE2",2022,10,"PM2.5",744,626
"NE2",2022,11,"PM2.5",720,648
"NE2",2022,12,"PM2.5",744,712
"NE2",2022,1,"PRS",744,733
"NE2",2022,2,"PRS",672,656
"NE2",2022,3,"PRS",744,707
"NE2",2022,4,"PRS",720,698
"NE2",2022,5,"PRS",744,741
"NE2",2022,6,"PRS",720,709
"NE2",2022,7,"PRS",744,737
"NE2",2022,8,"PRS",744,742
"NE2",2022,9,"PRS",720,717
"NE2",2022,10,"PRS",744,740
"NE2",2022,11,"PRS",720,709
"NE2",2022,12,"PRS",744,733
"NE2",2022,1,"RAINF",744,733
"NE2",2022,2,"RAINF",672,658
"NE2",2022,3,"RAINF",744,709
"NE2",2022,4,"RAINF",720,698
"NE2",2022,5,"RAINF",744,742
"NE2",2022,6,"RAINF",720,713
"NE2",2022,7,"RAINF",744,740
"NE2",2022,8,"RAINF",744,743
"NE2",2022,9,"RAINF",720,718
"NE2",2022,10,"RAINF",744,741
"NE2",2022,11,"RAINF",720,716
"NE2",2022,12,"RAINF",744,739
"NE2",2022,1,"RH",744,723
"NE2",2022,2,"RH",672,658
"NE2",2022,3,"RH",744,697
"NE2",2022,4,"RH",720,688
"NE2",2022,5,"RH",744,742
"NE2",2022,6,"RH",720,713
"NE2",2022,7,"RH",744,740
"NE2",2022,8,"RH",744,743
"NE2",2022,9,"RH",720,718
"NE2",2022,10,"RH",744,741
"NE2",2022,11,"RH",720,713
"NE2",2022,12,"RH",744,737
"NE2",2022,1,"SO2",744,699
"NE2",2022,2,"SO2",672,638
"NE2",2022,3,"SO2",744,689
"NE2",2022,4,"SO2",720,631
"NE2",2022,5,"SO2",744,664
"NE2",2022,6,"SO2",720,703
"NE2",2022,7,"SO2",744,736
"NE2",2022,8,"SO2",744,701
"NE2",2022,9,"SO2",720,680
"NE2",2022,10,"SO2",744,717
"NE2",2022,11,"SO2",720,660
"NE2",2022,12,"SO2",744,730
"NE2",2022,1,"SR",744,734
"NE2",2022,2,"SR",672,660
"NE2",2022,3,"SR",744,727
"NE2",2022,4,"SR",720,713
"NE2",2022,5,"SR",744,744
"NE2",2022,6,"SR",720,720
"NE2",2022,7,"SR",744,743
"NE2",2022,8,"SR",744,744
"NE2",2022,9,"SR",720,719
"NE2",2022,10,"SR",744,744
"NE2",2022,11,"SR",720,718
"NE2",2022,12,"SR",744,740
"NE2",2022,1,"TOUT",744,732
"NE2",2022,2,"TOUT",672,658
"NE2",2022,3,"TOUT",744,709
"NE2",2022,4,"TOUT",720,698
"NE2",2022,5,"TOUT",744,742
"NE2",2022,6,"TOUT",720,712
"NE2",2022,7,"TOUT",744,740
"NE2",2022,8,"TOUT",744,743
"NE2",2022,9,"TOUT",720,717
"NE2",2022,10,"TOUT",744,741
"NE2",2022,11,"TOUT",720,716
"NE2",2022,12,"TOUT",744,730
"NE2",2022,1,"WSR",744,733
"NE2",2022,2,"WSR",672,658
"NE2",2022,3,"WSR",744,709
"NE2",2022,4,"WSR",720,698
"NE2",2022,5,"WSR",744,742
"NE2",2022,6,"WSR",720,712
"NE2",2022,7,"WSR",744,740
"NE2",2022,8,"WSR",744,743
"NE2",2022,9,"WSR",720,718
"NE2",2022,10,"WSR",744,741
"NE2",2022,11,"WSR",720,714
"NE2",2022,12,"WSR",744,738
"NE2",2022,1,"WDR",744,732
"NE2",2022,2,"WDR",672,658
"NE2",2022,3,"WDR",744,707
"NE2",2022,4,"WDR",720,695
"NE2",2022,5,"WDR",744,742
"NE2",2022,6,"WDR",720,712
"NE2",2022,7,"WDR",744,47
"NE2",2022,8,"WDR",744,0
"NE2",2022,9,"WDR",720,0
"NE2",2022,10,"WDR",744,509
"NE2",2022,11,"WDR",720,709
"NE2",2022,12,"WDR",744,738
"NE3",2022,1,"CO",744,714
"NE3",2022,2,"CO",672,627
"NE3",2022,3,"CO",744,707
"NE3",2022,4,"CO",720,696
"NE3",2022,5,"CO",744,731
"NE3",2022,6,"CO",720,705
"NE3",2022,7,"CO",744,716
"NE3",2022,8,"CO",744,701
"NE3",2022,9,"CO",720,681
"NE3",2022,10,"CO",744,708
"NE3",2022,11,"CO",720,709
"NE3",2022,12,"CO",744,613
"NE3",2022,1,"NO",744,719
"NE3",2022,2,"NO",672,637
"NE3",2022,3,"NO",744,702
"NE3",2022,4,"NO",720,694
"NE3",2022,5,"NO",744,727
"NE3",2022,6,"NO",720,700
"NE3",2022,7,"NO",744,715
"NE3",2022,8,"NO",744,699
"NE3",2022,9,"NO",720,686
"NE3",2022,10,"NO",744,704
"NE3",2022,11,"NO",720,705
"NE3",2022,12,"NO",744,645
"NE3",2022,1,"NO2",744,719
"NE3",2022,2,"NO2",672,637
"NE3",2022,3,"NO2",744,702
"NE3",2022,4,"NO2",720,694
"NE3",2022,5,"NO2",744,727
"NE3",2022,6,"NO2",720,700
"NE3",2022,7,"NO2",744,715
"NE3",2022,8,"NO2",744,699
"NE3",2022,9,"NO2",720,686
"NE3",2022,10,"NO2",744,704
"NE3",2022,11,"NO2",720,705
"NE3",2022,12,"NO2",744,645
"NE3",2022,1,"NOX",744,718
"NE3",2022,2,"NOX",672,637
"NE3",2022,3,"NOX",744,701
"NE3",2022,4,"NOX",720,694
"NE3",2022,5,"NOX",744,726
"NE3",2022,6,"NOX",720,700
"NE3",2022,7,"NOX",744,714
"NE3",2022,8,"NOX",744,697
"NE3",2022,9,"NOX",720,684
"NE3",2022,10,"NOX",744,704
"NE3",2022,11,"NOX",720,704
"NE3",2022,12,"NOX",744,645
"NE3",2022,1,"O3",744,733
"NE3",2022,2,"O3",672,639
"NE3",2022,3,"O3",744,707
"NE3",2022,4,"O3",720,696
"NE3",2022,5,"O3",744,730
"NE3",2022,6,"O3",720,705
"NE3",2022,7,"O3",744,716
"NE3",2022,8,"O3",744,701
"NE3",2022,9,"O3",720,690
"NE3",2022,10,"O3",744,708
"NE3",2022,11,"O3",720,707
"NE3",2022,12,"O3",744,643
"NE3",2022,1,"PM10",744,732
"NE3",2022,2,"PM10",672,633
"NE3",2022,3,"PM10",744,664
"NE3",2022,4,"PM10",720,643
"NE3",2022,5,"PM10",744,693
"NE3",2022,6,"PM10",720,705
"NE3",2022,7,"PM10",744,715
"NE3",2022,8,"PM10",744,676
"NE3",2022,9,"PM10",720,687
"NE3",2022,10,"PM10",744,702
"NE3",2022,11,"PM10",720,636
"NE3",2022,12,"PM10",744,648
"NE3",2022,1,"PM2.5",744,0
"NE3",2022,2,"PM2.5",672,0
"NE3",2022,3,"PM2.5",744,0
"NE3",2022,4,"PM2.5",720,0
"NE3",2022,5,"PM2.5",744,0
"NE3",2022,6,"PM2.5",720,0
"NE3",2022,7,"PM2.5",744,0
"NE3",2022,8,"PM2.5",744,0
"NE3",2022,9,"PM2.5",720,0
"NE3",2022,10,"PM2.5",744,0
"NE3",2022,11,"PM2.5",720,0
"NE3",2022,12,"PM2.5",744,0
"NE3",2022,1,"PRS",744,660
"NE3",2022,2,"PRS",672,584
"NE3",2022,3,"PRS",744,697
"NE3",2022,4,"PRS",720,696
"NE3",2022,5,"PRS",744,731
"NE3",2022,6,"PRS",720,704
"NE3",2022,7,"PRS",744,714
"NE3",2022,8,"PRS",744,701
"NE3",2022,9,"PRS",720,689
"NE3",2022,10,"PRS",744,708
"NE3",2022,11,"PRS",720,698
"NE3",2022,12,"PRS",744,594
"NE3",2022,1,"RAINF",744,738
"NE3",2022,2,"RAINF",672,639
"NE3",2022,3,"RAINF",744,707
"NE3",2022,4,"RAINF",720,696
"NE3",2022,5,"RAINF",744,731
"NE3",2022,6,"RAINF",720,704
"NE3",2022,7,"RAINF",744,714
"NE3",2022,8,"RAINF",744,701
"NE3",2022,9,"RAINF",720,690
"NE3",2022,10,"RAINF",744,708
"NE3",2022,11,"RAINF",720,709
"NE3",2022,12,"RAINF",744,649
"NE3",2022,1,"RH",744,731
"NE3",2022,2,"RH",672,639
"NE3",2022,3,"RH",744,702
"NE3",2022,4,"RH",720,689
"NE3",2022,5,"RH",744,731
"NE3",2022,6,"RH",720,704
"NE3",2022,7,"RH",744,714
"NE3",2022,8,"RH",744,701
"NE3",2022,9,"RH",720,686
"NE3",2022,10,"RH",744,708
"NE3",2022,11,"RH",720,703
"NE3",2022,12,"RH",744,641
"NE3",2022,1,"SO2",744,685
"NE3",2022,2,"SO2",672,599
"NE3",2022,3,"SO2",744,608
"NE3",2022,4,"SO2",720,439
"NE3",2022,5,"SO2",744,475
"NE3",2022,6,"SO2",720,561
"NE3",2022,7,"SO2",744,566
"NE3",2022,8,"SO2",744,526
"NE3",2022,9,"SO2",720,450
"NE3",2022,10,"SO2",744,610
"NE3",2022,11,"SO2",720,589
"NE3",2022,12,"SO2",744,632
"NE3",2022,1,"SR",744,700
"NE3",2022,2,"SR",672,546
"NE3",2022,3,"SR",744,532
"NE3",2022,4,"SR",720,688
"NE3",2022,5,"SR",744,727
"NE3",2022,6,"SR",720,625
"NE3",2022,7,"SR",744,597
"NE3",2022,8,"SR",744,649
"NE3",2022,9,"SR",720,699
"NE3",2022,10,"SR",744,418
"NE3",2022,11,"SR",720,632
"NE3",2022,12,"SR",744,627
"NE3",2022,1,"TOUT",744,732
"NE3",2022,2,"TOUT",672,638
"NE3",2022,3,"TOUT",744,704
"NE3",2022,4,"TOUT",720,694
"NE3",2022,5,"TOUT",744,727
"NE3",2022,6,"TOUT",720,704
"NE3",2022,7,"TOUT",744,714
"NE3",2022,8,"TOUT",744,697
"NE3",2022,9,"TOUT",720,688
"NE3",2022,10,"TOUT",744,707
"NE3",2022,11,"TOUT",720,705
"NE3",2022,12,"TOUT",744,635
"NE3",2022,1,"WSR",744,674
"NE3",2022,2,"WSR",672,606
"NE3",2022,3,"WSR",744,673
"NE3",2022,4,"WSR",720,685
"NE3",2022,5,"WSR",744,726
"NE3",2022,6,"WSR",720,690
"NE3",2022,7,"WSR",744,707
"NE3",2022,8,"WSR",744,689
"NE3",2022,9,"WSR",720,625
"NE3",2022,10,"WSR",744,599
"NE3",2022,11,"WSR",720,622
"NE3",2022,12,"WSR",744,609
"NE3",2022,1,"WDR",744,737
"NE3",2022,2,"WDR",672,639
"NE3",2022,3,"WDR",744,707
"NE3",2022,4,"WDR",720,696
"NE3",2022,5,"WDR",744,730
"NE3",2022,6,"WDR",720,704
"NE3",2022,7,"WDR",744,712
"NE3",2022,8,"WDR",744,701
"NE3",2022,9,"WDR",720,690
"NE3",2022,10,"WDR",744,708
"NE3",2022,11,"WDR",720,708
"NE3",2022,12,"WDR",744,648
"NO",2022,1,"CO",744,673
"NO",2022,2,"CO",672,654
"NO",2022,3,"CO",744,723
"NO",2022,4,"CO",720,678
"NO",2022,5,"CO",744,690
"NO",2022,6,"CO",720,628
"NO",2022,7,"CO",744,719
"NO",2022,8,"CO",744,697
"NO",2022,9,"CO",720,692
"NO",2022,10,"CO",744,741
"NO",2022,11,"CO",720,694
"NO",2022,12,"CO",744,743
"NO",2022,1,"NO",744,580
"NO",2022,2,"NO",672,514
"NO",2022,3,"NO",744,506
"NO",2022,4,"NO",720,664
"NO",2022,5,"NO",744,639
"NO",2022,6,"NO",720,483
"NO",2022,7,"NO",744,682
"NO",2022,8,"NO",744,670
"NO",2022,9,"NO",720,663
"NO",2022,10,"NO",744,718
"NO",2022,11,"NO",720,674
"NO",2022,12,"NO",744,734
"NO",2022,1,"NO2",744,580
"NO",2022,2,"NO2",672,514
"NO",2022,3,"NO2",744,506
"NO",2022,4,"NO2",720,664
"NO",2022,5,"NO2",744,639
"NO",2022,6,"NO2",720,483
"NO",2022,7,"NO2",744,682
"NO",2022,8,"NO2",744,670
"NO",2022,9,"NO2",720,663
"NO",2022,10,"NO2",744,718
"NO",2022,11,"NO2",720,679
"NO",2022,12,"NO2",744,743
"NO",2022,1,"NOX",744,580
"NO",2022,2,"NOX",672,514
"NO",2022,3,"NOX",744,506
"NO",2022,4,"NOX",720,664
"NO",2022,5,"NOX",744,639
"NO",2022,6,"NOX",720,479
"NO",2022,7,"NOX",744,680
"NO",2022,8,"NOX",744,669
"NO",2022,9,"NOX",720,663
"NO",2022,10,"NOX",744,717
"NO",2022,11,"NOX",720,679
"NO",2022,12,"NOX",744,743
"NO",2022,1,"O3",744,647
"NO",2022,2,"O3",672,642
"NO",2022,3,"O3",744,720
"NO",2022,4,"O3",720,675
"NO",2022,5,"O3",744,688
"NO",2022,6,"O3",720,686
"NO",2022,7,"O3",744,716
"NO",2022,8,"O3",744,694
"NO",2022,9,"O3",720,687
"NO",2022,10,"O3",744,712
"NO",2022,11,"O3",720,678
"NO",2022,12,"O3",744,674
"NO",2022,1,"PM10",744,661
"NO",2022,2,"PM10",672,652
"NO",2022,3,"PM10",744,722
"NO",2022,4,"PM10",720,670
"NO",2022,5,"PM10",744,690
"NO",2022,6,"PM10",720,705
"NO",2022,7,"PM10",744,718
"NO",2022,8,"PM10",744,672
"NO",2022,9,"PM10",720,656
"NO",2022,10,"PM10",744,712
"NO",2022,11,"PM10",720,672
"NO",2022,12,"PM10",744,722
"NO",2022,1,"PM2.5",744,597
"NO",2022,2,"PM2.5",672,630
"NO",2022,3,"PM2.5",744,713
"NO",2022,4,"PM2.5",720,640
"NO",2022,5,"PM2.5",744,666
"NO",2022,6,"PM2.5",720,670
"NO",2022,7,"PM2.5",744,674
"NO",2022,8,"PM2.5",744,657
"NO",2022,9,"PM2.5",720,200
"NO",2022,10,"PM2.5",744,573
"NO",2022,11,"PM2.5",720,322
"NO",2022,12,"PM2.5",744,361
"NO",2022,1,"PRS",744,668
"NO",2022,2,"PRS",672,655
"NO",2022,3,"PRS",744,721
"NO",2022,4,"PRS",720,673
"NO",2022,5,"PRS",744,686
"NO",2022,6,"PRS",720,708
"NO",2022,7,"PRS",744,712
"NO",2022,8,"PRS",744,672
"NO",2022,9,"PRS",720,679
"NO",2022,10,"PRS",744,718
"NO",2022,11,"PRS",720,695
"NO",2022,12,"PRS",744,725
"NO",2022,1,"RAINF",744,707
"NO",2022,2,"RAINF",672,654
"NO",2022,3,"RAINF",744,723
"NO",2022,4,"RAINF",720,683
"NO",2022,5,"RAINF",744,695
"NO",2022,6,"RAINF",720,708
"NO",2022,7,"RAINF",744,742
"NO",2022,8,"RAINF",744,737
"NO",2022,9,"RAINF",720,692
"NO",2022,10,"RAINF",744,741
"NO",2022,11,"RAINF",720,695
"NO",2022,12,"RAINF",744,743
"NO",2022,1,"RH",744,656
"NO",2022,2,"RH",672,650
"NO",2022,3,"RH",744,722
"NO",2022,4,"RH",720,673
"NO",2022,5,"RH",744,690
"NO",2022,6,"RH",720,707
"NO",2022,7,"RH",744,719
"NO",2022,8,"RH",744,681
"NO",2022,9,"RH",720,680
"NO",2022,10,"RH",744,722
"NO",2022,11,"RH",720,676
"NO",2022,12,"RH",744,718
"NO",2022,1,"SO2",744,656
"NO",2022,2,"SO2",672,637
"NO",2022,3,"SO2",744,716
"NO",2022,4,"SO2",720,627
"NO",2022,5,"SO2",744,602
"NO",2022,6,"SO2",720,567
"NO",2022,7,"SO2",744,640
"NO",2022,8,"SO2",744,568
"NO",2022,9,"SO2",720,598
"NO",2022,10,"SO2",744,718
"NO",2022,11,"SO2",720,657
"NO",2022,12,"SO2",744,743
"NO",2022,1,"SR",744,708
"NO",2022,2,"SR",672,657
"NO",2022,3,"SR",744,724
"NO",2022,4,"SR",720,694
"NO",2022,5,"SR",744,728
"NO",2022,6,"SR",720,710
"NO",2022,7,"SR",744,743
"NO",2022,8,"SR",744,739
"NO",2022,9,"SR",720,694
"NO",2022,10,"SR",744,742
"NO",2022,11,"SR",720,697
"NO",2022,12,"SR",744,744
"NO",2022,1,"TOUT",744,667
"NO",2022,2,"TOUT",672,655
"NO",2022,3,"TOUT",744,723
"NO",2022,4,"TOUT",720,679
"NO",2022,5,"TOUT",744,692
"NO",2022,6,"TOUT",720,709
"NO",2022,7,"TOUT",744,725
"NO",2022,8,"TOUT",744,688
"NO",2022,9,"TOUT",720,680
"NO",2022,10,"TOUT",744,726
"NO",2022,11,"TOUT",720,695
"NO",2022,12,"TOUT",744,728
"NO",2022,1,"WSR",744,671
"NO",2022,2,"WSR",672,653
"NO",2022,3,"WSR",744,723
"NO",2022,4,"WSR",720,677
"NO",2022,5,"WSR",744,690
"NO",2022,6,"WSR",720,694
"NO",2022,7,"WSR",744,719
"NO",2022,8,"WSR",744,681
"NO",2022,9,"WSR",720,680
"NO",2022,10,"WSR",744,722
"NO",2022,11,"WSR",720,695
"NO",2022,12,"WSR",744,726
"NO",2022,1,"WDR",744,667
"NO",2022,2,"WDR",672,653
"NO",2022,3,"WDR",744,722
"NO",2022,4,"WDR",720,677
"NO",2022,5,"WDR",744,690
"NO",2022,6,"WDR",720,708
"NO",2022,7,"WDR",744,719
"NO",2022,8,"WDR",744,680
"NO",2022,9,"WDR",720,681
"NO",2022,10,"WDR",744,722
"NO",2022,11,"WDR",720,695
"NO",2022,12,"WDR",744,726
"NO2",2022,1,"CO",744,740
"NO2",2022,2,"CO",672,664
"NO2",2022,3,"CO",744,729
"NO2",2022,4,"CO",720,507
"NO2",2022,5,"CO",744,726
"NO2",2022,6,"CO",720,703
"NO2",2022,7,"CO",744,743
"NO2",2022,8,"CO",744,738
"NO2",2022,9,"CO",720,719
"NO2",2022,10,"CO",744,718
"NO2",2022,11,"CO",720,715
"NO2",2022,12,"CO",744,743
"NO2",2022,1,"NO",744,735
"NO2",2022,2,"NO",672,660
"NO2",2022,3,"NO",744,718
"NO2",2022,4,"NO",720,701
"NO2",2022,5,"NO",744,709
"NO2",2022,6,"NO",720,658
"NO2",2022,7,"NO",744,742
"NO2",2022,8,"NO",744,732
"NO2",2022,9,"NO",720,711
"NO2",2022,10,"NO",744,710
"NO2",2022,11,"NO",720,704
"NO2",2022,12,"NO",744,742
"NO2",2022,1,"NO2",744,735
"NO2",2022,2,"NO2",672,660
"NO2",2022,3,"NO2",744,718
"NO2",2022,4,"NO2",720,701
"NO2",2022,5,"NO2",744,709
"NO2",2022,6,"NO2",720,658
"NO2",2022,7,"NO2",744,742
"NO2",2022,8,"NO2",744,732
"NO2",2022,9,"NO2",720,711
"NO2",2022,10,"NO2",744,710
"NO2",2022,11,"NO2",720,704
"NO2",2022,12,"NO2",744,743
"NO2",2022,1,"NOX",744,735
"NO2",2022,2,"NOX",672,660
"NO2",2022,3,"NOX",744,718
"NO2",2022,4,"NOX",720,701
"NO2",2022,5,"NOX",744,709
"NO2",2022,6,"NOX",720,658
"NO2",2022,7,"NOX",744,742
"NO2",2022,8,"NOX",744,732
"NO2",2022,9,"NOX",720,710
"NO2",2022,10,"NOX",744,710
"NO2",2022,11,"NOX",720,704
"NO2",2022,12,"NOX",744,743
"NO2",2022,1,"O3",744,719
"NO2",2022,2,"O3",672,654
"NO2",2022,3,"O3",744,728
"NO2",2022,4,"O3",720,703
"NO2",2022,5,"O3",744,723
"NO2",2022,6,"O3",720,703
"NO2",2022,7,"O3",744,739
"NO2",2022,8,"O3",744,737
"NO2",2022,9,"O3",720,719
"NO2",2022,10,"O3",744,715
"NO2",2022,11,"O3",720,706
"NO2",2022,12,"O3",744,703
"NO2",2022,1,"PM10",744,738
"NO2",2022,2,"PM10",672,655
"NO2",2022,3,"PM10",744,729
"NO2",2022,4,"PM10",720,703
"NO2",2022,5,"PM10",744,726
"NO2",2022,6,"PM10",720,700
"NO2",2022,7,"PM10",744,742
"NO2",2022,8,"PM10",744,735
"NO2",2022,9,"PM10",720,718
"NO2",2022,10,"PM10",744,714
"NO2",2022,11,"PM10",720,709
"NO2",2022,12,"PM10",744,739
"NO2",2022,1,"PM2.5",744,684
"NO2",2022,2,"PM2.5",672,634
"NO2",2022,3,"PM2.5",744,690
"NO2",2022,4,"PM2.5",720,667
"NO2",2022,5,"PM2.5",744,664
"NO2",2022,6,"PM2.5",720,661
"NO2",2022,7,"PM2.5",744,734
"NO2",2022,8,"PM2.5",744,693
"NO2",2022,9,"PM2.5",720,686
"NO2",2022,10,"PM2.5",744,679
"NO2",2022,11,"PM2.5",720,572
"NO2",2022,12,"PM2.5",744,690
"NO2",2022,1,"PRS",744,619
"NO2",2022,2,"PRS",672,578
"NO2",2022,3,"PRS",744,671
"NO2",2022,4,"PRS",720,698
"NO2",2022,5,"PRS",744,705
"NO2",2022,6,"PRS",720,558
"NO2",2022,7,"PRS",744,743
"NO2",2022,8,"PRS",744,738
"NO2",2022,9,"PRS",720,719
"NO2",2022,10,"PRS",744,718
"NO2",2022,11,"PRS",720,715
"NO2",2022,12,"PRS",744,743
"NO2",2022,1,"RAINF",744,740
"NO2",2022,2,"RAINF",672,664
"NO2",2022,3,"RAINF",744,729
"NO2",2022,4,"RAINF",720,703
"NO2",2022,5,"RAINF",744,726
"NO2",2022,6,"RAINF",720,703
"NO2",2022,7,"RAINF",744,743
"NO2",2022,8,"RAINF",744,738
"NO2",2022,9,"RAINF",720,718
"NO2",2022,10,"RAINF",744,718
"NO2",2022,11,"RAINF",720,717
"NO2",2022,12,"RAINF",744,743
"NO2",2022,1,"RH",744,251
"NO2",2022,2,"RH",672,284
"NO2",2022,3,"RH",744,711
"NO2",2022,4,"RH",720,696
"NO2",2022,5,"RH",744,726
"NO2",2022,6,"RH",720,703
"NO2",2022,7,"RH",744,743
"NO2",2022,8,"RH",744,738
"NO2",2022,9,"RH",720,718
"NO2",2022,10,"RH",744,718
"NO2",2022,11,"RH",720,665
"NO2",2022,12,"RH",744,742
"NO2",2022,1,"SO2",744,647
"NO2",2022,2,"SO2",672,567
"NO2",2022,3,"SO2",744,681
"NO2",2022,4,"SO2",720,530
"NO2",2022,5,"SO2",744,491
"NO2",2022,6,"SO2",720,566
"NO2",2022,7,"SO2",744,658
"NO2",2022,8,"SO2",744,584
"NO2",2022,9,"SO2",720,523
"NO2",2022,10,"SO2",744,564
"NO2",2022,11,"SO2",720,598
"NO2",2022,12,"SO2",744,739
"NO2",2022,1,"SR",744,744
"NO2",2022,2,"SR",672,519
"NO2",2022,3,"SR",744,572
"NO2",2022,4,"SR",720,655
"NO2",2022,5,"SR",744,574
"NO2",2022,6,"SR",720,520
"NO2",2022,7,"SR",744,291
"NO2",2022,8,"SR",744,638
"NO2",2022,9,"SR",720,515
"NO2",2022,10,"SR",744,679
"NO2",2022,11,"SR",720,642
"NO2",2022,12,"SR",744,709
"NO2",2022,1,"TOUT",744,740
"NO2",2022,2,"TOUT",672,664
"NO2",2022,3,"TOUT",744,729
"NO2",2022,4,"TOUT",720,703
"NO2",2022,5,"TOUT",744,726
"NO2",2022,6,"TOUT",720,702
"NO2",2022,7,"TOUT",744,743
"NO2",2022,8,"TOUT",744,738
"NO2",2022,9,"TOUT",720,718
"NO2",2022,10,"TOUT",744,718
"NO2",2022,11,"TOUT",720,717
"NO2",2022,12,"TOUT",744,743
"NO2",2022,1,"WSR",744,740
"NO2",2022,2,"WSR",672,664
"NO2",2022,3,"WSR",744,729
"NO2",2022,4,"WSR",720,703
"NO2",2022,5,"WSR",744,726
"NO2",2022,6,"WSR",720,703
"NO2",2022,7,"WSR",744,743
"NO2",2022,8,"WSR",744,738
"NO2",2022,9,"WSR",720,718
"NO2",2022,10,"WSR",744,718
"NO2",2022,11,"WSR",720,717
"NO2",2022,12,"WSR",744,743
"NO2",2022,1,"WDR",744,740
"NO2",2022,2,"WDR",672,664
"NO2",2022,3,"WDR",744,729
"NO2",2022,4,"WDR",720,702
"NO2",2022,5,"WDR",744,726
"NO2",2022,6,"WDR",720,703
"NO2",2022,7,"WDR",744,743
"NO2",2022,8,"WDR",744,737
"NO2",2022,9,"WDR",720,718
"NO2",2022,10,"WDR",744,718
"NO2",2022,11,"WDR",720,717
"NO2",2022,12,"WDR",744,743
"NO3",2022,1,"CO",744,0
"NO3",2022,2,"CO",672,0
"NO3",2022,3,"CO",744,0
"NO3",2022,4,"CO",720,0
"NO3",2022,5,"CO",744,0
"NO3",2022,6,"CO",720,0
"NO3",2022,7,"CO",744,0
"NO3",2022,8,"CO",744,0
"NO3",2022,9,"CO",720,0
"NO3",2022,10,"CO",744,0
"NO3",2022,11,"CO",720,0
"NO3",2022,12,"CO",744,743
"NO3",2022,1,"NO",744,0
"NO3",2022,2,"NO",672,0
"NO3",2022,3,"NO",744,0
"NO3",2022,4,"NO",720,0
"NO3",2022,5,"NO",744,0
"NO3",2022,6,"NO",720,0
"NO3",2022,7,"NO",744,0
"NO3",2022,8,"NO",744,0
"NO3",2022,9,"NO",720,0
"NO3",2022,10,"NO",744,0
"NO3",2022,11,"NO",720,0
"NO3",2022,12,"NO",744,743
"NO3",2022,1,"NO2",744,0
"NO3",2022,2,"NO2",672,0
"NO3",2022,3,"NO2",744,0
"NO3",2022,4,"NO2",720,0
"NO3",2022,5,"NO2",744,0
"NO3",2022,6,"NO2",720,0
"NO3",2022,7,"NO2",744,0
"NO3",2022,8,"NO2",744,0
"NO3",2022,9,"NO2",720,0
"NO3",2022,10,"NO2",744,0
"NO3",2022,11,"NO2",720,0
"NO3",2022,12,"NO2",744,743
"NO3",2022,1,"NOX",744,0
"NO3",2022,2,"NOX",672,0
"NO3",2022,3,"NOX",744,0
"NO3",2022,4,"NOX",720,0
"NO3",2022,5,"NOX",744,0
"NO3",2022,6,"NOX",720,0
"NO3",2022,7,"NOX",744,0
"NO3",2022,8,"NOX",744,0
"NO3",2022,9,"NOX",720,0
"NO3",2022,10,"NOX",744,0
"NO3",2022,11,"NOX",720,0
"NO3",2022,12,"NOX",744,743
"NO3",2022,1,"O3",744,0
"NO3",2022,2,"O3",672,0
"NO3",2022,3,"O3",744,0
"NO3",2022,4,"O3",720,0
"NO3",2022,5,"O3",744,0
"NO3",2022,6,"O3",720,0
"NO3",2022,7,"O3",744,0
"NO3",2022,8,"O3",744,0
"NO3",2022,9,"O3",720,0
"NO3",2022,10,"O3",744,0
"NO3",2022,11,"O3",720,0
"NO3",2022,12,"O3",744,705
"NO3",2022,1,"PM10",744,0
"NO3",2022,2,"PM10",672,0
"NO3",2022,3,"PM10",744,0
"NO3",2022,4,"PM10",720,0
"NO3",2022,5,"PM10",744,0
"NO3",2022,6,"PM10",720,0
"NO3",2022,7,"PM10",744,0
"NO3",2022,8,"PM10",744,0
"NO3",2022,9,"PM10",720,0
"NO3",2022,10,"PM10",744,0
"NO3",2022,11,"PM10",720,0
"NO3",2022,12,"PM10",744,689
"NO3",2022,1,"PM2.5",744,0
"NO3",2022,2,"PM2.5",672,0
"NO3",2022,3,"PM2.5",744,0
"NO3",2022,4,"PM2.5",720,0
"NO3",2022,5,"PM2.5",744,0
"NO3",2022,6,"PM2.5",720,0
"NO3",2022,7,"PM2.5",744,0
"NO3",2022,8,"PM2.5",744,0
"NO3",2022,9,"PM2.5",720,0
"NO3",2022,10,"PM2.5",744,0
"NO3",2022,11,"PM2.5",720,0
"NO3",2022,12,"PM2.5",744,0
"NO3",2022,1,"PRS",744,0
"NO3",2022,2,"PRS",672,0
"NO3",2022,3,"PRS",744,0
"NO3",2022,4,"PRS",720,0
"NO3",2022,5,"PRS",744,0
"NO3",2022,6,"PRS",720,0
"NO3",2022,7,"PRS",744,0
"NO3",2022,8,"PRS",744,0
"NO3",2022,9,"PRS",720,0
"NO3",2022,10,"PRS",744,0
"NO3",2022,11,"PRS",720,0
"NO3",2022,12,"PRS",744,743
"NO3",2022,1,"RAINF",744,0
"NO3",2022,2,"RAINF",672,0
"NO3",2022,3,"RAINF",744,0
"NO3",2022,4,"RAINF",720,0
"NO3",2022,5,"RAINF",744,0
"NO3",2022,6,"RAINF",720,0
"NO3",2022,7,"RAINF",744,0
"NO3",2022,8,"RAINF",744,0
"NO3",2022,9,"RAINF",720,0
"NO3",2022,10,"RAINF",744,0
"NO3",2022,11,"RAINF",720,0
"NO3",2022,12,"RAINF",744,743
"NO3",2022,1,"RH",744,0
"NO3",2022,2,"RH",672,0
"NO3",2022,3,"RH",744,0
"NO3",2022,4,"RH",720,0
"NO3",2022,5,"RH",744,0
"NO3",2022,6,"RH",720,0
"NO3",2022,7,"RH",744,0
"NO3",2022,8,"RH",744,0
"NO3",2022,9,"RH",720,0
"NO3",2022,10,"RH",744,0
"NO3",2022,11,"RH",720,0
"NO3",2022,12,"RH",744,735
"NO3",2022,1,"SO2",744,0
"NO3",2022,2,"SO2",672,0
"NO3",2022,3,"SO2",744,0
"NO3",2022,4,"SO2",720,0
"NO3",2022,5,"SO2",744,0
"NO3",2022,6,"SO2",720,0
"NO3",2022,7,"SO2",744,0
"NO3",2022,8,"SO2",744,0
"NO3",2022,9,"SO2",720,0
"NO3",2022,10,"SO2",744,0
"NO3",2022,11,"SO2",720,0
"NO3",2022,12,"SO2",744,710
"NO3",2022,1,"SR",744,0
"NO3",2022,2,"SR",672,0
"NO3",2022,3,"SR",744,0
"NO3",2022,4,"SR",720,0
"NO3",2022,5,"SR",744,0
"NO3",2022,6,"SR",720,0
"NO3",2022,7,"SR",744,0
"NO3",2022,8,"SR",744,0
"NO3",2022,9,"SR",720,0
"NO3",2022,10,"SR",744,0
"NO3",2022,11,"SR",720,0
"NO3",2022,12,"SR",744,741
"NO3",2022,1,"TOUT",744,0
"NO3",2022,2,"TOUT",672,0
"NO3",2022,3,"TOUT",744,0
"NO3",2022,4,"TOUT",720,0
"NO3",2022,5,"TOUT",744,0
"NO3",2022,6,"TOUT",720,0
"NO3",2022,7,"TOUT",744,0
"NO3",2022,8,"TOUT",744,0
"NO3",2022,9,"TOUT",720,0
"NO3",2022,10,"TOUT",744,0
"NO3",2022,11,"TOUT",720,0
"NO3",2022,12,"TOUT",744,742
"NO3",2022,1,"WSR",744,0
"NO3",2022,2,"WSR",672,0
"NO3",2022,3,"WSR",744,0
"NO3",2022,4,"WSR",720,0
"NO3",2022,5,"WSR",744,0
"NO3",2022,6,"WSR",720,0
"NO3",2022,7,"WSR",744,0
"NO3",2022,8,"WSR",744,0
"NO3",2022,9,"WSR",720,0
"NO3",2022,10,"WSR",744,0
"NO3",2022,11,"WSR",720,0
"NO3",2022,12,"WSR",744,737
"NO3",2022,1,"WDR",744,0
"NO3",2022,2,"WDR",672,0
"NO3",2022,3,"WDR",744,0
"NO3",2022,4,"WDR",720,0
"NO3",2022,5,"WDR",744,0
"NO3",2022,6,"WDR",720,0
"NO3",2022,7,"WDR",744,0
"NO3",2022,8,"WDR",744,0
"NO3",2022,9,"WDR",720,0
"NO3",2022,10,"WDR",744,0
"NO3",2022,11,"WDR",720,0
"NO3",2022,12,"WDR",744,642
"NTE",2022,1,"CO",744,735
"NTE",2022,2,"CO",672,648
"NTE",2022,3,"CO",744,706
"NTE",2022,4,"CO",720,707
"NTE",2022,5,"CO",744,735
"NTE",2022,6,"CO",720,707
"NTE",2022,7,"CO",744,739
"NTE",2022,8,"CO",744,728
"NTE",2022,9,"CO",720,710
"NTE",2022,10,"CO",744,743
"NTE",2022,11,"CO",720,697
"NTE",2022,12,"CO",744,738
"NTE",2022,1,"NO",744,729
"NTE",2022,2,"NO",672,640
"NTE",2022,3,"NO",744,695
"NTE",2022,4,"NO",720,693
"NTE",2022,5,"NO",744,715
"NTE",2022,6,"NO",720,676
"NTE",2022,7,"NO",744,721
"NTE",2022,8,"NO",744,709
"NTE",2022,9,"NO",720,705
"NTE",2022,10,"NO",744,737
"NTE",2022,11,"NO",720,683
"NTE",2022,12,"NO",744,737
"NTE",2022,1,"NO2",744,729
"NTE",2022,2,"NO2",672,640
"NTE",2022,3,"NO2",744,695
"NTE",2022,4,"NO2",720,693
"NTE",2022,5,"NO2",744,715
"NTE",2022,6,"NO2",720,676
"NTE",2022,7,"NO2",744,721
"NTE",2022,8,"NO2",744,709
"NTE",2022,9,"NO2",720,705
"NTE",2022,10,"NO2",744,737
"NTE",2022,11,"NO2",720,685
"NTE",2022,12,"NO2",744,738
"NTE",2022,1,"NOX",744,729
"NTE",2022,2,"NOX",672,640
"NTE",2022,3,"NOX",744,695
"NTE",2022,4,"NOX",720,693
"NTE",2022,5,"NOX",744,714
"NTE",2022,6,"NOX",720,674
"NTE",2022,7,"NOX",744,720
"NTE",2022,8,"NOX",744,709
"NTE",2022,9,"NOX",720,705
"NTE",2022,10,"NOX",744,737
"NTE",2022,11,"NOX",720,685
"NTE",2022,12,"NOX",744,737
"NTE",2022,1,"O3",744,705
"NTE",2022,2,"O3",672,643
"NTE",2022,3,"O3",744,703
"NTE",2022,4,"O3",720,704
"NTE",2022,5,"O3",744,733
"NTE",2022,6,"O3",720,705
"NTE",2022,7,"O3",744,738
"NTE",2022,8,"O3",744,727
"NTE",2022,9,"O3",720,705
"NTE",2022,10,"O3",744,704
"NTE",2022,11,"O3",720,675
"NTE",2022,12,"O3",744,643
"NTE",2022,1,"PM10",744,727
"NTE",2022,2,"PM10",672,619
"NTE",2022,3,"PM10",744,681
"NTE",2022,4,"PM10",720,634
"NTE",2022,5,"PM10",744,729
"NTE",2022,6,"PM10",720,705
"NTE",2022,7,"PM10",744,717
"NTE",2022,8,"PM10",744,706
"NTE",2022,9,"PM10",720,671
"NTE",2022,10,"PM10",744,743
"NTE",2022,11,"PM10",720,667
"NTE",2022,12,"PM10",744,680
"NTE",2022,1,"PM2.5",744,712
"NTE",2022,2,"PM2.5",672,554
"NTE",2022,3,"PM2.5",744,681
"NTE",2022,4,"PM2.5",720,611
"NTE",2022,5,"PM2.5",744,644
"NTE",2022,6,"PM2.5",720,605
"NTE",2022,7,"PM2.5",744,687
"NTE",2022,8,"PM2.5",744,651
"NTE",2022,9,"PM2.5",720,558
"NTE",2022,10,"PM2.5",744,724
"NTE",2022,11,"PM2.5",720,475
"NTE",2022,12,"PM2.5",744,613
"NTE",2022,1,"PRS",744,735
"NTE",2022,2,"PRS",672,646
"NTE",2022,3,"PRS",744,706
"NTE",2022,4,"PRS",720,707
"NTE",2022,5,"PRS",744,735
"NTE",2022,6,"PRS",720,707
"NTE",2022,7,"PRS",744,738
"NTE",2022,8,"PRS",744,728
"NTE",2022,9,"PRS",720,710
"NTE",2022,10,"PRS",744,743
"NTE",2022,11,"PRS",720,707
"NTE",2022,12,"PRS",744,738
"NTE",2022,1,"RAINF",744,735
"NTE",2022,2,"RAINF",672,648
"NTE",2022,3,"RAINF",744,706
"NTE",2022,4,"RAINF",720,707
"NTE",2022,5,"RAINF",744,735
"NTE",2022,6,"RAINF",720,707
"NTE",2022,7,"RAINF",744,739
"NTE",2022,8,"RAINF",744,728
"NTE",2022,9,"RAINF",720,710
"NTE",2022,10,"RAINF",744,743
"NTE",2022,11,"RAINF",720,710
"NTE",2022,12,"RAINF",744,738
"NTE",2022,1,"RH",744,727
"NTE",2022,2,"RH",672,648
"NTE",2022,3,"RH",744,698
"NTE",2022,4,"RH",720,706
"NTE",2022,5,"RH",744,735
"NTE",2022,6,"RH",720,707
"NTE",2022,7,"RH",744,739
"NTE",2022,8,"RH",744,721
"NTE",2022,9,"RH",720,629
"NTE",2022,10,"RH",744,743
"NTE",2022,11,"RH",720,361
"NTE",2022,12,"RH",744,459
"NTE",2022,1,"SO2",744,701
"NTE",2022,2,"SO2",672,619
"NTE",2022,3,"SO2",744,687
"NTE",2022,4,"SO2",720,655
"NTE",2022,5,"SO2",744,706
"NTE",2022,6,"SO2",720,657
"NTE",2022,7,"SO2",744,717
"NTE",2022,8,"SO2",744,680
"NTE",2022,9,"SO2",720,636
"NTE",2022,10,"SO2",744,701
"NTE",2022,11,"SO2",720,652
"NTE",2022,12,"SO2",744,699
"NTE",2022,1,"SR",744,744
"NTE",2022,2,"SR",672,657
"NTE",2022,3,"SR",744,725
"NTE",2022,4,"SR",720,715
"NTE",2022,5,"SR",744,741
"NTE",2022,6,"SR",720,717
"NTE",2022,7,"SR",744,741
"NTE",2022,8,"SR",744,741
"NTE",2022,9,"SR",720,717
"NTE",2022,10,"SR",744,743
"NTE",2022,11,"SR",720,718
"NTE",2022,12,"SR",744,740
"NTE",2022,1,"TOUT",744,733
"NTE",2022,2,"TOUT",672,648
"NTE",2022,3,"TOUT",744,706
"NTE",2022,4,"TOUT",720,707
"NTE",2022,5,"TOUT",744,735
"NTE",2022,6,"TOUT",720,707
"NTE",2022,7,"TOUT",744,739
"NTE",2022,8,"TOUT",744,728
"NTE",2022,9,"TOUT",720,710
"NTE",2022,10,"TOUT",744,743
"NTE",2022,11,"TOUT",720,710
"NTE",2022,12,"TOUT",744,737
"NTE",2022,1,"WSR",744,735
"NTE",2022,2,"WSR",672,648
"NTE",2022,3,"WSR",744,706
"NTE",2022,4,"WSR",720,707
"NTE",2022,5,"WSR",744,735
"NTE",2022,6,"WSR",720,707
"NTE",2022,7,"WSR",744,739
"NTE",2022,8,"WSR",744,728
"NTE",2022,9,"WSR",720,710
"NTE",2022,10,"WSR",744,743
"NTE",2022,11,"WSR",720,709
"NTE",2022,12,"WSR",744,738
"NTE",2022,1,"WDR",744,734
"NTE",2022,2,"WDR",672,643
"NTE",2022,3,"WDR",744,700
"NTE",2022,4,"WDR",720,694
"NTE",2022,5,"WDR",744,716
"NTE",2022,6,"WDR",720,694
"NTE",2022,7,"WDR",744,728
"NTE",2022,8,"WDR",744,717
"NTE",2022,9,"WDR",720,706
"NTE",2022,10,"WDR",744,739
"NTE",2022,11,"WDR",720,695
"NTE",2022,12,"WDR",744,738
"NTE2",2022,1,"CO",744,743
"NTE2",2022,2,"CO",672,668
"NTE2",2022,3,"CO",744,740
"NTE2",2022,4,"CO",720,715
"NTE2",2022,5,"CO",744,742
"NTE2",2022,6,"CO",720,714
"NTE2",2022,7,"CO",744,741
"NTE2",2022,8,"CO",744,741
"NTE2",2022,9,"CO",720,710
"NTE2",2022,10,"CO",744,725
"NTE2",2022,11,"CO",720,716
"NTE2",2022,12,"CO",744,741
"NTE2",2022,1,"NO",744,742
"NTE2",2022,2,"NO",672,668
"NTE2",2022,3,"NO",744,740
"NTE2",2022,4,"NO",720,715
"NTE2",2022,5,"NO",744,742
"NTE2",2022,6,"NO",720,714
"NTE2",2022,7,"NO",744,741
"NTE2",2022,8,"NO",744,741
"NTE2",2022,9,"NO",720,708
"NTE2",2022,10,"NO",744,725
"NTE2",2022,11,"NO",720,717
"NTE2",2022,12,"NO",744,741
"NTE2",2022,1,"NO2",744,742
"NTE2",2022,2,"NO2",672,668
"NTE2",2022,3,"NO2",744,740
"NTE2",2022,4,"NO2",720,715
"NTE2",2022,5,"NO2",744,742
"NTE2",2022,6,"NO2",720,714
"NTE2",2022,7,"NO2",744,741
"NTE2",2022,8,"NO2",744,741
"NTE2",2022,9,"NO2",720,708
"NTE2",2022,10,"NO2",744,725
"NTE2",2022,11,"NO2",720,716
"NTE2",2022,12,"NO2",744,741
"NTE2",2022,1,"NOX",744,742
"NTE2",2022,2,"NOX",672,668
"NTE2",2022,3,"NOX",744,740
"NTE2",2022,4,"NOX",720,715
"NTE2",2022,5,"NOX",744,742
"NTE2",2022,6,"NOX",720,714
"NTE2",2022,7,"NOX",744,741
"NTE2",2022,8,"NOX",744,741
"NTE2",2022,9,"NOX",720,707
"NTE2",2022,10,"NOX",744,725
"NTE2",2022,11,"NOX",720,716
"NTE2",2022,12,"NOX",744,741
"NTE2",2022,1,"O3",744,706
"NTE2",2022,2,"O3",672,659
"NTE2",2022,3,"O3",744,738
"NTE2",2022,4,"O3",720,712
"NTE2",2022,5,"O3",744,737
"NTE2",2022,6,"O3",720,712
"NTE2",2022,7,"O3",744,739
"NTE2",2022,8,"O3",744,740
"NTE2",2022,9,"O3",720,708
"NTE2",2022,10,"O3",744,696
"NTE2",2022,11,"O3",720,689
"NTE2",2022,12,"O3",744,709
"NTE2",2022,1,"PM10",744,740
"NTE2",2022,2,"PM10",672,645
"NTE2",2022,3,"PM10",744,733
"NTE2",2022,4,"PM10",720,711
"NTE2",2022,5,"PM10",744,742
"NTE2",2022,6,"PM10",720,712
"NTE2",2022,7,"PM10",744,741
"NTE2",2022,8,"PM10",744,740
"NTE2",2022,9,"PM10",720,708
"NTE2",2022,10,"PM10",744,723
"NTE2",2022,11,"PM10",720,715
"NTE2",2022,12,"PM10",744,740
"NTE2",2022,1,"PM2.5",744,723
"NTE2",2022,2,"PM2.5",672,629
"NTE2",2022,3,"PM2.5",744,703
"NTE2",2022,4,"PM2.5",720,700
"NTE2",2022,5,"PM2.5",744,731
"NTE2",2022,6,"PM2.5",720,651
"NTE2",2022,7,"PM2.5",744,690
"NTE2",2022,8,"PM2.5",744,708
"NTE2",2022,9,"PM2.5",720,667
"NTE2",2022,10,"PM2.5",744,686
"NTE2",2022,11,"PM2.5",720,664
"NTE2",2022,12,"PM2.5",744,706
"NTE2",2022,1,"PRS",744,742
"NTE2",2022,2,"PRS",672,661
"NTE2",2022,3,"PRS",744,740
"NTE2",2022,4,"PRS",720,714
"NTE2",2022,5,"PRS",744,742
"NTE2",2022,6,"PRS",720,709
"NTE2",2022,7,"PRS",744,741
"NTE2",2022,8,"PRS",744,741
"NTE2",2022,9,"PRS",720,710
"NTE2",2022,10,"PRS",744,724
"NTE2",2022,11,"PRS",720,717
"NTE2",2022,12,"PRS",744,741
"NTE2",2022,1,"RAINF",744,742
"NTE2",2022,2,"RAINF",672,668
"NTE2",2022,3,"RAINF",744,740
"NTE2",2022,4,"RAINF",720,715
"NTE2",2022,5,"RAINF",744,742
"NTE2",2022,6,"RAINF",720,714
"NTE2",2022,7,"RAINF",744,741
"NTE2",2022,8,"RAINF",744,741
"NTE2",2022,9,"RAINF",720,710
"NTE2",2022,10,"RAINF",744,725
"NTE2",2022,11,"RAINF",720,717
"NTE2",2022,12,"RAINF",744,741
"NTE2",2022,1,"RH",744,742
"NTE2",2022,2,"RH",672,668
"NTE2",2022,3,"RH",744,731
"NTE2",2022,4,"RH",720,707
"NTE2",2022,5,"RH",744,742
"NTE2",2022,6,"RH",720,714
"NTE2",2022,7,"RH",744,741
"NTE2",2022,8,"RH",744,741
"NTE2",2022,9,"RH",720,709
"NTE2",2022,10,"RH",744,724
"NTE2",2022,11,"RH",720,697
"NTE2",2022,12,"RH",744,738
"NTE2",2022,1,"SO2",744,714
"NTE2",2022,2,"SO2",672,647
"NTE2",2022,3,"SO2",744,728
"NTE2",2022,4,"SO2",720,699
"NTE2",2022,5,"SO2",744,718
"NTE2",2022,6,"SO2",720,698
"NTE2",2022,7,"SO2",744,734
"NTE2",2022,8,"SO2",744,718
"NTE2",2022,9,"SO2",720,689
"NTE2",2022,10,"SO2",744,699
"NTE2",2022,11,"SO2",720,650
"NTE2",2022,12,"SO2",744,741
"NTE2",2022,1,"SR",744,744
"NTE2",2022,2,"SR",672,669
"NTE2",2022,3,"SR",744,742
"NTE2",2022,4,"SR",720,719
"NTE2",2022,5,"SR",744,744
"NTE2",2022,6,"SR",720,716
"NTE2",2022,7,"SR",744,742
"NTE2",2022,8,"SR",744,742
"NTE2",2022,9,"SR",720,713
"NTE2",2022,10,"SR",744,741
"NTE2",2022,11,"SR",720,719
"NTE2",2022,12,"SR",744,742
"NTE2",2022,1,"TOUT",744,741
"NTE2",2022,2,"TOUT",672,668
"NTE2",2022,3,"TOUT",744,740
"NTE2",2022,4,"TOUT",720,715
"NTE2",2022,5,"TOUT",744,742
"NTE2",2022,6,"TOUT",720,714
"NTE2",2022,7,"TOUT",744,741
"NTE2",2022,8,"TOUT",744,741
"NTE2",2022,9,"TOUT",720,710
"NTE2",2022,10,"TOUT",744,724
"NTE2",2022,11,"TOUT",720,717
"NTE2",2022,12,"TOUT",744,741
"NTE2",2022,1,"WSR",744,742
"NTE2",2022,2,"WSR",672,668
"NTE2",2022,3,"WSR",744,740
"NTE2",2022,4,"WSR",720,715
"NTE2",2022,5,"WSR",744,742
"NTE2",2022,6,"WSR",720,714
"NTE2",2022,7,"WSR",744,741
"NTE2",2022,8,"WSR",744,741
"NTE2",2022,9,"WSR",720,710
"NTE2",2022,10,"WSR",744,725
"NTE2",2022,11,"WSR",720,717
"NTE2",2022,12,"WSR",744,741
"NTE2",2022,1,"WDR",744,741
"NTE2",2022,2,"WDR",672,668
"NTE2",2022,3,"WDR",744,737
"NTE2",2022,4,"WDR",720,714
"NTE2",2022,5,"WDR",744,742
"NTE2",2022,6,"WDR",720,713
"NTE2",2022,7,"WDR",744,741
"NTE2",2022,8,"WDR",744,740
"NTE2",2022,9,"WDR",720,709
"NTE2",2022,10,"WDR",744,721
"NTE2",2022,11,"WDR",720,714
"NTE2",2022,12,"WDR",744,740
"SE",2022,1,"CO",744,735
"SE",2022,2,"CO",672,654
"SE",2022,3,"CO",744,727
"SE",2022,4,"CO",720,715
"SE",2022,5,"CO",744,732
"SE",2022,6,"CO",720,701
"SE",2022,7,"CO",744,739
"SE",2022,8,"CO",744,738
"SE",2022,9,"CO",720,719
"SE",2022,10,"CO",744,743
"SE",2022,11,"CO",720,719
"SE",2022,12,"CO",744,743
"SE",2022,1,"NO",744,722
"SE",2022,2,"NO",672,643
"SE",2022,3,"NO",744,704
"SE",2022,4,"NO",720,676
"SE",2022,5,"NO",744,690
"SE",2022,6,"NO",720,678
"SE",2022,7,"NO",744,712
"SE",2022,8,"NO",744,716
"SE",2022,9,"NO",720,682
"SE",2022,10,"NO",744,716
"SE",2022,11,"NO",720,705
"SE",2022,12,"NO",744,738
"SE",2022,1,"NO2",744,722
"SE",2022,2,"NO2",672,643
"SE",2022,3,"NO2",744,704
"SE",2022,4,"NO2",720,676
"SE",2022,5,"NO2",744,690
"SE",2022,6,"NO2",720,678
"SE",2022,7,"NO2",744,712
"SE",2022,8,"NO2",744,715
"SE",2022,9,"NO2",720,682
"SE",2022,10,"NO2",744,716
"SE",2022,11,"NO2",720,705
"SE",2022,12,"NO2",744,738
"SE",2022,1,"NOX",744,722
"SE",2022,2,"NOX",672,643
"SE",2022,3,"NOX",744,704
"SE",2022,4,"NOX",720,675
"SE",2022,5,"NOX",744,690
"SE",2022,6,"NOX",720,676
"SE",2022,7,"NOX",744,712
"SE",2022,8,"NOX",744,715
"SE",2022,9,"NOX",720,682
"SE",2022,10,"NOX",744,716
"SE",2022,11,"NOX",720,705
"SE",2022,12,"NOX",744,738
"SE",2022,1,"O3",744,718
"SE",2022,2,"O3",672,652
"SE",2022,3,"O3",744,724
"SE",2022,4,"O3",720,714
"SE",2022,5,"O3",744,728
"SE",2022,6,"O3",720,695
"SE",2022,7,"O3",744,728
"SE",2022,8,"O3",744,740
"SE",2022,9,"O3",720,719
"SE",2022,10,"O3",744,742
"SE",2022,11,"O3",720,692
"SE",2022,12,"O3",744,672
"SE",2022,1,"PM10",744,733
"SE",2022,2,"PM10",672,652
"SE",2022,3,"PM10",744,727
"SE",2022,4,"PM10",720,713
"SE",2022,5,"PM10",744,731
"SE",2022,6,"PM10",720,638
"SE",2022,7,"PM10",744,737
"SE",2022,8,"PM10",744,736
"SE",2022,9,"PM10",720,719
"SE",2022,10,"PM10",744,743
"SE",2022,11,"PM10",720,704
"SE",2022,12,"PM10",744,741
"SE",2022,1,"PM2.5",744,718
"SE",2022,2,"PM2.5",672,640
"SE",2022,3,"PM2.5",744,715
"SE",2022,4,"PM2.5",720,699
"SE",2022,5,"PM2.5",744,725
"SE",2022,6,"PM2.5",720,639
"SE",2022,7,"PM2.5",744,734
"SE",2022,8,"PM2.5",744,733
"SE",2022,9,"PM2.5",720,669
"SE",2022,10,"PM2.5",744,632
"SE",2022,11,"PM2.5",720,675
"SE",2022,12,"PM2.5",744,715
"SE",2022,1,"PRS",744,735
"SE",2022,2,"PRS",672,654
"SE",2022,3,"PRS",744,727
"SE",2022,4,"PRS",720,715
"SE",2022,5,"PRS",744,732
"SE",2022,6,"PRS",720,701
"SE",2022,7,"PRS",744,738
"SE",2022,8,"PRS",744,741
"SE",2022,9,"PRS",720,719
"SE",2022,10,"PRS",744,743
"SE",2022,11,"PRS",720,718
"SE",2022,12,"PRS",744,743
"SE",2022,1,"RAINF",744,735
"SE",2022,2,"RAINF",672,654
"SE",2022,3,"RAINF",744,727
"SE",2022,4,"RAINF",720,715
"SE",2022,5,"RAINF",744,732
"SE",2022,6,"RAINF",720,701
"SE",2022,7,"RAINF",744,739
"SE",2022,8,"RAINF",744,741
"SE",2022,9,"RAINF",720,719
"SE",2022,10,"RAINF",744,743
"SE",2022,11,"RAINF",720,719
"SE",2022,12,"RAINF",744,743
"SE",2022,1,"RH",744,731
"SE",2022,2,"RH",672,654
"SE",2022,3,"RH",744,727
"SE",2022,4,"RH",720,715
"SE",2022,5,"RH",744,732
"SE",2022,6,"RH",720,701
"SE",2022,7,"RH",744,739
"SE",2022,8,"RH",744,741
"SE",2022,9,"RH",720,719
"SE",2022,10,"RH",744,743
"SE",2022,11,"RH",720,693
"SE",2022,12,"RH",744,743
"SE",2022,1,"SO2",744,705
"SE",2022,2,"SO2",672,630
"SE",2022,3,"SO2",744,701
"SE",2022,4,"SO2",720,646
"SE",2022,5,"SO2",744,676
"SE",2022,6,"SO2",720,648
"SE",2022,7,"SO2",744,688
"SE",2022,8,"SO2",744,652
"SE",2022,9,"SO2",720,623
"SE",2022,10,"SO2",744,702
"SE",2022,11,"SO2",720,660
"SE",2022,12,"SO2",744,702
"SE",2022,1,"SR",744,742
"SE",2022,2,"SR",672,672
"SE",2022,3,"SR",744,742
"SE",2022,4,"SR",720,719
"SE",2022,5,"SR",744,743
"SE",2022,6,"SR",720,718
"SE",2022,7,"SR",744,742
"SE",2022,8,"SR",744,742
"SE",2022,9,"SR",720,719
"SE",2022,10,"SR",744,744
"SE",2022,11,"SR",720,719
"SE",2022,12,"SR",744,743
"SE",2022,1,"TOUT",744,735
"SE",2022,2,"TOUT",672,654
"SE",2022,3,"TOUT",744,727
"SE",2022,4,"TOUT",720,715
"SE",2022,5,"TOUT",744,732
"SE",2022,6,"TOUT",720,701
"SE",2022,7,"TOUT",744,739
"SE",2022,8,"TOUT",744,741
"SE",2022,9,"TOUT",720,719
"SE",2022,10,"TOUT",744,743
"SE",2022,11,"TOUT",720,719
"SE",2022,12,"TOUT",744,743
"SE",2022,1,"WSR",744,735
"SE",2022,2,"WSR",672,654
"SE",2022,3,"WSR",744,727
"SE",2022,4,"WSR",720,715
"SE",2022,5,"WSR",744,732
"SE",2022,6,"WSR",720,701
"SE",2022,7,"WSR",744,739
"SE",2022,8,"WSR",744,741
"SE",2022,9,"WSR",720,719
"SE",2022,10,"WSR",744,743
"SE",2022,11,"WSR",720,719
"SE",2022,12,"WSR",744,743
"SE",2022,1,"WDR",744,735
"SE",2022,2,"WDR",672,654
"SE",2022,3,"WDR",744,725
"SE",2022,4,"WDR",720,715
"SE",2022,5,"WDR",744,732
"SE",2022,6,"WDR",720,701
"SE",2022,7,"WDR",744,739
"SE",2022,8,"WDR",744,741
"SE",2022,9,"WDR",720,719
"SE",2022,10,"WDR",744,743
"SE",2022,11,"WDR",720,719
"SE",2022,12,"WDR",744,742
"SE2",2022,1,"CO",744,616
"SE2",2022,2,"CO",672,609
"SE2",2022,3,"CO",744,723
"SE2",2022,4,"CO",720,713
"SE2",2022,5,"CO",744,710
"SE2",2022,6,"CO",720,642
"SE2",2022,7,"CO",744,741
"SE2",2022,8,"CO",744,722
"SE2",2022,9,"CO",720,575
"SE2",2022,10,"CO",744,741
"SE2",2022,11,"CO",720,716
"SE2",2022,12,"CO",744,655
"SE2",2022,1,"NO",744,613
"SE2",2022,2,"NO",672,604
"SE2",2022,3,"NO",744,716
"SE2",2022,4,"NO",720,703
"SE2",2022,5,"NO",744,674
"SE2",2022,6,"NO",720,681
"SE2",2022,7,"NO",744,729
"SE2",2022,8,"NO",744,720
"SE2",2022,9,"NO",720,711
"SE2",2022,10,"NO",744,739
"SE2",2022,11,"NO",720,714
"SE2",2022,12,"NO",744,697
"SE2",2022,1,"NO2",744,616
"SE2",2022,2,"NO2",672,609
"SE2",2022,3,"NO2",744,723
"SE2",2022,4,"NO2",720,711
"SE2",2022,5,"NO2",744,709
"SE2",2022,6,"NO2",720,706
"SE2",2022,7,"NO2",744,741
"SE2",2022,8,"NO2",744,733
"SE2",2022,9,"NO2",720,711
"SE2",2022,10,"NO2",744,741
"SE2",2022,11,"NO2",720,719
"SE2",2022,12,"NO2",744,697
"SE2",2022,1,"NOX",744,616
"SE2",2022,2,"NOX",672,609
"SE2",2022,3,"NOX",744,723
"SE2",2022,4,"NOX",720,710
"SE2",2022,5,"NOX",744,709
"SE2",2022,6,"NOX",720,705
"SE2",2022,7,"NOX",744,741
"SE2",2022,8,"NOX",744,735
"SE2",2022,9,"NOX",720,711
"SE2",2022,10,"NOX",744,741
"SE2",2022,11,"NOX",720,719
"SE2",2022,12,"NOX",744,697
"SE2",2022,1,"O3",744,609
"SE2",2022,2,"O3",672,590
"SE2",2022,3,"O3",744,670
"SE2",2022,4,"O3",720,691
"SE2",2022,5,"O3",744,710
"SE2",2022,6,"O3",720,706
"SE2",2022,7,"O3",744,738
"SE2",2022,8,"O3",744,735
"SE2",2022,9,"O3",720,715
"SE2",2022,10,"O3",744,736
"SE2",2022,11,"O3",720,704
"SE2",2022,12,"O3",744,672
"SE2",2022,1,"PM10",744,613
"SE2",2022,2,"PM10",672,591
"SE2",2022,3,"PM10",744,722
"SE2",2022,4,"PM10",720,707
"SE2",2022,5,"PM10",744,710
"SE2",2022,6,"PM10",720,705
"SE2",2022,7,"PM10",744,741
"SE2",2022,8,"PM10",744,734
"SE2",2022,9,"PM10",720,711
"SE2",2022,10,"PM10",744,727
"SE2",2022,11,"PM10",720,679
"SE2",2022,12,"PM10",744,688
"SE2",2022,1,"PM2.5",744,574
"SE2",2022,2,"PM2.5",672,573
"SE2",2022,3,"PM2.5",744,691
"SE2",2022,4,"PM2.5",720,687
"SE2",2022,5,"PM2.5",744,682
"SE2",2022,6,"PM2.5",720,659
"SE2",2022,7,"PM2.5",744,705
"SE2",2022,8,"PM2.5",744,718
"SE2",2022,9,"PM2.5",720,661
"SE2",2022,10,"PM2.5",744,711
"SE2",2022,11,"PM2.5",720,702
"SE2",2022,12,"PM2.5",744,187
"SE2",2022,1,"PRS",744,614
"SE2",2022,2,"PRS",672,608
"SE2",2022,3,"PRS",744,723
"SE2",2022,4,"PRS",720,711
"SE2",2022,5,"PRS",744,707
"SE2",2022,6,"PRS",720,706
"SE2",2022,7,"PRS",744,741
"SE2",2022,8,"PRS",744,735
"SE2",2022,9,"PRS",720,716
"SE2",2022,10,"PRS",744,741
"SE2",2022,11,"PRS",720,719
"SE2",2022,12,"PRS",744,696
"SE2",2022,1,"RAINF",744,743
"SE2",2022,2,"RAINF",672,672
"SE2",2022,3,"RAINF",744,743
"SE2",2022,4,"RAINF",720,718
"SE2",2022,5,"RAINF",744,744
"SE2",2022,6,"RAINF",720,720
"SE2",2022,7,"RAINF",744,744
"SE2",2022,8,"RAINF",744,742
"SE2",2022,9,"RAINF",720,720
"SE2",2022,10,"RAINF",744,744
"SE2",2022,11,"RAINF",720,720
"SE2",2022,12,"RAINF",744,744
"SE2",2022,1,"RH",744,610
"SE2",2022,2,"RH",672,609
"SE2",2022,3,"RH",744,723
"SE2",2022,4,"RH",720,692
"SE2",2022,5,"RH",744,710
"SE2",2022,6,"RH",720,706
"SE2",2022,7,"RH",744,741
"SE2",2022,8,"RH",744,737
"SE2",2022,9,"RH",720,717
"SE2",2022,10,"RH",744,741
"SE2",2022,11,"RH",720,709
"SE2",2022,12,"RH",744,693
"SE2",2022,1,"SO2",744,616
"SE2",2022,2,"SO2",672,600
"SE2",2022,3,"SO2",744,702
"SE2",2022,4,"SO2",720,707
"SE2",2022,5,"SO2",744,699
"SE2",2022,6,"SO2",720,700
"SE2",2022,7,"SO2",744,741
"SE2",2022,8,"SO2",744,728
"SE2",2022,9,"SO2",720,651
"SE2",2022,10,"SO2",744,728
"SE2",2022,11,"SO2",720,717
"SE2",2022,12,"SO2",744,679
"SE2",2022,1,"SR",744,681
"SE2",2022,2,"SR",672,650
"SE2",2022,3,"SR",744,739
"SE2",2022,4,"SR",720,715
"SE2",2022,5,"SR",744,739
"SE2",2022,6,"SR",720,709
"SE2",2022,7,"SR",744,744
"SE2",2022,8,"SR",744,742
"SE2",2022,9,"SR",720,720
"SE2",2022,10,"SR",744,744
"SE2",2022,11,"SR",720,720
"SE2",2022,12,"SR",744,705
"SE2",2022,1,"TOUT",744,616
"SE2",2022,2,"TOUT",672,609
"SE2",2022,3,"TOUT",744,723
"SE2",2022,4,"TOUT",720,711
"SE2",2022,5,"TOUT",744,710
"SE2",2022,6,"TOUT",720,707
"SE2",2022,7,"TOUT",744,741
"SE2",2022,8,"TOUT",744,737
"SE2",2022,9,"TOUT",720,716
"SE2",2022,10,"TOUT",744,741
"SE2",2022,11,"TOUT",720,718
"SE2",2022,12,"TOUT",744,697
"SE2",2022,1,"WSR",744,601
"SE2",2022,2,"WSR",672,605
"SE2",2022,3,"WSR",744,712
"SE2",2022,4,"WSR",720,692
"SE2",2022,5,"WSR",744,708
"SE2",2022,6,"WSR",720,704
"SE2",2022,7,"WSR",744,741
"SE2",2022,8,"WSR",744,732
"SE2",2022,9,"WSR",720,708
"SE2",2022,10,"WSR",744,706
"SE2",2022,11,"WSR",720,702
"SE2",2022,12,"WSR",744,669
"SE2",2022,1,"WDR",744,616
"SE2",2022,2,"WDR",672,609
"SE2",2022,3,"WDR",744,723
"SE2",2022,4,"WDR",720,692
"SE2",2022,5,"WDR",744,709
"SE2",2022,6,"WDR",720,705
"SE2",2022,7,"WDR",744,740
"SE2",2022,8,"WDR",744,734
"SE2",2022,9,"WDR",720,717
"SE2",2022,10,"WDR",744,741
"SE2",2022,11,"WDR",720,717
"SE2",2022,12,"WDR",744,696
"SE3",2022,1,"CO",744,744
"SE3",2022,2,"CO",672,660
"SE3",2022,3,"CO",744,694
"SE3",2022,4,"CO",720,711
"SE3",2022,5,"CO",744,740
"SE3",2022,6,"CO",720,715
"SE3",2022,7,"CO",744,705
"SE3",2022,8,"CO",744,682
"SE3",2022,9,"CO",720,670
"SE3",2022,10,"CO",744,696
"SE3",2022,11,"CO",720,717
"SE3",2022,12,"CO",744,740
"SE3",2022,1,"NO",744,740
"SE3",2022,2,"NO",672,656
"SE3",2022,3,"NO",744,680
"SE3",2022,4,"NO",720,691
"SE3",2022,5,"NO",744,712
"SE3",2022,6,"NO",720,695
"SE3",2022,7,"NO",744,725
"SE3",2022,8,"NO",744,726
"SE3",2022,9,"NO",720,703
"SE3",2022,10,"NO",744,688
"SE3",2022,11,"NO",720,708
"SE3",2022,12,"NO",744,739
"SE3",2022,1,"NO2",744,744
"SE3",2022,2,"NO2",672,659
"SE3",2022,3,"NO2",744,694
"SE3",2022,4,"NO2",720,710
"SE3",2022,5,"NO2",744,738
"SE3",2022,6,"NO2",720,713
"SE3",2022,7,"NO2",744,739
"SE3",2022,8,"NO2",744,736
"SE3",2022,9,"NO2",720,703
"SE3",2022,10,"NO2",744,691
"SE3",2022,11,"NO2",720,716
"SE3",2022,12,"NO2",744,739
"SE3",2022,1,"NOX",744,744
"SE3",2022,2,"NOX",672,660
"SE3",2022,3,"NOX",744,694
"SE3",2022,4,"NOX",720,711
"SE3",2022,5,"NOX",744,739
"SE3",2022,6,"NOX",720,714
"SE3",2022,7,"NOX",744,741
"SE3",2022,8,"NOX",744,740
"SE3",2022,9,"NOX",720,703
"SE3",2022,10,"NOX",744,691
"SE3",2022,11,"NOX",720,717
"SE3",2022,12,"NOX",744,740
"SE3",2022,1,"O3",744,736
"SE3",2022,2,"O3",672,659
"SE3",2022,3,"O3",744,694
"SE3",2022,4,"O3",720,712
"SE3",2022,5,"O3",744,740
"SE3",2022,6,"O3",720,715
"SE3",2022,7,"O3",744,742
"SE3",2022,8,"O3",744,741
"SE3",2022,9,"O3",720,713
"SE3",2022,10,"O3",744,696
"SE3",2022,11,"O3",720,716
"SE3",2022,12,"O3",744,740
"SE3",2022,1,"PM10",744,743
"SE3",2022,2,"PM10",672,659
"SE3",2022,3,"PM10",744,694
"SE3",2022,4,"PM10",720,707
"SE3",2022,5,"PM10",744,738
"SE3",2022,6,"PM10",720,715
"SE3",2022,7,"PM10",744,742
"SE3",2022,8,"PM10",744,739
"SE3",2022,9,"PM10",720,712
"SE3",2022,10,"PM10",744,691
"SE3",2022,11,"PM10",720,718
"SE3",2022,12,"PM10",744,736
"SE3",2022,1,"PM2.5",744,709
"SE3",2022,2,"PM2.5",672,647
"SE3",2022,3,"PM2.5",744,683
"SE3",2022,4,"PM2.5",720,683
"SE3",2022,5,"PM2.5",744,727
"SE3",2022,6,"PM2.5",720,693
"SE3",2022,7,"PM2.5",744,724
"SE3",2022,8,"PM2.5",744,714
"SE3",2022,9,"PM2.5",720,589
"SE3",2022,10,"PM2.5",744,673
"SE3",2022,11,"PM2.5",720,654
"SE3",2022,12,"PM2.5",744,721
"SE3",2022,1,"PRS",744,744
"SE3",2022,2,"PRS",672,660
"SE3",2022,3,"PRS",744,694
"SE3",2022,4,"PRS",720,710
"SE3",2022,5,"PRS",744,740
"SE3",2022,6,"PRS",720,715
"SE3",2022,7,"PRS",744,742
"SE3",2022,8,"PRS",744,740
"SE3",2022,9,"PRS",720,711
"SE3",2022,10,"PRS",744,695
"SE3",2022,11,"PRS",720,718
"SE3",2022,12,"PRS",744,739
"SE3",2022,1,"RAINF",744,744
"SE3",2022,2,"RAINF",672,660
"SE3",2022,3,"RAINF",744,694
"SE3",2022,4,"RAINF",720,711
"SE3",2022,5,"RAINF",744,740
"SE3",2022,6,"RAINF",720,715
"SE3",2022,7,"RAINF",744,742
"SE3",2022,8,"RAINF",744,741
"SE3",2022,9,"RAINF",720,714
"SE3",2022,10,"RAINF",744,697
"SE3",2022,11,"RAINF",720,718
"SE3",2022,12,"RAINF",744,740
"SE3",2022,1,"RH",744,739
"SE3",2022,2,"RH",672,660
"SE3",2022,3,"RH",744,692
"SE3",2022,4,"RH",720,705
"SE3",2022,5,"RH",744,740
"SE3",2022,6,"RH",720,715
"SE3",2022,7,"RH",744,742
"SE3",2022,8,"RH",744,741
"SE3",2022,9,"RH",720,713
"SE3",2022,10,"RH",744,695
"SE3",2022,11,"RH",720,713
"SE3",2022,12,"RH",744,737
"SE3",2022,1,"SO2",744,738
"SE3",2022,2,"SO2",672,650
"SE3",2022,3,"SO2",744,691
"SE3",2022,4,"SO2",720,706
"SE3",2022,5,"SO2",744,740
"SE3",2022,6,"SO2",720,710
"SE3",2022,7,"SO2",744,742
"SE3",2022,8,"SO2",744,741
"SE3",2022,9,"SO2",720,659
"SE3",2022,10,"SO2",744,683
"SE3",2022,11,"SO2",720,712
"SE3",2022,12,"SO2",744,734
"SE3",2022,1,"SR",744,744
"SE3",2022,2,"SR",672,665
"SE3",2022,3,"SR",744,741
"SE3",2022,4,"SR",720,716
"SE3",2022,5,"SR",744,743
"SE3",2022,6,"SR",720,718
"SE3",2022,7,"SR",744,743
"SE3",2022,8,"SR",744,742
"SE3",2022,9,"SR",720,719
"SE3",2022,10,"SR",744,742
"SE3",2022,11,"SR",720,720
"SE3",2022,12,"SR",744,742
"SE3",2022,1,"TOUT",744,744
"SE3",2022,2,"TOUT",672,660
"SE3",2022,3,"TOUT",744,694
"SE3",2022,4,"TOUT",720,711
"SE3",2022,5,"TOUT",744,740
"SE3",2022,6,"TOUT",720,715
"SE3",2022,7,"TOUT",744,742
"SE3",2022,8,"TOUT",744,741
"SE3",2022,9,"TOUT",720,712
"SE3",2022,10,"TOUT",744,695
"SE3",2022,11,"TOUT",720,717
"SE3",2022,12,"TOUT",744,740
"SE3",2022,1,"WSR",744,730
"SE3",2022,2,"WSR",672,660
"SE3",2022,3,"WSR",744,694
"SE3",2022,4,"WSR",720,711
"SE3",2022,5,"WSR",744,740
"SE3",2022,6,"WSR",720,715
"SE3",2022,7,"WSR",744,742
"SE3",2022,8,"WSR",744,741
"SE3",2022,9,"WSR",720,714
"SE3",2022,10,"WSR",744,697
"SE3",2022,11,"WSR",720,718
"SE3",2022,12,"WSR",744,739
"SE3",2022,1,"WDR",744,743
"SE3",2022,2,"WDR",672,660
"SE3",2022,3,"WDR",744,694
"SE3",2022,4,"WDR",720,710
"SE3",2022,5,"WDR",744,740
"SE3",2022,6,"WDR",720,715
"SE3",2022,7,"WDR",744,742
"SE3",2022,8,"WDR",744,739
"SE3",2022,9,"WDR",720,714
"SE3",2022,10,"WDR",744,697
"SE3",2022,11,"WDR",720,718
"SE3",2022,12,"WDR",744,739
"SO",2022,1,"CO",744,728
"SO",2022,2,"CO",672,660
"SO",2022,3,"CO",744,727
"SO",2022,4,"CO",720,708
"SO",2022,5,"CO",744,679
"SO",2022,6,"CO",720,692
"SO",2022,7,"CO",744,315
"SO",2022,8,"CO",744,343
"SO",2022,9,"CO",720,718
"SO",2022,10,"CO",744,743
"SO",2022,11,"CO",720,685
"SO",2022,12,"CO",744,743
"SO",2022,1,"NO",744,728
"SO",2022,2,"NO",672,660
"SO",2022,3,"NO",744,727
"SO",2022,4,"NO",720,708
"SO",2022,5,"NO",744,675
"SO",2022,6,"NO",720,679
"SO",2022,7,"NO",744,700
"SO",2022,8,"NO",744,737
"SO",2022,9,"NO",720,710
"SO",2022,10,"NO",744,736
"SO",2022,11,"NO",720,684
"SO",2022,12,"NO",744,743
"SO",2022,1,"NO2",744,728
"SO",2022,2,"NO2",672,660
"SO",2022,3,"NO2",744,727
"SO",2022,4,"NO2",720,707
"SO",2022,5,"NO2",744,677
"SO",2022,6,"NO2",720,691
"SO",2022,7,"NO2",744,701
"SO",2022,8,"NO2",744,740
"SO",2022,9,"NO2",720,718
"SO",2022,10,"NO2",744,743
"SO",2022,11,"NO2",720,690
"SO",2022,12,"NO2",744,743
"SO",2022,1,"NOX",744,728
"SO",2022,2,"NOX",672,660
"SO",2022,3,"NOX",744,727
"SO",2022,4,"NOX",720,706
"SO",2022,5,"NOX",744,679
"SO",2022,6,"NOX",720,690
"SO",2022,7,"NOX",744,701
"SO",2022,8,"NOX",744,741
"SO",2022,9,"NOX",720,717
"SO",2022,10,"NOX",744,743
"SO",2022,11,"NOX",720,690
"SO",2022,12,"NOX",744,743
"SO",2022,1,"O3",744,688
"SO",2022,2,"O3",672,634
"SO",2022,3,"O3",744,718
"SO",2022,4,"O3",720,702
"SO",2022,5,"O3",744,676
"SO",2022,6,"O3",720,690
"SO",2022,7,"O3",744,700
"SO",2022,8,"O3",744,742
"SO",2022,9,"O3",720,714
"SO",2022,10,"O3",744,719
"SO",2022,11,"O3",720,648
"SO",2022,12,"O3",744,658
"SO",2022,1,"PM10",744,724
"SO",2022,2,"PM10",672,658
"SO",2022,3,"PM10",744,726
"SO",2022,4,"PM10",720,699
"SO",2022,5,"PM10",744,676
"SO",2022,6,"PM10",720,689
"SO",2022,7,"PM10",744,697
"SO",2022,8,"PM10",744,741
"SO",2022,9,"PM10",720,717
"SO",2022,10,"PM10",744,741
"SO",2022,11,"PM10",720,688
"SO",2022,12,"PM10",744,742
"SO",2022,1,"PM2.5",744,697
"SO",2022,2,"PM2.5",672,649
"SO",2022,3,"PM2.5",744,724
"SO",2022,4,"PM2.5",720,697
"SO",2022,5,"PM2.5",744,637
"SO",2022,6,"PM2.5",720,666
"SO",2022,7,"PM2.5",744,664
"SO",2022,8,"PM2.5",744,666
"SO",2022,9,"PM2.5",720,707
"SO",2022,10,"PM2.5",744,708
"SO",2022,11,"PM2.5",720,633
"SO",2022,12,"PM2.5",744,708
"SO",2022,1,"PRS",744,727
"SO",2022,2,"PRS",672,660
"SO",2022,3,"PRS",744,727
"SO",2022,4,"PRS",720,703
"SO",2022,5,"PRS",744,679
"SO",2022,6,"PRS",720,690
"SO",2022,7,"PRS",744,701
"SO",2022,8,"PRS",744,742
"SO",2022,9,"PRS",720,718
"SO",2022,10,"PRS",744,743
"SO",2022,11,"PRS",720,690
"SO",2022,12,"PRS",744,740
"SO",2022,1,"RAINF",744,728
"SO",2022,2,"RAINF",672,660
"SO",2022,3,"RAINF",744,727
"SO",2022,4,"RAINF",720,703
"SO",2022,5,"RAINF",744,679
"SO",2022,6,"RAINF",720,691
"SO",2022,7,"RAINF",744,701
"SO",2022,8,"RAINF",744,742
"SO",2022,9,"RAINF",720,718
"SO",2022,10,"RAINF",744,743
"SO",2022,11,"RAINF",720,684
"SO",2022,12,"RAINF",744,743
"SO",2022,1,"RH",744,728
"SO",2022,2,"RH",672,660
"SO",2022,3,"RH",744,727
"SO",2022,4,"RH",720,703
"SO",2022,5,"RH",744,679
"SO",2022,6,"RH",720,691
"SO",2022,7,"RH",744,701
"SO",2022,8,"RH",744,742
"SO",2022,9,"RH",720,718
"SO",2022,10,"RH",744,743
"SO",2022,11,"RH",720,680
"SO",2022,12,"RH",744,743
"SO",2022,1,"SO2",744,727
"SO",2022,2,"SO2",672,657
"SO",2022,3,"SO2",744,721
"SO",2022,4,"SO2",720,697
"SO",2022,5,"SO2",744,656
"SO",2022,6,"SO2",720,680
"SO",2022,7,"SO2",744,694
"SO",2022,8,"SO2",744,725
"SO",2022,9,"SO2",720,669
"SO",2022,10,"SO2",744,714
"SO",2022,11,"SO2",720,683
"SO",2022,12,"SO2",744,730
"SO",2022,1,"SR",744,728
"SO",2022,2,"SR",672,660
"SO",2022,3,"SR",744,727
"SO",2022,4,"SR",720,703
"SO",2022,5,"SR",744,725
"SO",2022,6,"SR",720,708
"SO",2022,7,"SR",744,701
"SO",2022,8,"SR",744,737
"SO",2022,9,"SR",720,718
"SO",2022,10,"SR",744,744
"SO",2022,11,"SR",720,695
"SO",2022,12,"SR",744,743
"SO",2022,1,"TOUT",744,728
"SO",2022,2,"TOUT",672,659
"SO",2022,3,"TOUT",744,727
"SO",2022,4,"TOUT",720,703
"SO",2022,5,"TOUT",744,679
"SO",2022,6,"TOUT",720,691
"SO",2022,7,"TOUT",744,701
"SO",2022,8,"TOUT",744,742
"SO",2022,9,"TOUT",720,718
"SO",2022,10,"TOUT",744,743
"SO",2022,11,"TOUT",720,690
"SO",2022,12,"TOUT",744,743
"SO",2022,1,"WSR",744,728
"SO",2022,2,"WSR",672,660
"SO",2022,3,"WSR",744,727
"SO",2022,4,"WSR",720,703
"SO",2022,5,"WSR",744,679
"SO",2022,6,"WSR",720,691
"SO",2022,7,"WSR",744,701
"SO",2022,8,"WSR",744,742
"SO",2022,9,"WSR",720,718
"SO",2022,10,"WSR",744,743
"SO",2022,11,"WSR",720,684
"SO",2022,12,"WSR",744,743
"SO",2022,1,"WDR",744,728
"SO",2022,2,"WDR",672,659
"SO",2022,3,"WDR",744,727
"SO",2022,4,"WDR",720,702
"SO",2022,5,"WDR",744,679
"SO",2022,6,"WDR",720,691
"SO",2022,7,"WDR",744,701
"SO",2022,8,"WDR",744,742
"SO",2022,9,"WDR",720,718
"SO",2022,10,"WDR",744,742
"SO",2022,11,"WDR",720,690
"SO",2022,12,"WDR",744,743
"SO2",2022,1,"CO",744,744
"SO2",2022,2,"CO",672,668
"SO2",2022,3,"CO",744,733
"SO2",2022,4,"CO",720,709
"SO2",2022,5,"CO",744,742
"SO2",2022,6,"CO",720,718
"SO2",2022,7,"CO",744,645
"SO2",2022,8,"CO",744,742
"SO2",2022,9,"CO",720,719
"SO2",2022,10,"CO",744,743
"SO2",2022,11,"CO",720,685
"SO2",2022,12,"CO",744,743
"SO2",2022,1,"NO",744,735
"SO2",2022,2,"NO",672,666
"SO2",2022,3,"NO",744,723
"SO2",2022,4,"NO",720,698
"SO2",2022,5,"NO",744,733
"SO2",2022,6,"NO",720,693
"SO2",2022,7,"NO",744,637
"SO2",2022,8,"NO",744,728
"SO2",2022,9,"NO",720,696
"SO2",2022,10,"NO",744,727
"SO2",2022,11,"NO",720,714
"SO2",2022,12,"NO",744,741
"SO2",2022,1,"NO2",744,744
"SO2",2022,2,"NO2",672,668
"SO2",2022,3,"NO2",744,733
"SO2",2022,4,"NO2",720,709
"SO2",2022,5,"NO2",744,742
"SO2",2022,6,"NO2",720,718
"SO2",2022,7,"NO2",744,645
"SO2",2022,8,"NO2",744,742
"SO2",2022,9,"NO2",720,698
"SO2",2022,10,"NO2",744,743
"SO2",2022,11,"NO2",720,717
"SO2",2022,12,"NO2",744,743
"SO2",2022,1,"NOX",744,744
"SO2",2022,2,"NOX",672,668
"SO2",2022,3,"NOX",744,733
"SO2",2022,4,"NOX",720,709
"SO2",2022,5,"NOX",744,742
"SO2",2022,6,"NOX",720,718
"SO2",2022,7,"NOX",744,645
"SO2",2022,8,"NOX",744,742
"SO2",2022,9,"NOX",720,698
"SO2",2022,10,"NOX",744,743
"SO2",2022,11,"NOX",720,717
"SO2",2022,12,"NOX",744,743
"SO2",2022,1,"O3",744,714
"SO2",2022,2,"O3",672,662
"SO2",2022,3,"O3",744,731
"SO2",2022,4,"O3",720,709
"SO2",2022,5,"O3",744,742
"SO2",2022,6,"O3",720,717
"SO2",2022,7,"O3",744,645
"SO2",2022,8,"O3",744,742
"SO2",2022,9,"O3",720,715
"SO2",2022,10,"O3",744,740
"SO2",2022,11,"O3",720,704
"SO2",2022,12,"O3",744,707
"SO2",2022,1,"PM10",744,744
"SO2",2022,2,"PM10",672,601
"SO2",2022,3,"PM10",744,731
"SO2",2022,4,"PM10",720,709
"SO2",2022,5,"PM10",744,737
"SO2",2022,6,"PM10",720,718
"SO2",2022,7,"PM10",744,641
"SO2",2022,8,"PM10",744,699
"SO2",2022,9,"PM10",720,702
"SO2",2022,10,"PM10",744,742
"SO2",2022,11,"PM10",720,713
"SO2",2022,12,"PM10",744,743
"SO2",2022,1,"PM2.5",744,730
"SO2",2022,2,"PM2.5",672,655
"SO2",2022,3,"PM2.5",744,722
"SO2",2022,4,"PM2.5",720,699
"SO2",2022,5,"PM2.5",744,735
"SO2",2022,6,"PM2.5",720,696
"SO2",2022,7,"PM2.5",744,624
"SO2",2022,8,"PM2.5",744,713
"SO2",2022,9,"PM2.5",720,677
"SO2",2022,10,"PM2.5",744,730
"SO2",2022,11,"PM2.5",720,658
"SO2",2022,12,"PM2.5",744,728
"SO2",2022,1,"PRS",744,744
"SO2",2022,2,"PRS",672,668
"SO2",2022,3,"PRS",744,732
"SO2",2022,4,"PRS",720,709
"SO2",2022,5,"PRS",744,741
"SO2",2022,6,"PRS",720,718
"SO2",2022,7,"PRS",744,645
"SO2",2022,8,"PRS",744,742
"SO2",2022,9,"PRS",720,719
"SO2",2022,10,"PRS",744,743
"SO2",2022,11,"PRS",720,719
"SO2",2022,12,"PRS",744,743
"SO2",2022,1,"RAINF",744,744
"SO2",2022,2,"RAINF",672,668
"SO2",2022,3,"RAINF",744,733
"SO2",2022,4,"RAINF",720,709
"SO2",2022,5,"RAINF",744,742
"SO2",2022,6,"RAINF",720,718
"SO2",2022,7,"RAINF",744,645
"SO2",2022,8,"RAINF",744,742
"SO2",2022,9,"RAINF",720,719
"SO2",2022,10,"RAINF",744,743
"SO2",2022,11,"RAINF",720,719
"SO2",2022,12,"RAINF",744,743
"SO2",2022,1,"RH",744,729
"SO2",2022,2,"RH",672,668
"SO2",2022,3,"RH",744,730
"SO2",2022,4,"RH",720,706
"SO2",2022,5,"RH",744,742
"SO2",2022,6,"RH",720,718
"SO2",2022,7,"RH",744,645
"SO2",2022,8,"RH",744,742
"SO2",2022,9,"RH",720,719
"SO2",2022,10,"RH",744,743
"SO2",2022,11,"RH",720,661
"SO2",2022,12,"RH",744,736
"SO2",2022,1,"SO2",744,744
"SO2",2022,2,"SO2",672,664
"SO2",2022,3,"SO2",744,732
"SO2",2022,4,"SO2",720,686
"SO2",2022,5,"SO2",744,742
"SO2",2022,6,"SO2",720,714
"SO2",2022,7,"SO2",744,644
"SO2",2022,8,"SO2",744,735
"SO2",2022,9,"SO2",720,662
"SO2",2022,10,"SO2",744,741
"SO2",2022,11,"SO2",720,705
"SO2",2022,12,"SO2",744,734
"SO2",2022,1,"SR",744,744
"SO2",2022,2,"SR",672,672
"SO2",2022,3,"SR",744,740
"SO2",2022,4,"SR",720,717
"SO2",2022,5,"SR",744,744
"SO2",2022,6,"SR",720,719
"SO2",2022,7,"SR",744,743
"SO2",2022,8,"SR",744,743
"SO2",2022,9,"SR",720,719
"SO2",2022,10,"SR",744,744
"SO2",2022,11,"SR",720,720
"SO2",2022,12,"SR",744,744
"SO2",2022,1,"TOUT",744,744
"SO2",2022,2,"TOUT",672,668
"SO2",2022,3,"TOUT",744,733
"SO2",2022,4,"TOUT",720,709
"SO2",2022,5,"TOUT",744,742
"SO2",2022,6,"TOUT",720,718
"SO2",2022,7,"TOUT",744,645
"SO2",2022,8,"TOUT",744,742
"SO2",2022,9,"TOUT",720,719
"SO2",2022,10,"TOUT",744,743
"SO2",2022,11,"TOUT",720,718
"SO2",2022,12,"TOUT",744,743
"SO2",2022,1,"WSR",744,744
"SO2",2022,2,"WSR",672,667
"SO2",2022,3,"WSR",744,733
"SO2",2022,4,"WSR",720,709
"SO2",2022,5,"WSR",744,742
"SO2",2022,6,"WSR",720,718
"SO2",2022,7,"WSR",744,645
"SO2",2022,8,"WSR",744,742
"SO2",2022,9,"WSR",720,719
"SO2",2022,10,"WSR",744,743
"SO2",2022,11,"WSR",720,719
"SO2",2022,12,"WSR",744,743
"SO2",2022,1,"WDR",744,744
"SO2",2022,2,"WDR",672,668
"SO2",2022,3,"WDR",744,733
"SO2",2022,4,"WDR",720,709
"SO2",2022,5,"WDR",744,742
"SO2",2022,6,"WDR",720,718
"SO2",2022,7,"WDR",744,645
"SO2",2022,8,"WDR",744,742
"SO2",2022,9,"WDR",720,228
"SO2",2022,10,"WDR",744,743
"SO2",2022,11,"WDR",720,719
"SO2",2022,12,"WDR",744,743
"SUR",2022,1,"CO",744,728
"SUR",2022,2,"CO",672,671
"SUR",2022,3,"CO",744,698
"SUR",2022,4,"CO",720,536
"SUR",2022,5,"CO",744,742
"SUR",2022,6,"CO",720,718
"SUR",2022,7,"CO",744,741
"SUR",2022,8,"CO",744,742
"SUR",2022,9,"CO",720,719
"SUR",2022,10,"CO",744,739
"SUR",2022,11,"CO",720,714
"SUR",2022,12,"CO",744,733
"SUR",2022,1,"NO",744,720
"SUR",2022,2,"NO",672,654
"SUR",2022,3,"NO",744,674
"SUR",2022,4,"NO",720,688
"SUR",2022,5,"NO",744,703
"SUR",2022,6,"NO",720,702
"SUR",2022,7,"NO",744,719
"SUR",2022,8,"NO",744,730
"SUR",2022,9,"NO",720,713
"SUR",2022,10,"NO",744,735
"SUR",2022,11,"NO",720,712
"SUR",2022,12,"NO",744,733
"SUR",2022,1,"NO2",744,720
"SUR",2022,2,"NO2",672,654
"SUR",2022,3,"NO2",744,674
"SUR",2022,4,"NO2",720,688
"SUR",2022,5,"NO2",744,703
"SUR",2022,6,"NO2",720,702
"SUR",2022,7,"NO2",744,719
"SUR",2022,8,"NO2",744,730
"SUR",2022,9,"NO2",720,713
"SUR",2022,10,"NO2",744,735
"SUR",2022,11,"NO2",720,712
"SUR",2022,12,"NO2",744,734
"SUR",2022,1,"NOX",744,719
"SUR",2022,2,"NOX",672,654
"SUR",2022,3,"NOX",744,674
"SUR",2022,4,"NOX",720,688
"SUR",2022,5,"NOX",744,703
"SUR",2022,6,"NOX",720,702
"SUR",2022,7,"NOX",744,719
"SUR",2022,8,"NOX",744,730
"SUR",2022,9,"NOX",720,713
"SUR",2022,10,"NOX",744,735
"SUR",2022,11,"NOX",720,712
"SUR",2022,12,"NOX",744,734
"SUR",2022,1,"O3",744,710
"SUR",2022,2,"O3",672,668
"SUR",2022,3,"O3",744,697
"SUR",2022,4,"O3",720,715
"SUR",2022,5,"O3",744,740
"SUR",2022,6,"O3",720,716
"SUR",2022,7,"O3",744,696
"SUR",2022,8,"O3",744,742
"SUR",2022,9,"O3",720,712
"SUR",2022,10,"O3",744,733
"SUR",2022,11,"O3",720,699
"SUR",2022,12,"O3",744,708
"SUR",2022,1,"PM10",744,725
"SUR",2022,2,"PM10",672,666
"SUR",2022,3,"PM10",744,693
"SUR",2022,4,"PM10",720,717
"SUR",2022,5,"PM10",744,742
"SUR",2022,6,"PM10",720,715
"SUR",2022,7,"PM10",744,740
"SUR",2022,8,"PM10",744,741
"SUR",2022,9,"PM10",720,716
"SUR",2022,10,"PM10",744,734
"SUR",2022,11,"PM10",720,716
"SUR",2022,12,"PM10",744,730
"SUR",2022,1,"PM2.5",744,642
"SUR",2022,2,"PM2.5",672,599
"SUR",2022,3,"PM2.5",744,657
"SUR",2022,4,"PM2.5",720,655
"SUR",2022,5,"PM2.5",744,658
"SUR",2022,6,"PM2.5",720,615
"SUR",2022,7,"PM2.5",744,607
"SUR",2022,8,"PM2.5",744,395
"SUR",2022,9,"PM2.5",720,474
"SUR",2022,10,"PM2.5",744,480
"SUR",2022,11,"PM2.5",720,600
"SUR",2022,12,"PM2.5",744,445
"SUR",2022,1,"PRS",744,727
"SUR",2022,2,"PRS",672,671
"SUR",2022,3,"PRS",744,697
"SUR",2022,4,"PRS",720,719
"SUR",2022,5,"PRS",744,742
"SUR",2022,6,"PRS",720,718
"SUR",2022,7,"PRS",744,739
"SUR",2022,8,"PRS",744,741
"SUR",2022,9,"PRS",720,718
"SUR",2022,10,"PRS",744,739
"SUR",2022,11,"PRS",720,717
"SUR",2022,12,"PRS",744,733
"SUR",2022,1,"RAINF",744,727
"SUR",2022,2,"RAINF",672,671
"SUR",2022,3,"RAINF",744,698
"SUR",2022,4,"RAINF",720,719
"SUR",2022,5,"RAINF",744,742
"SUR",2022,6,"RAINF",720,718
"SUR",2022,7,"RAINF",744,741
"SUR",2022,8,"RAINF",744,742
"SUR",2022,9,"RAINF",720,719
"SUR",2022,10,"RAINF",744,739
"SUR",2022,11,"RAINF",720,717
"SUR",2022,12,"RAINF",744,734
"SUR",2022,1,"RH",744,725
"SUR",2022,2,"RH",672,671
"SUR",2022,3,"RH",744,694
"SUR",2022,4,"RH",720,712
"SUR",2022,5,"RH",744,742
"SUR",2022,6,"RH",720,718
"SUR",2022,7,"RH",744,741
"SUR",2022,8,"RH",744,742
"SUR",2022,9,"RH",720,719
"SUR",2022,10,"RH",744,739
"SUR",2022,11,"RH",720,702
"SUR",2022,12,"RH",744,732
"SUR",2022,1,"SO2",744,643
"SUR",2022,2,"SO2",672,616
"SUR",2022,3,"SO2",744,656
"SUR",2022,4,"SO2",720,636
"SUR",2022,5,"SO2",744,667
"SUR",2022,6,"SO2",720,581
"SUR",2022,7,"SO2",744,644
"SUR",2022,8,"SO2",744,601
"SUR",2022,9,"SO2",720,526
"SUR",2022,10,"SO2",744,579
"SUR",2022,11,"SO2",720,642
"SUR",2022,12,"SO2",744,707
"SUR",2022,1,"SR",744,731
"SUR",2022,2,"SR",672,672
"SUR",2022,3,"SR",744,716
"SUR",2022,4,"SR",720,720
"SUR",2022,5,"SR",744,744
"SUR",2022,6,"SR",720,719
"SUR",2022,7,"SR",744,744
"SUR",2022,8,"SR",744,743
"SUR",2022,9,"SR",720,720
"SUR",2022,10,"SR",744,744
"SUR",2022,11,"SR",720,720
"SUR",2022,12,"SR",744,736
"SUR",2022,1,"TOUT",744,726
"SUR",2022,2,"TOUT",672,671
"SUR",2022,3,"TOUT",744,698
"SUR",2022,4,"TOUT",720,719
"SUR",2022,5,"TOUT",744,742
"SUR",2022,6,"TOUT",720,718
"SUR",2022,7,"TOUT",744,741
"SUR",2022,8,"TOUT",744,742
"SUR",2022,9,"TOUT",720,719
"SUR",2022,10,"TOUT",744,739
"SUR",2022,11,"TOUT",720,717
"SUR",2022,12,"TOUT",744,734
"SUR",2022,1,"WSR",744,726
"SUR",2022,2,"WSR",672,671
"SUR",2022,3,"WSR",744,698
"SUR",2022,4,"WSR",720,719
"SUR",2022,5,"WSR",744,742
"SUR",2022,6,"WSR",720,718
"SUR",2022,7,"WSR",744,741
"SUR",2022,8,"WSR",744,742
"SUR",2022,9,"WSR",720,719
"SUR",2022,10,"WSR",744,739
"SUR",2022,11,"WSR",720,717
"SUR",2022,12,"WSR",744,734
"SUR",2022,1,"WDR",744,725
"SUR",2022,2,"WDR",672,669
"SUR",2022,3,"WDR",744,695
"SUR",2022,4,"WDR",720,715
"SUR",2022,5,"WDR",744,741
"SUR",2022,6,"WDR",720,718
"SUR",2022,7,"WDR",744,738
"SUR",2022,8,"WDR",744,739
"SUR",2022,9,"WDR",720,718
"SUR",2022,10,"WDR",744,739
"SUR",2022,11,"WDR",720,716
"SUR",2022,12,"WDR",744,733
"CE",2023,1,"CO",744,743
"CE",2023,2,"CO",672,668
"CE",2023,3,"CO",744,707
"CE",2023,4,"CO",720,719
"CE",2023,5,"CO",744,725
"CE",2023,6,"CO",720,717
"CE",2023,7,"CO",744,734
"CE",2023,8,"CO",744,693
"CE",2023,9,"CO",720,686
"CE",2023,10,"CO",744,731
"CE",2023,11,"CO",720,675
"CE",2023,12,"CO",744,741
"CE",2023,1,"NO",744,728
"CE",2023,2,"NO",672,641
"CE",2023,3,"NO",744,685
"CE",2023,4,"NO",720,684
"CE",2023,5,"NO",744,696
"CE",2023,6,"NO",720,692
"CE",2023,7,"NO",744,694
"CE",2023,8,"NO",744,719
"CE",2023,9,"NO",720,647
"CE",2023,10,"NO",744,698
"CE",2023,11,"NO",720,665
"CE",2023,12,"NO",744,739
"CE",2023,1,"NO2",744,743
"CE",2023,2,"NO2",672,668
"CE",2023,3,"NO2",744,707
"CE",2023,4,"NO2",720,719
"CE",2023,5,"NO2",744,737
"CE",2023,6,"NO2",720,713
"CE",2023,7,"NO2",744,734
"CE",2023,8,"NO2",744,741
"CE",2023,9,"NO2",720,686
"CE",2023,10,"NO2",744,728
"CE",2023,11,"NO2",720,675
"CE",2023,12,"NO2",744,741
"CE",2023,1,"NOX",744,743
"CE",2023,2,"NOX",672,668
"CE",2023,3,"NOX",744,707
"CE",2023,4,"NOX",720,719
"CE",2023,5,"NOX",744,737
"CE",2023,6,"NOX",720,713
"CE",2023,7,"NOX",744,732
"CE",2023,8,"NOX",744,741
"CE",2023,9,"NOX",720,686
"CE",2023,10,"NOX",744,728
"CE",2023,11,"NOX",720,675
"CE",2023,12,"NOX",744,741
"CE",2023,1,"O3",744,704
"CE",2023,2,"O3",672,654
"CE",2023,3,"O3",744,692
"CE",2023,4,"O3",720,715
"CE",2023,5,"O3",744,733
"CE",2023,6,"O3",720,716
"CE",2023,7,"O3",744,733
"CE",2023,8,"O3",744,742
"CE",2023,9,"O3",720,685
"CE",2023,10,"O3",744,727
"CE",2023,11,"O3",720,621
"CE",2023,12,"O3",744,674
"CE",2023,1,"PM10",744,742
"CE",2023,2,"PM10",672,666
"CE",2023,3,"PM10",744,703
"CE",2023,4,"PM10",720,719
"CE",2023,5,"PM10",744,736
"CE",2023,6,"PM10",720,690
"CE",2023,7,"PM10",744,731
"CE",2023,8,"PM10",744,735
"CE",2023,9,"PM10",720,667
"CE",2023,10,"PM10",744,727
"CE",2023,11,"PM10",720,673
"CE",2023,12,"PM10",744,738
"CE",2023,1,"PM2.5",744,642
"CE",2023,2,"PM2.5",672,614
"CE",2023,3,"PM2.5",744,663
"CE",2023,4,"PM2.5",720,705
"CE",2023,5,"PM2.5",744,730
"CE",2023,6,"PM2.5",720,606
"CE",2023,7,"PM2.5",744,718
"CE",2023,8,"PM2.5",744,704
"CE",2023,9,"PM2.5",720,610
"CE",2023,10,"PM2.5",744,605
"CE",2023,11,"PM2.5",720,620
"CE",2023,12,"PM2.5",744,506
"CE",2023,1,"PRS",744,742
"CE",2023,2,"PRS",672,668
"CE",2023,3,"PRS",744,703
"CE",2023,4,"PRS",720,719
"CE",2023,5,"PRS",744,737
"CE",2023,6,"PRS",720,717
"CE",2023,7,"PRS",744,733
"CE",2023,8,"PRS",744,740
"CE",2023,9,"PRS",720,685
"CE",2023,10,"PRS",744,730
"CE",2023,11,"PRS",720,673
"CE",2023,12,"PRS",744,737
"CE",2023,1,"RAINF",744,743
"CE",2023,2,"RAINF",672,668
"CE",2023,3,"RAINF",744,707
"CE",2023,4,"RAINF",720,719
"CE",2023,5,"RAINF",744,737
"CE",2023,6,"RAINF",720,717
"CE",2023,7,"RAINF",744,734
"CE",2023,8,"RAINF",744,742
"CE",2023,9,"RAINF",720,685
"CE",2023,10,"RAINF",744,731
"CE",2023,11,"RAINF",720,675
"CE",2023,12,"RAINF",744,741
"CE",2023,1,"RH",744,742
"CE",2023,2,"RH",672,665
"CE",2023,3,"RH",744,704
"CE",2023,4,"RH",720,715
"CE",2023,5,"RH",744,737
"CE",2023,6,"RH",720,717
"CE",2023,7,"RH",744,734
"CE",2023,8,"RH",744,742
"CE",2023,9,"RH",720,685
"CE",2023,10,"RH",744,728
"CE",2023,11,"RH",720,639
"CE",2023,12,"RH",744,737
"CE",2023,1,"SO2",744,726
"CE",2023,2,"SO2",672,645
"CE",2023,3,"SO2",744,669
"CE",2023,4,"SO2",720,641
"CE",2023,5,"SO2",744,707
"CE",2023,6,"SO2",720,713
"CE",2023,7,"SO2",744,734
"CE",2023,8,"SO2",744,708
"CE",2023,9,"SO2",720,686
"CE",2023,10,"SO2",744,731
"CE",2023,11,"SO2",720,675
"CE",2023,12,"SO2",744,741
"CE",2023,1,"SR",744,743
"CE",2023,2,"SR",672,670
"CE",2023,3,"SR",744,707
"CE",2023,4,"SR",720,720
"CE",2023,5,"SR",744,744
"CE",2023,6,"SR",720,720
"CE",2023,7,"SR",744,738
"CE",2023,8,"SR",744,743
"CE",2023,9,"SR",720,709
"CE",2023,10,"SR",744,742
"CE",2023,11,"SR",720,717
"CE",2023,12,"SR",744,741
"CE",2023,1,"TOUT",744,743
"CE",2023,2,"TOUT",672,668
"CE",2023,3,"TOUT",744,707
"CE",2023,4,"TOUT",720,719
"CE",2023,5,"TOUT",744,737
"CE",2023,6,"TOUT",720,717
"CE",2023,7,"TOUT",744,734
"CE",2023,8,"TOUT",744,742
"CE",2023,9,"TOUT",720,686
"CE",2023,10,"TOUT",744,731
"CE",2023,11,"TOUT",720,675
"CE",2023,12,"TOUT",744,741
"CE",2023,1,"WSR",744,743
"CE",2023,2,"WSR",672,668
"CE",2023,3,"WSR",744,707
"CE",2023,4,"WSR",720,719
"CE",2023,5,"WSR",744,737
"CE",2023,6,"WSR",720,717
"CE",2023,7,"WSR",744,734
"CE",2023,8,"WSR",744,742
"CE",2023,9,"WSR",720,686
"CE",2023,10,"WSR",744,731
"CE",2023,11,"WSR",720,675
"CE",2023,12,"WSR",744,741
"CE",2023,1,"WDR",744,743
"CE",2023,2,"WDR",672,667
"CE",2023,3,"WDR",744,706
"CE",2023,4,"WDR",720,719
"CE",2023,5,"WDR",744,737
"CE",2023,6,"WDR",720,715
"CE",2023,7,"WDR",744,732
"CE",2023,8,"WDR",744,741
"CE",2023,9,"WDR",720,686
"CE",2023,10,"WDR",744,731
"CE",2023,11,"WDR",720,675
"CE",2023,12,"WDR",744,741
"NE",2023,1,"CO",744,742
"NE",2023,2,"CO",672,666
"NE",2023,3,"CO",744,742
"NE",2023,4,"CO",720,717
"NE",2023,5,"CO",744,713
"NE",2023,6,"CO",720,719
"NE",2023,7,"CO",744,726
"NE",2023,8,"CO",744,396
"NE",2023,9,"CO",720,712
"NE",2023,10,"CO",744,724
"NE",2023,11,"CO",720,719
"NE",2023,12,"CO",744,739
"NE",2023,1,"NO",744,740
"NE",2023,2,"NO",672,657
"NE",2023,3,"NO",744,733
"NE",2023,4,"NO",720,705
"NE",2023,5,"NO",744,710
"NE",2023,6,"NO",720,718
"NE",2023,7,"NO",744,726
"NE",2023,8,"NO",744,742
"NE",2023,9,"NO",720,709
"NE",2023,10,"NO",744,719
"NE",2023,11,"NO",720,713
"NE",2023,12,"NO",744,736
"NE",2023,1,"NO2",744,742
"NE",2023,2,"NO2",672,665
"NE",2023,3,"NO2",744,742
"NE",2023,4,"NO2",720,717
"NE",2023,5,"NO2",744,713
"NE",2023,6,"NO2",720,719
"NE",2023,7,"NO2",744,726
"NE",2023,8,"NO2",744,743
"NE",2023,9,"NO2",720,711
"NE",2023,10,"NO2",744,724
"NE",2023,11,"NO2",720,719
"NE",2023,12,"NO2",744,739
"NE",2023,1,"NOX",744,742
"NE",2023,2,"NOX",672,665
"NE",2023,3,"NOX",744,742
"NE",2023,4,"NOX",720,717
"NE",2023,5,"NOX",744,712
"NE",2023,6,"NOX",720,719
"NE",2023,7,"NOX",744,726
"NE",2023,8,"NOX",744,743
"NE",2023,9,"NOX",720,710
"NE",2023,10,"NOX",744,723
"NE",2023,11,"NOX",720,719
"NE",2023,12,"NOX",744,739
"NE",2023,1,"O3",744,682
"NE",2023,2,"O3",672,655
"NE",2023,3,"O3",744,726
"NE",2023,4,"O3",720,711
"NE",2023,5,"O3",744,708
"NE",2023,6,"O3",720,717
"NE",2023,7,"O3",744,726
"NE",2023,8,"O3",744,742
"NE",2023,9,"O3",720,712
"NE",2023,10,"O3",744,715
"NE",2023,11,"O3",720,580
"NE",2023,12,"O3",744,650
"NE",2023,1,"PM10",744,739
"NE",2023,2,"PM10",672,660
"NE",2023,3,"PM10",744,740
"NE",2023,4,"PM10",720,691
"NE",2023,5,"PM10",744,711
"NE",2023,6,"PM10",720,712
"NE",2023,7,"PM10",744,714
"NE",2023,8,"PM10",744,743
"NE",2023,9,"PM10",720,693
"NE",2023,10,"PM10",744,723
"NE",2023,11,"PM10",720,692
"NE",2023,12,"PM10",744,728
"NE",2023,1,"PM2.5",744,724
"NE",2023,2,"PM2.5",672,656
"NE",2023,3,"PM2.5",744,718
"NE",2023,4,"PM2.5",720,692
"NE",2023,5,"PM2.5",744,369
"NE",2023,6,"PM2.5",720,631
"NE",2023,7,"PM2.5",744,630
"NE",2023,8,"PM2.5",744,695
"NE",2023,9,"PM2.5",720,615
"NE",2023,10,"PM2.5",744,680
"NE",2023,11,"PM2.5",720,705
"NE",2023,12,"PM2.5",744,712
"NE",2023,1,"PRS",744,742
"NE",2023,2,"PRS",672,665
"NE",2023,3,"PRS",744,740
"NE",2023,4,"PRS",720,717
"NE",2023,5,"PRS",744,713
"NE",2023,6,"PRS",720,719
"NE",2023,7,"PRS",744,726
"NE",2023,8,"PRS",744,743
"NE",2023,9,"PRS",720,713
"NE",2023,10,"PRS",744,724
"NE",2023,11,"PRS",720,719
"NE",2023,12,"PRS",744,739
"NE",2023,1,"RAINF",744,742
"NE",2023,2,"RAINF",672,666
"NE",2023,3,"RAINF",744,742
"NE",2023,4,"RAINF",720,717
"NE",2023,5,"RAINF",744,713
"NE",2023,6,"RAINF",720,719
"NE",2023,7,"RAINF",744,726
"NE",2023,8,"RAINF",744,743
"NE",2023,9,"RAINF",720,713
"NE",2023,10,"RAINF",744,724
"NE",2023,11,"RAINF",720,719
"NE",2023,12,"RAINF",744,739
"NE",2023,1,"RH",744,733
"NE",2023,2,"RH",672,664
"NE",2023,3,"RH",744,738
"NE",2023,4,"RH",720,710
"NE",2023,5,"RH",744,713
"NE",2023,6,"RH",720,719
"NE",2023,7,"RH",744,726
"NE",2023,8,"RH",744,743
"NE",2023,9,"RH",720,713
"NE",2023,10,"RH",744,722
"NE",2023,11,"RH",720,683
"NE",2023,12,"RH",744,708
"NE",2023,1,"SO2",744,722
"NE",2023,2,"SO2",672,641
"NE",2023,3,"SO2",744,680
"NE",2023,4,"SO2",720,662
"NE",2023,5,"SO2",744,703
"NE",2023,6,"SO2",720,715
"NE",2023,7,"SO2",744,726
"NE",2023,8,"SO2",744,743
"NE",2023,9,"SO2",720,712
"NE",2023,10,"SO2",744,722
"NE",2023,11,"SO2",720,715
"NE",2023,12,"SO2",744,739
"NE",2023,1,"SR",744,743
"NE",2023,2,"SR",672,667
"NE",2023,3,"SR",744,744
"NE",2023,4,"SR",720,719
"NE",2023,5,"SR",744,726
"NE",2023,6,"SR",720,720
"NE",2023,7,"SR",744,730
"NE",2023,8,"SR",744,744
"NE",2023,9,"SR",720,719
"NE",2023,10,"SR",744,726
"NE",2023,11,"SR",720,720
"NE",2023,12,"SR",744,738
"NE",2023,1,"TOUT",744,742
"NE",2023,2,"TOUT",672,666
"NE",2023,3,"TOUT",744,742
"NE",2023,4,"TOUT",720,717
"NE",2023,5,"TOUT",744,713
"NE",2023,6,"TOUT",720,719
"NE",2023,7,"TOUT",744,726
"NE",2023,8,"TOUT",744,743
"NE",2023,9,"TOUT",720,713
"NE",2023,10,"TOUT",744,724
"NE",2023,11,"TOUT",720,719
"NE",2023,12,"TOUT",744,739
"NE",2023,1,"WSR",744,742
"NE",2023,2,"WSR",672,666
"NE",2023,3,"WSR",744,742
"NE",2023,4,"WSR",720,717
"NE",2023,5,"WSR",744,713
"NE",2023,6,"WSR",720,719
"NE",2023,7,"WSR",744,726
"NE",2023,8,"WSR",744,743
"NE",2023,9,"WSR",720,713
"NE",2023,10,"WSR",744,724
"NE",2023,11,"WSR",720,719
"NE",2023,12,"WSR",744,739
"NE",2023,1,"WDR",744,740
"NE",2023,2,"WDR",672,664
"NE",2023,3,"WDR",744,742
"NE",2023,4,"WDR",720,716
"NE",2023,5,"WDR",744,712
"NE",2023,6,"WDR",720,718
"NE",2023,7,"WDR",744,726
"NE",2023,8,"WDR",744,743
"NE",2023,9,"WDR",720,713
"NE",2023,10,"WDR",744,724
"NE",2023,11,"WDR",720,718
"NE",2023,12,"WDR",744,739
"NE2",2023,1,"CO",744,740
"NE2",2023,2,"CO",672,668
"NE2",2023,3,"CO",744,462
"NE2",2023,4,"CO",720,681
"NE2",2023,5,"CO",744,460
"NE2",2023,6,"CO",720,676
"NE2",2023,7,"CO",744,743
"NE2",2023,8,"CO",744,737
"NE2",2023,9,"CO",720,715
"NE2",2023,10,"CO",744,741
"NE2",2023,11,"CO",720,719
"NE2",2023,12,"CO",744,743
"NE2",2023,1,"NO",744,739
"NE2",2023,2,"NO",672,667
"NE2",2023,3,"NO",744,729
"NE2",2023,4,"NO",720,678
"NE2",2023,5,"NO",744,694
"NE2",2023,6,"NO",720,674
"NE2",2023,7,"NO",744,743
"NE2",2023,8,"NO",744,736
"NE2",2023,9,"NO",720,715
"NE2",2023,10,"NO",744,739
"NE2",2023,11,"NO",720,718
"NE2",2023,12,"NO",744,742
"NE2",2023,1,"NO2",744,740
"NE2",2023,2,"NO2",672,668
"NE2",2023,3,"NO2",744,729
"NE2",2023,4,"NO2",720,679
"NE2",2023,5,"NO2",744,694
"NE2",2023,6,"NO2",720,674
"NE2",2023,7,"NO2",744,743
"NE2",2023,8,"NO2",744,736
"NE2",2023,9,"NO2",720,715
"NE2",2023,10,"NO2",744,741
"NE2",2023,11,"NO2",720,719
"NE2",2023,12,"NO2",744,743
"NE2",2023,1,"NOX",744,740
"NE2",2023,2,"NOX",672,668
"NE2",2023,3,"NOX",744,729
"NE2",2023,4,"NOX",720,681
"NE2",2023,5,"NOX",744,694
"NE2",2023,6,"NOX",720,674
"NE2",2023,7,"NOX",744,743
"NE2",2023,8,"NOX",744,736
"NE2",2023,9,"NOX",720,715
"NE2",2023,10,"NOX",744,741
"NE2",2023,11,"NOX",720,719
"NE2",2023,12,"NOX",744,743
"NE2",2023,1,"O3",744,716
"NE2",2023,2,"O3",672,660
"NE2",2023,3,"O3",744,723
"NE2",2023,4,"O3",720,677
"NE2",2023,5,"O3",744,691
"NE2",2023,6,"O3",720,426
"NE2",2023,7,"O3",744,648
"NE2",2023,8,"O3",744,736
"NE2",2023,9,"O3",720,714
"NE2",2023,10,"O3",744,727
"NE2",2023,11,"O3",720,688
"NE2",2023,12,"O3",744,669
"NE2",2023,1,"PM10",744,738
"NE2",2023,2,"PM10",672,640
"NE2",2023,3,"PM10",744,724
"NE2",2023,4,"PM10",720,679
"NE2",2023,5,"PM10",744,693
"NE2",2023,6,"PM10",720,674
"NE2",2023,7,"PM10",744,703
"NE2",2023,8,"PM10",744,698
"NE2",2023,9,"PM10",720,689
"NE2",2023,10,"PM10",744,730
"NE2",2023,11,"PM10",720,717
"NE2",2023,12,"PM10",744,742
"NE2",2023,1,"PM2.5",744,699
"NE2",2023,2,"PM2.5",672,647
"NE2",2023,3,"PM2.5",744,700
"NE2",2023,4,"PM2.5",720,645
"NE2",2023,5,"PM2.5",744,616
"NE2",2023,6,"PM2.5",720,573
"NE2",2023,7,"PM2.5",744,653
"NE2",2023,8,"PM2.5",744,601
"NE2",2023,9,"PM2.5",720,578
"NE2",2023,10,"PM2.5",744,668
"NE2",2023,11,"PM2.5",720,643
"NE2",2023,12,"PM2.5",744,666
"NE2",2023,1,"PRS",744,737
"NE2",2023,2,"PRS",672,665
"NE2",2023,3,"PRS",744,726
"NE2",2023,4,"PRS",720,680
"NE2",2023,5,"PRS",744,691
"NE2",2023,6,"PRS",720,672
"NE2",2023,7,"PRS",744,743
"NE2",2023,8,"PRS",744,736
"NE2",2023,9,"PRS",720,716
"NE2",2023,10,"PRS",744,738
"NE2",2023,11,"PRS",720,719
"NE2",2023,12,"PRS",744,743
"NE2",2023,1,"RAINF",744,738
"NE2",2023,2,"RAINF",672,668
"NE2",2023,3,"RAINF",744,731
"NE2",2023,4,"RAINF",720,681
"NE2",2023,5,"RAINF",744,699
"NE2",2023,6,"RAINF",720,677
"NE2",2023,7,"RAINF",744,743
"NE2",2023,8,"RAINF",744,737
"NE2",2023,9,"RAINF",720,716
"NE2",2023,10,"RAINF",744,741
"NE2",2023,11,"RAINF",720,719
"NE2",2023,12,"RAINF",744,743
"NE2",2023,1,"RH",744,737
"NE2",2023,2,"RH",672,668
"NE2",2023,3,"RH",744,722
"NE2",2023,4,"RH",720,681
"NE2",2023,5,"RH",744,693
"NE2",2023,6,"RH",720,677
"NE2",2023,7,"RH",744,399
"NE2",2023,8,"RH",744,525
"NE2",2023,9,"RH",720,716
"NE2",2023,10,"RH",744,741
"NE2",2023,11,"RH",720,718
"NE2",2023,12,"RH",744,728
"NE2",2023,1,"SO2",744,727
"NE2",2023,2,"SO2",672,658
"NE2",2023,3,"SO2",744,703
"NE2",2023,4,"SO2",720,665
"NE2",2023,5,"SO2",744,690
"NE2",2023,6,"SO2",720,667
"NE2",2023,7,"SO2",744,723
"NE2",2023,8,"SO2",744,737
"NE2",2023,9,"SO2",720,715
"NE2",2023,10,"SO2",744,740
"NE2",2023,11,"SO2",720,719
"NE2",2023,12,"SO2",744,743
"NE2",2023,1,"SR",744,742
"NE2",2023,2,"SR",672,671
"NE2",2023,3,"SR",744,732
"NE2",2023,4,"SR",720,717
"NE2",2023,5,"SR",744,702
"NE2",2023,6,"SR",720,673
"NE2",2023,7,"SR",744,744
"NE2",2023,8,"SR",744,744
"NE2",2023,9,"SR",720,719
"NE2",2023,10,"SR",744,743
"NE2",2023,11,"SR",720,720
"NE2",2023,12,"SR",744,743
"NE2",2023,1,"TOUT",744,736
"NE2",2023,2,"TOUT",672,668
"NE2",2023,3,"TOUT",744,731
"NE2",2023,4,"TOUT",720,681
"NE2",2023,5,"TOUT",744,693
"NE2",2023,6,"TOUT",720,671
"NE2",2023,7,"TOUT",744,743
"NE2",2023,8,"TOUT",744,737
"NE2",2023,9,"TOUT",720,716
"NE2",2023,10,"TOUT",744,741
"NE2",2023,11,"TOUT",720,719
"NE2",2023,12,"TOUT",744,743
"NE2",2023,1,"WSR",744,676
"NE2",2023,2,"WSR",672,664
"NE2",2023,3,"WSR",744,721
"NE2",2023,4,"WSR",720,681
"NE2",2023,5,"WSR",744,695
"NE2",2023,6,"WSR",720,677
"NE2",2023,7,"WSR",744,743
"NE2",2023,8,"WSR",744,737
"NE2",2023,9,"WSR",720,716
"NE2",2023,10,"WSR",744,741
"NE2",2023,11,"WSR",720,719
"NE2",2023,12,"WSR",744,742
"NE2",2023,1,"WDR",744,711
"NE2",2023,2,"WDR",672,666
"NE2",2023,3,"WDR",744,724
"NE2",2023,4,"WDR",720,678
"NE2",2023,5,"WDR",744,695
"NE2",2023,6,"WDR",720,677
"NE2",2023,7,"WDR",744,743
"NE2",2023,8,"WDR",744,737
"NE2",2023,9,"WDR",720,716
"NE2",2023,10,"WDR",744,739
"NE2",2023,11,"WDR",720,719
"NE2",2023,12,"WDR",744,742
"NE3",2023,1,"CO",744,656
"NE3",2023,2,"CO",672,644
"NE3",2023,3,"CO",744,716
"NE3",2023,4,"CO",720,713
"NE3",2023,5,"CO",744,742
"NE3",2023,6,"CO",720,711
"NE3",2023,7,"CO",744,743
"NE3",2023,8,"CO",744,742
"NE3",2023,9,"CO",720,717
"NE3",2023,10,"CO",744,742
"NE3",2023,11,"CO",720,711
"NE3",2023,12,"CO",744,719
"NE3",2023,1,"NO",744,665
"NE3",2023,2,"NO",672,643
"NE3",2023,3,"NO",744,714
"NE3",2023,4,"NO",720,714
"NE3",2023,5,"NO",744,743
"NE3",2023,6,"NO",720,336
"NE3",2023,7,"NO",744,741
"NE3",2023,8,"NO",744,741
"NE3",2023,9,"NO",720,717
"NE3",2023,10,"NO",744,741
"NE3",2023,11,"NO",720,707
"NE3",2023,12,"NO",744,718
"NE3",2023,1,"NO2",744,665
"NE3",2023,2,"NO2",672,643
"NE3",2023,3,"NO2",744,714
"NE3",2023,4,"NO2",720,714
"NE3",2023,5,"NO2",744,743
"NE3",2023,6,"NO2",720,336
"NE3",2023,7,"NO2",744,742
"NE3",2023,8,"NO2",744,742
"NE3",2023,9,"NO2",720,717
"NE3",2023,10,"NO2",744,741
"NE3",2023,11,"NO2",720,707
"NE3",2023,12,"NO2",744,718
"NE3",2023,1,"NOX",744,665
"NE3",2023,2,"NOX",672,643
"NE3",2023,3,"NOX",744,714
"NE3",2023,4,"NOX",720,714
"NE3",2023,5,"NOX",744,743
"NE3",2023,6,"NOX",720,336
"NE3",2023,7,"NOX",744,741
"NE3",2023,8,"NOX",744,741
"NE3",2023,9,"NOX",720,717
"NE3",2023,10,"NOX",744,741
"NE3",2023,11,"NOX",720,706
"NE3",2023,12,"NOX",744,718
"NE3",2023,1,"O3",744,525
"NE3",2023,2,"O3",672,643
"NE3",2023,3,"O3",744,713
"NE3",2023,4,"O3",720,715
"NE3",2023,5,"O3",744,699
"NE3",2023,6,"O3",720,711
"NE3",2023,7,"O3",744,743
"NE3",2023,8,"O3",744,742
"NE3",2023,9,"O3",720,717
"NE3",2023,10,"O3",744,740
"NE3",2023,11,"O3",720,708
"NE3",2023,12,"O3",744,735
"NE3",2023,1,"PM10",744,667
"NE3",2023,2,"PM10",672,641
"NE3",2023,3,"PM10",744,710
"NE3",2023,4,"PM10",720,713
"NE3",2023,5,"PM10",744,702
"NE3",2023,6,"PM10",720,710
"NE3",2023,7,"PM10",744,559
"NE3",2023,8,"PM10",744,742
"NE3",2023,9,"PM10",720,715
"NE3",2023,10,"PM10",744,741
"NE3",2023,11,"PM10",720,710
"NE3",2023,12,"PM10",744,737
"NE3",2023,1,"PM2.5",744,0
"NE3",2023,2,"PM2.5",672,0
"NE3",2023,3,"PM2.5",744,0
"NE3",2023,4,"PM2.5",720,0
"NE3",2023,5,"PM2.5",744,0
"NE3",2023,6,"PM2.5",720,0
"NE3",2023,7,"PM2.5",744,0
"NE3",2023,8,"PM2.5",744,0
"NE3",2023,9,"PM2.5",720,0
"NE3",2023,10,"PM2.5",744,0
"NE3",2023,11,"PM2.5",720,0
"NE3",2023,12,"PM2.5",744,0
"NE3",2023,1,"PRS",744,658
"NE3",2023,2,"PRS",672,604
"NE3",2023,3,"PRS",744,696
"NE3",2023,4,"PRS",720,715
"NE3",2023,5,"PRS",744,743
"NE3",2023,6,"PRS",720,711
"NE3",2023,7,"PRS",744,743
"NE3",2023,8,"PRS",744,743
"NE3",2023,9,"PRS",720,716
"NE3",2023,10,"PRS",744,735
"NE3",2023,11,"PRS",720,695
"NE3",2023,12,"PRS",744,736
"NE3",2023,1,"RAINF",744,668
"NE3",2023,2,"RAINF",672,644
"NE3",2023,3,"RAINF",744,716
"NE3",2023,4,"RAINF",720,715
"NE3",2023,5,"RAINF",744,743
"NE3",2023,6,"RAINF",720,711
"NE3",2023,7,"RAINF",744,743
"NE3",2023,8,"RAINF",744,743
"NE3",2023,9,"RAINF",720,716
"NE3",2023,10,"RAINF",744,742
"NE3",2023,11,"RAINF",720,710
"NE3",2023,12,"RAINF",744,740
"NE3",2023,1,"RH",744,667
"NE3",2023,2,"RH",672,644
"NE3",2023,3,"RH",744,716
"NE3",2023,4,"RH",720,712
"NE3",2023,5,"RH",744,743
"NE3",2023,6,"RH",720,710
"NE3",2023,7,"RH",744,743
"NE3",2023,8,"RH",744,743
"NE3",2023,9,"RH",720,717
"NE3",2023,10,"RH",744,737
"NE3",2023,11,"RH",720,706
"NE3",2023,12,"RH",744,740
"NE3",2023,1,"SO2",744,639
"NE3",2023,2,"SO2",672,594
"NE3",2023,3,"SO2",744,507
"NE3",2023,4,"SO2",720,635
"NE3",2023,5,"SO2",744,717
"NE3",2023,6,"SO2",720,708
"NE3",2023,7,"SO2",744,677
"NE3",2023,8,"SO2",744,740
"NE3",2023,9,"SO2",720,716
"NE3",2023,10,"SO2",744,739
"NE3",2023,11,"SO2",720,706
"NE3",2023,12,"SO2",744,678
"NE3",2023,1,"SR",744,570
"NE3",2023,2,"SR",672,630
"NE3",2023,3,"SR",744,675
"NE3",2023,4,"SR",720,657
"NE3",2023,5,"SR",744,666
"NE3",2023,6,"SR",720,620
"NE3",2023,7,"SR",744,713
"NE3",2023,8,"SR",744,357
"NE3",2023,9,"SR",720,589
"NE3",2023,10,"SR",744,742
"NE3",2023,11,"SR",720,696
"NE3",2023,12,"SR",744,724
"NE3",2023,1,"TOUT",744,664
"NE3",2023,2,"TOUT",672,644
"NE3",2023,3,"TOUT",744,709
"NE3",2023,4,"TOUT",720,705
"NE3",2023,5,"TOUT",744,739
"NE3",2023,6,"TOUT",720,710
"NE3",2023,7,"TOUT",744,741
"NE3",2023,8,"TOUT",744,740
"NE3",2023,9,"TOUT",720,715
"NE3",2023,10,"TOUT",744,738
"NE3",2023,11,"TOUT",720,686
"NE3",2023,12,"TOUT",744,728
"NE3",2023,1,"WSR",744,668
"NE3",2023,2,"WSR",672,644
"NE3",2023,3,"WSR",744,715
"NE3",2023,4,"WSR",720,715
"NE3",2023,5,"WSR",744,743
"NE3",2023,6,"WSR",720,709
"NE3",2023,7,"WSR",744,742
"NE3",2023,8,"WSR",744,743
"NE3",2023,9,"WSR",720,716
"NE3",2023,10,"WSR",744,742
"NE3",2023,11,"WSR",720,699
"NE3",2023,12,"WSR",744,730
"NE3",2023,1,"WDR",744,668
"NE3",2023,2,"WDR",672,644
"NE3",2023,3,"WDR",744,715
"NE3",2023,4,"WDR",720,715
"NE3",2023,5,"WDR",744,743
"NE3",2023,6,"WDR",720,710
"NE3",2023,7,"WDR",744,743
"NE3",2023,8,"WDR",744,743
"NE3",2023,9,"WDR",720,715
"NE3",2023,10,"WDR",744,742
"NE3",2023,11,"WDR",720,705
"NE3",2023,12,"WDR",744,740
"NO",2023,1,"CO",744,744
"NO",2023,2,"CO",672,670
"NO",2023,3,"CO",744,743
"NO",2023,4,"CO",720,718
"NO",2023,5,"CO",744,722
"NO",2023,6,"CO",720,640
"NO",2023,7,"CO",744,739
"NO",2023,8,"CO",744,713
"NO",2023,9,"CO",720,719
"NO",2023,10,"CO",744,739
"NO",2023,11,"CO",720,681
"NO",2023,12,"CO",744,742
"NO",2023,1,"NO",744,725
"NO",2023,2,"NO",672,659
"NO",2023,3,"NO",744,725
"NO",2023,4,"NO",720,686
"NO",2023,5,"NO",744,691
"NO",2023,6,"NO",720,620
"NO",2023,7,"NO",744,708
"NO",2023,8,"NO",744,688
"NO",2023,9,"NO",720,683
"NO",2023,10,"NO",744,725
"NO",2023,11,"NO",720,669
"NO",2023,12,"NO",744,737
"NO",2023,1,"NO2",744,744
"NO",2023,2,"NO2",672,670
"NO",2023,3,"NO2",744,743
"NO",2023,4,"NO2",720,704
"NO",2023,5,"NO2",744,715
"NO",2023,6,"NO2",720,620
"NO",2023,7,"NO2",744,729
"NO",2023,8,"NO2",744,712
"NO",2023,9,"NO2",720,719
"NO",2023,10,"NO2",744,738
"NO",2023,11,"NO2",720,681
"NO",2023,12,"NO2",744,742
"NO",2023,1,"NOX",744,744
"NO",2023,2,"NOX",672,670
"NO",2023,3,"NOX",744,743
"NO",2023,4,"NOX",720,704
"NO",2023,5,"NOX",744,715
"NO",2023,6,"NOX",720,619
"NO",2023,7,"NOX",744,728
"NO",2023,8,"NOX",744,712
"NO",2023,9,"NOX",720,718
"NO",2023,10,"NOX",744,738
"NO",2023,11,"NOX",720,681
"NO",2023,12,"NOX",744,742
"NO",2023,1,"O3",744,709
"NO",2023,2,"O3",672,637
"NO",2023,3,"O3",744,728
"NO",2023,4,"O3",720,710
"NO",2023,5,"O3",744,717
"NO",2023,6,"O3",720,635
"NO",2023,7,"O3",744,735
"NO",2023,8,"O3",744,713
"NO",2023,9,"O3",720,709
"NO",2023,10,"O3",744,705
"NO",2023,11,"O3",720,609
"NO",2023,12,"O3",744,626
"NO",2023,1,"PM10",744,743
"NO",2023,2,"PM10",672,666
"NO",2023,3,"PM10",744,736
"NO",2023,4,"PM10",720,713
"NO",2023,5,"PM10",744,721
"NO",2023,6,"PM10",720,640
"NO",2023,7,"PM10",744,739
"NO",2023,8,"PM10",744,712
"NO",2023,9,"PM10",720,716
"NO",2023,10,"PM10",744,734
"NO",2023,11,"PM10",720,676
"NO",2023,12,"PM10",744,741
"NO",2023,1,"PM2.5",744,472
"NO",2023,2,"PM2.5",672,616
"NO",2023,3,"PM2.5",744,589
"NO",2023,4,"PM2.5",720,51
"NO",2023,5,"PM2.5",744,0
"NO",2023,6,"PM2.5",720,0
"NO",2023,7,"PM2.5",744,0
"NO",2023,8,"PM2.5",744,0
"NO",2023,9,"PM2.5",720,477
"NO",2023,10,"PM2.5",744,603
"NO",2023,11,"PM2.5",720,566
"NO",2023,12,"PM2.5",744,650
"NO",2023,1,"PRS",744,744
"NO",2023,2,"PRS",672,670
"NO",2023,3,"PRS",744,743
"NO",2023,4,"PRS",720,718
"NO",2023,5,"PRS",744,722
"NO",2023,6,"PRS",720,640
"NO",2023,7,"PRS",744,739
"NO",2023,8,"PRS",744,713
"NO",2023,9,"PRS",720,719
"NO",2023,10,"PRS",744,738
"NO",2023,11,"PRS",720,680
"NO",2023,12,"PRS",744,742
"NO",2023,1,"RAINF",744,744
"NO",2023,2,"RAINF",672,670
"NO",2023,3,"RAINF",744,743
"NO",2023,4,"RAINF",720,718
"NO",2023,5,"RAINF",744,722
"NO",2023,6,"RAINF",720,640
"NO",2023,7,"RAINF",744,739
"NO",2023,8,"RAINF",744,713
"NO",2023,9,"RAINF",720,719
"NO",2023,10,"RAINF",744,738
"NO",2023,11,"RAINF",720,680
"NO",2023,12,"RAINF",744,742
"NO",2023,1,"RH",744,738
"NO",2023,2,"RH",672,661
"NO",2023,3,"RH",744,742
"NO",2023,4,"RH",720,718
"NO",2023,5,"RH",744,722
"NO",2023,6,"RH",720,640
"NO",2023,7,"RH",744,739
"NO",2023,8,"RH",744,713
"NO",2023,9,"RH",720,719
"NO",2023,10,"RH",744,738
"NO",2023,11,"RH",720,669
"NO",2023,12,"RH",744,741
"NO",2023,1,"SO2",744,744
"NO",2023,2,"SO2",672,670
"NO",2023,3,"SO2",744,743
"NO",2023,4,"SO2",720,670
"NO",2023,5,"SO2",744,718
"NO",2023,6,"SO2",720,637
"NO",2023,7,"SO2",744,739
"NO",2023,8,"SO2",744,712
"NO",2023,9,"SO2",720,719
"NO",2023,10,"SO2",744,738
"NO",2023,11,"SO2",720,680
"NO",2023,12,"SO2",744,742
"NO",2023,1,"SR",744,744
"NO",2023,2,"SR",672,671
"NO",2023,3,"SR",744,744
"NO",2023,4,"SR",720,719
"NO",2023,5,"SR",744,728
"NO",2023,6,"SR",720,642
"NO",2023,7,"SR",744,741
"NO",2023,8,"SR",744,715
"NO",2023,9,"SR",720,720
"NO",2023,10,"SR",744,742
"NO",2023,11,"SR",720,683
"NO",2023,12,"SR",744,743
"NO",2023,1,"TOUT",744,744
"NO",2023,2,"TOUT",672,670
"NO",2023,3,"TOUT",744,743
"NO",2023,4,"TOUT",720,718
"NO",2023,5,"TOUT",744,722
"NO",2023,6,"TOUT",720,640
"NO",2023,7,"TOUT",744,738
"NO",2023,8,"TOUT",744,713
"NO",2023,9,"TOUT",720,719
"NO",2023,10,"TOUT",744,737
"NO",2023,11,"TOUT",720,680
"NO",2023,12,"TOUT",744,741
"NO",2023,1,"WSR",744,744
"NO",2023,2,"WSR",672,670
"NO",2023,3,"WSR",744,743
"NO",2023,4,"WSR",720,717
"NO",2023,5,"WSR",744,722
"NO",2023,6,"WSR",720,640
"NO",2023,7,"WSR",744,739
"NO",2023,8,"WSR",744,713
"NO",2023,9,"WSR",720,719
"NO",2023,10,"WSR",744,738
"NO",2023,11,"WSR",720,680
"NO",2023,12,"WSR",744,742
"NO",2023,1,"WDR",744,743
"NO",2023,2,"WDR",672,669
"NO",2023,3,"WDR",744,743
"NO",2023,4,"WDR",720,718
"NO",2023,5,"WDR",744,722
"NO",2023,6,"WDR",720,640
"NO",2023,7,"WDR",744,739
"NO",2023,8,"WDR",744,713
"NO",2023,9,"WDR",720,718
"NO",2023,10,"WDR",744,737
"NO",2023,11,"WDR",720,679
"NO",2023,12,"WDR",744,741
"NO2",2023,1,"CO",744,740
"NO2",2023,2,"CO",672,670
"NO2",2023,3,"CO",744,743
"NO2",2023,4,"CO",720,716
"NO2",2023,5,"CO",744,739
"NO2",2023,6,"CO",720,698
"NO2",2023,7,"CO",744,743
"NO2",2023,8,"CO",744,740
"NO2",2023,9,"CO",720,698
"NO2",2023,10,"CO",744,724
"NO2",2023,11,"CO",720,717
"NO2",2023,12,"CO",744,651
"NO2",2023,1,"NO",744,740
"NO2",2023,2,"NO",672,668
"NO2",2023,3,"NO",744,737
"NO2",2023,4,"NO",720,708
"NO2",2023,5,"NO",744,733
"NO2",2023,6,"NO",720,688
"NO2",2023,7,"NO",744,732
"NO2",2023,8,"NO",744,736
"NO2",2023,9,"NO",720,687
"NO2",2023,10,"NO",744,724
"NO2",2023,11,"NO",720,704
"NO2",2023,12,"NO",744,737
"NO2",2023,1,"NO2",744,739
"NO2",2023,2,"NO2",672,670
"NO2",2023,3,"NO2",744,743
"NO2",2023,4,"NO2",720,715
"NO2",2023,5,"NO2",744,733
"NO2",2023,6,"NO2",720,688
"NO2",2023,7,"NO2",744,732
"NO2",2023,8,"NO2",744,736
"NO2",2023,9,"NO2",720,698
"NO2",2023,10,"NO2",744,724
"NO2",2023,11,"NO2",720,716
"NO2",2023,12,"NO2",744,742
"NO2",2023,1,"NOX",744,739
"NO2",2023,2,"NOX",672,670
"NO2",2023,3,"NOX",744,743
"NO2",2023,4,"NOX",720,716
"NO2",2023,5,"NOX",744,733
"NO2",2023,6,"NOX",720,688
"NO2",2023,7,"NOX",744,732
"NO2",2023,8,"NOX",744,736
"NO2",2023,9,"NOX",720,699
"NO2",2023,10,"NOX",744,724
"NO2",2023,11,"NOX",720,714
"NO2",2023,12,"NOX",744,740
"NO2",2023,1,"O3",744,729
"NO2",2023,2,"O3",672,657
"NO2",2023,3,"O3",744,740
"NO2",2023,4,"O3",720,715
"NO2",2023,5,"O3",744,739
"NO2",2023,6,"O3",720,690
"NO2",2023,7,"O3",744,739
"NO2",2023,8,"O3",744,738
"NO2",2023,9,"O3",720,696
"NO2",2023,10,"O3",744,715
"NO2",2023,11,"O3",720,693
"NO2",2023,12,"O3",744,674
"NO2",2023,1,"PM10",744,737
"NO2",2023,2,"PM10",672,669
"NO2",2023,3,"PM10",744,741
"NO2",2023,4,"PM10",720,713
"NO2",2023,5,"PM10",744,729
"NO2",2023,6,"PM10",720,676
"NO2",2023,7,"PM10",744,742
"NO2",2023,8,"PM10",744,739
"NO2",2023,9,"PM10",720,697
"NO2",2023,10,"PM10",744,718
"NO2",2023,11,"PM10",720,710
"NO2",2023,12,"PM10",744,740
"NO2",2023,1,"PM2.5",744,729
"NO2",2023,2,"PM2.5",672,638
"NO2",2023,3,"PM2.5",744,673
"NO2",2023,4,"PM2.5",720,692
"NO2",2023,5,"PM2.5",744,724
"NO2",2023,6,"PM2.5",720,574
"NO2",2023,7,"PM2.5",744,650
"NO2",2023,8,"PM2.5",744,557
"NO2",2023,9,"PM2.5",720,658
"NO2",2023,10,"PM2.5",744,696
"NO2",2023,11,"PM2.5",720,622
"NO2",2023,12,"PM2.5",744,508
"NO2",2023,1,"PRS",744,739
"NO2",2023,2,"PRS",672,670
"NO2",2023,3,"PRS",744,743
"NO2",2023,4,"PRS",720,716
"NO2",2023,5,"PRS",744,738
"NO2",2023,6,"PRS",720,700
"NO2",2023,7,"PRS",744,743
"NO2",2023,8,"PRS",744,726
"NO2",2023,9,"PRS",720,698
"NO2",2023,10,"PRS",744,723
"NO2",2023,11,"PRS",720,717
"NO2",2023,12,"PRS",744,741
"NO2",2023,1,"RAINF",744,737
"NO2",2023,2,"RAINF",672,670
"NO2",2023,3,"RAINF",744,743
"NO2",2023,4,"RAINF",720,716
"NO2",2023,5,"RAINF",744,739
"NO2",2023,6,"RAINF",720,700
"NO2",2023,7,"RAINF",744,743
"NO2",2023,8,"RAINF",744,740
"NO2",2023,9,"RAINF",720,699
"NO2",2023,10,"RAINF",744,724
"NO2",2023,11,"RAINF",720,717
"NO2",2023,12,"RAINF",744,742
"NO2",2023,1,"RH",744,730
"NO2",2023,2,"RH",672,661
"NO2",2023,3,"RH",744,732
"NO2",2023,4,"RH",720,713
"NO2",2023,5,"RH",744,738
"NO2",2023,6,"RH",720,700
"NO2",2023,7,"RH",744,743
"NO2",2023,8,"RH",744,740
"NO2",2023,9,"RH",720,699
"NO2",2023,10,"RH",744,723
"NO2",2023,11,"RH",720,685
"NO2",2023,12,"RH",744,737
"NO2",2023,1,"SO2",744,733
"NO2",2023,2,"SO2",672,663
"NO2",2023,3,"SO2",744,738
"NO2",2023,4,"SO2",720,685
"NO2",2023,5,"SO2",744,657
"NO2",2023,6,"SO2",720,687
"NO2",2023,7,"SO2",744,721
"NO2",2023,8,"SO2",744,722
"NO2",2023,9,"SO2",720,688
"NO2",2023,10,"SO2",744,705
"NO2",2023,11,"SO2",720,714
"NO2",2023,12,"SO2",744,741
"NO2",2023,1,"SR",744,0
"NO2",2023,2,"SR",672,651
"NO2",2023,3,"SR",744,729
"NO2",2023,4,"SR",720,677
"NO2",2023,5,"SR",744,473
"NO2",2023,6,"SR",720,0
"NO2",2023,7,"SR",744,663
"NO2",2023,8,"SR",744,509
"NO2",2023,9,"SR",720,597
"NO2",2023,10,"SR",744,0
"NO2",2023,11,"SR",720,571
"NO2",2023,12,"SR",744,598
"NO2",2023,1,"TOUT",744,737
"NO2",2023,2,"TOUT",672,670
"NO2",2023,3,"TOUT",744,743
"NO2",2023,4,"TOUT",720,716
"NO2",2023,5,"TOUT",744,739
"NO2",2023,6,"TOUT",720,700
"NO2",2023,7,"TOUT",744,742
"NO2",2023,8,"TOUT",744,740
"NO2",2023,9,"TOUT",720,699
"NO2",2023,10,"TOUT",744,724
"NO2",2023,11,"TOUT",720,717
"NO2",2023,12,"TOUT",744,742
"NO2",2023,1,"WSR",744,737
"NO2",2023,2,"WSR",672,670
"NO2",2023,3,"WSR",744,743
"NO2",2023,4,"WSR",720,716
"NO2",2023,5,"WSR",744,739
"NO2",2023,6,"WSR",720,700
"NO2",2023,7,"WSR",744,743
"NO2",2023,8,"WSR",744,740
"NO2",2023,9,"WSR",720,699
"NO2",2023,10,"WSR",744,724
"NO2",2023,11,"WSR",720,717
"NO2",2023,12,"WSR",744,742
"NO2",2023,1,"WDR",744,737
"NO2",2023,2,"WDR",672,670
"NO2",2023,3,"WDR",744,742
"NO2",2023,4,"WDR",720,716
"NO2",2023,5,"WDR",744,739
"NO2",2023,6,"WDR",720,700
"NO2",2023,7,"WDR",744,743
"NO2",2023,8,"WDR",744,740
"NO2",2023,9,"WDR",720,699
"NO2",2023,10,"WDR",744,724
"NO2",2023,11,"WDR",720,716
"NO2",2023,12,"WDR",744,741
"NO3",2023,1,"CO",744,743
"NO3",2023,2,"CO",672,666
"NO3",2023,3,"CO",744,733
"NO3",2023,4,"CO",720,718
"NO3",2023,5,"CO",744,743
"NO3",2023,6,"CO",720,690
"NO3",2023,7,"CO",744,741
"NO3",2023,8,"CO",744,743
"NO3",2023,9,"CO",720,709
"NO3",2023,10,"CO",744,168
"NO3",2023,11,"CO",720,0
"NO3",2023,12,"CO",744,554
"NO3",2023,1,"NO",744,743
"NO3",2023,2,"NO",672,666
"NO3",2023,3,"NO",744,733
"NO3",2023,4,"NO",720,718
"NO3",2023,5,"NO",744,741
"NO3",2023,6,"NO",720,657
"NO3",2023,7,"NO",744,729
"NO3",2023,8,"NO",744,724
"NO3",2023,9,"NO",720,680
"NO3",2023,10,"NO",744,419
"NO3",2023,11,"NO",720,0
"NO3",2023,12,"NO",744,553
"NO3",2023,1,"NO2",744,743
"NO3",2023,2,"NO2",672,666
"NO3",2023,3,"NO2",744,733
"NO3",2023,4,"NO2",720,718
"NO3",2023,5,"NO2",744,743
"NO3",2023,6,"NO2",720,657
"NO3",2023,7,"NO2",744,739
"NO3",2023,8,"NO2",744,737
"NO3",2023,9,"NO2",720,680
"NO3",2023,10,"NO2",744,419
"NO3",2023,11,"NO2",720,0
"NO3",2023,12,"NO2",744,553
"NO3",2023,1,"NOX",744,743
"NO3",2023,2,"NOX",672,666
"NO3",2023,3,"NOX",744,733
"NO3",2023,4,"NOX",720,718
"NO3",2023,5,"NOX",744,743
"NO3",2023,6,"NOX",720,656
"NO3",2023,7,"NOX",744,739
"NO3",2023,8,"NOX",744,736
"NO3",2023,9,"NOX",720,679
"NO3",2023,10,"NOX",744,418
"NO3",2023,11,"NOX",720,0
"NO3",2023,12,"NOX",744,553
"NO3",2023,1,"O3",744,697
"NO3",2023,2,"O3",672,638
"NO3",2023,3,"O3",744,730
"NO3",2023,4,"O3",720,714
"NO3",2023,5,"O3",744,742
"NO3",2023,6,"O3",720,690
"NO3",2023,7,"O3",744,741
"NO3",2023,8,"O3",744,743
"NO3",2023,9,"O3",720,714
"NO3",2023,10,"O3",744,411
"NO3",2023,11,"O3",720,0
"NO3",2023,12,"O3",744,498
"NO3",2023,1,"PM10",744,618
"NO3",2023,2,"PM10",672,579
"NO3",2023,3,"PM10",744,717
"NO3",2023,4,"PM10",720,690
"NO3",2023,5,"PM10",744,693
"NO3",2023,6,"PM10",720,597
"NO3",2023,7,"PM10",744,617
"NO3",2023,8,"PM10",744,736
"NO3",2023,9,"PM10",720,647
"NO3",2023,10,"PM10",744,737
"NO3",2023,11,"PM10",720,709
"NO3",2023,12,"PM10",744,733
"NO3",2023,1,"PM2.5",744,0
"NO3",2023,2,"PM2.5",672,0
"NO3",2023,3,"PM2.5",744,0
"NO3",2023,4,"PM2.5",720,0
"NO3",2023,5,"PM2.5",744,0
"NO3",2023,6,"PM2.5",720,0
"NO3",2023,7,"PM2.5",744,0
"NO3",2023,8,"PM2.5",744,0
"NO3",2023,9,"PM2.5",720,0
"NO3",2023,10,"PM2.5",744,0
"NO3",2023,11,"PM2.5",720,0
"NO3",2023,12,"PM2.5",744,0
"NO3",2023,1,"PRS",744,743
"NO3",2023,2,"PRS",672,665
"NO3",2023,3,"PRS",744,732
"NO3",2023,4,"PRS",720,718
"NO3",2023,5,"PRS",744,743
"NO3",2023,6,"PRS",720,687
"NO3",2023,7,"PRS",744,739
"NO3",2023,8,"PRS",744,743
"NO3",2023,9,"PRS",720,719
"NO3",2023,10,"PRS",744,742
"NO3",2023,11,"PRS",720,714
"NO3",2023,12,"PRS",744,738
"NO3",2023,1,"RAINF",744,743
"NO3",2023,2,"RAINF",672,666
"NO3",2023,3,"RAINF",744,733
"NO3",2023,4,"RAINF",720,718
"NO3",2023,5,"RAINF",744,743
"NO3",2023,6,"RAINF",720,691
"NO3",2023,7,"RAINF",744,741
"NO3",2023,8,"RAINF",744,743
"NO3",2023,9,"RAINF",720,719
"NO3",2023,10,"RAINF",744,742
"NO3",2023,11,"RAINF",720,716
"NO3",2023,12,"RAINF",744,738
"NO3",2023,1,"RH",744,739
"NO3",2023,2,"RH",672,662
"NO3",2023,3,"RH",744,151
"NO3",2023,4,"RH",720,0
"NO3",2023,5,"RH",744,0
"NO3",2023,6,"RH",720,0
"NO3",2023,7,"RH",744,0
"NO3",2023,8,"RH",744,0
"NO3",2023,9,"RH",720,0
"NO3",2023,10,"RH",744,0
"NO3",2023,11,"RH",720,0
"NO3",2023,12,"RH",744,0
"NO3",2023,1,"SO2",744,743
"NO3",2023,2,"SO2",672,665
"NO3",2023,3,"SO2",744,733
"NO3",2023,4,"SO2",720,718
"NO3",2023,5,"SO2",744,743
"NO3",2023,6,"SO2",720,690
"NO3",2023,7,"SO2",744,741
"NO3",2023,8,"SO2",744,742
"NO3",2023,9,"SO2",720,718
"NO3",2023,10,"SO2",744,418
"NO3",2023,11,"SO2",720,0
"NO3",2023,12,"SO2",744,551
"NO3",2023,1,"SR",744,743
"NO3",2023,2,"SR",672,666
"NO3",2023,3,"SR",744,733
"NO3",2023,4,"SR",720,718
"NO3",2023,5,"SR",744,743
"NO3",2023,6,"SR",720,693
"NO3",2023,7,"SR",744,742
"NO3",2023,8,"SR",744,744
"NO3",2023,9,"SR",720,720
"NO3",2023,10,"SR",744,743
"NO3",2023,11,"SR",720,717
"NO3",2023,12,"SR",744,743
"NO3",2023,1,"TOUT",744,743
"NO3",2023,2,"TOUT",672,666
"NO3",2023,3,"TOUT",744,733
"NO3",2023,4,"TOUT",720,715
"NO3",2023,5,"TOUT",744,743
"NO3",2023,6,"TOUT",720,687
"NO3",2023,7,"TOUT",744,739
"NO3",2023,8,"TOUT",744,743
"NO3",2023,9,"TOUT",720,719
"NO3",2023,10,"TOUT",744,742
"NO3",2023,11,"TOUT",720,716
"NO3",2023,12,"TOUT",744,737
"NO3",2023,1,"WSR",744,403
"NO3",2023,2,"WSR",672,532
"NO3",2023,3,"WSR",744,728
"NO3",2023,4,"WSR",720,418
"NO3",2023,5,"WSR",744,0
"NO3",2023,6,"WSR",720,404
"NO3",2023,7,"WSR",744,741
"NO3",2023,8,"WSR",744,742
"NO3",2023,9,"WSR",720,716
"NO3",2023,10,"WSR",744,739
"NO3",2023,11,"WSR",720,704
"NO3",2023,12,"WSR",744,723
"NO3",2023,1,"WDR",744,687
"NO3",2023,2,"WDR",672,664
"NO3",2023,3,"WDR",744,733
"NO3",2023,4,"WDR",720,711
"NO3",2023,5,"WDR",744,721
"NO3",2023,6,"WDR",720,671
"NO3",2023,7,"WDR",744,741
"NO3",2023,8,"WDR",744,743
"NO3",2023,9,"WDR",720,719
"NO3",2023,10,"WDR",744,741
"NO3",2023,11,"WDR",720,716
"NO3",2023,12,"WDR",744,738
"NTE",2023,1,"CO",744,736
"NTE",2023,2,"CO",672,666
"NTE",2023,3,"CO",744,727
"NTE",2023,4,"CO",720,718
"NTE",2023,5,"CO",744,666
"NTE",2023,6,"CO",720,546
"NTE",2023,7,"CO",744,732
"NTE",2023,8,"CO",744,521
"NTE",2023,9,"CO",720,710
"NTE",2023,10,"CO",744,742
"NTE",2023,11,"CO",720,718
"NTE",2023,12,"CO",744,739
"NTE",2023,1,"NO",744,731
"NTE",2023,2,"NO",672,661
"NTE",2023,3,"NO",744,716
"NTE",2023,4,"NO",720,698
"NTE",2023,5,"NO",744,696
"NTE",2023,6,"NO",720,695
"NTE",2023,7,"NO",744,723
"NTE",2023,8,"NO",744,505
"NTE",2023,9,"NO",720,704
"NTE",2023,10,"NO",744,730
"NTE",2023,11,"NO",720,714
"NTE",2023,12,"NO",744,734
"NTE",2023,1,"NO2",744,730
"NTE",2023,2,"NO2",672,661
"NTE",2023,3,"NO2",744,716
"NTE",2023,4,"NO2",720,698
"NTE",2023,5,"NO2",744,696
"NTE",2023,6,"NO2",720,695
"NTE",2023,7,"NO2",744,723
"NTE",2023,8,"NO2",744,505
"NTE",2023,9,"NO2",720,704
"NTE",2023,10,"NO2",744,730
"NTE",2023,11,"NO2",720,714
"NTE",2023,12,"NO2",744,735
"NTE",2023,1,"NOX",744,730
"NTE",2023,2,"NOX",672,661
"NTE",2023,3,"NOX",744,716
"NTE",2023,4,"NOX",720,698
"NTE",2023,5,"NOX",744,695
"NTE",2023,6,"NOX",720,695
"NTE",2023,7,"NOX",744,723
"NTE",2023,8,"NOX",744,505
"NTE",2023,9,"NOX",720,704
"NTE",2023,10,"NOX",744,730
"NTE",2023,11,"NOX",720,714
"NTE",2023,12,"NOX",744,734
"NTE",2023,1,"O3",744,679
"NTE",2023,2,"O3",672,641
"NTE",2023,3,"O3",744,718
"NTE",2023,4,"O3",720,703
"NTE",2023,5,"O3",744,718
"NTE",2023,6,"O3",720,703
"NTE",2023,7,"O3",744,729
"NTE",2023,8,"O3",744,515
"NTE",2023,9,"O3",720,704
"NTE",2023,10,"O3",744,725
"NTE",2023,11,"O3",720,648
"NTE",2023,12,"O3",744,640
"NTE",2023,1,"PM10",744,726
"NTE",2023,2,"PM10",672,656
"NTE",2023,3,"PM10",744,712
"NTE",2023,4,"PM10",720,700
"NTE",2023,5,"PM10",744,717
"NTE",2023,6,"PM10",720,705
"NTE",2023,7,"PM10",744,731
"NTE",2023,8,"PM10",744,519
"NTE",2023,9,"PM10",720,684
"NTE",2023,10,"PM10",744,699
"NTE",2023,11,"PM10",720,652
"NTE",2023,12,"PM10",744,702
"NTE",2023,1,"PM2.5",744,629
"NTE",2023,2,"PM2.5",672,648
"NTE",2023,3,"PM2.5",744,681
"NTE",2023,4,"PM2.5",720,704
"NTE",2023,5,"PM2.5",744,683
"NTE",2023,6,"PM2.5",720,664
"NTE",2023,7,"PM2.5",744,663
"NTE",2023,8,"PM2.5",744,442
"NTE",2023,9,"PM2.5",720,578
"NTE",2023,10,"PM2.5",744,699
"NTE",2023,11,"PM2.5",720,672
"NTE",2023,12,"PM2.5",744,734
"NTE",2023,1,"PRS",744,734
"NTE",2023,2,"PRS",672,665
"NTE",2023,3,"PRS",744,729
"NTE",2023,4,"PRS",720,718
"NTE",2023,5,"PRS",744,731
"NTE",2023,6,"PRS",720,703
"NTE",2023,7,"PRS",744,730
"NTE",2023,8,"PRS",744,520
"NTE",2023,9,"PRS",720,708
"NTE",2023,10,"PRS",744,741
"NTE",2023,11,"PRS",720,719
"NTE",2023,12,"PRS",744,742
"NTE",2023,1,"RAINF",744,736
"NTE",2023,2,"RAINF",672,666
"NTE",2023,3,"RAINF",744,729
"NTE",2023,4,"RAINF",720,718
"NTE",2023,5,"RAINF",744,738
"NTE",2023,6,"RAINF",720,707
"NTE",2023,7,"RAINF",744,733
"NTE",2023,8,"RAINF",744,520
"NTE",2023,9,"RAINF",720,710
"NTE",2023,10,"RAINF",744,742
"NTE",2023,11,"RAINF",720,719
"NTE",2023,12,"RAINF",744,742
"NTE",2023,1,"RH",744,0
"NTE",2023,2,"RH",672,0
"NTE",2023,3,"RH",744,414
"NTE",2023,4,"RH",720,715
"NTE",2023,5,"RH",744,738
"NTE",2023,6,"RH",720,705
"NTE",2023,7,"RH",744,732
"NTE",2023,8,"RH",744,520
"NTE",2023,9,"RH",720,590
"NTE",2023,10,"RH",744,0
"NTE",2023,11,"RH",720,0
"NTE",2023,12,"RH",744,0
"NTE",2023,1,"SO2",744,714
"NTE",2023,2,"SO2",672,634
"NTE",2023,3,"SO2",744,641
"NTE",2023,4,"SO2",720,642
"NTE",2023,5,"SO2",744,614
"NTE",2023,6,"SO2",720,499
"NTE",2023,7,"SO2",744,732
"NTE",2023,8,"SO2",744,520
"NTE",2023,9,"SO2",720,709
"NTE",2023,10,"SO2",744,741
"NTE",2023,11,"SO2",720,712
"NTE",2023,12,"SO2",744,742
"NTE",2023,1,"SR",744,742
"NTE",2023,2,"SR",672,670
"NTE",2023,3,"SR",744,649
"NTE",2023,4,"SR",720,720
"NTE",2023,5,"SR",744,735
"NTE",2023,6,"SR",720,0
"NTE",2023,7,"SR",744,741
"NTE",2023,8,"SR",744,714
"NTE",2023,9,"SR",720,716
"NTE",2023,10,"SR",744,742
"NTE",2023,11,"SR",720,712
"NTE",2023,12,"SR",744,743
"NTE",2023,1,"TOUT",744,735
"NTE",2023,2,"TOUT",672,666
"NTE",2023,3,"TOUT",744,729
"NTE",2023,4,"TOUT",720,718
"NTE",2023,5,"TOUT",744,738
"NTE",2023,6,"TOUT",720,705
"NTE",2023,7,"TOUT",744,733
"NTE",2023,8,"TOUT",744,520
"NTE",2023,9,"TOUT",720,711
"NTE",2023,10,"TOUT",744,742
"NTE",2023,11,"TOUT",720,719
"NTE",2023,12,"TOUT",744,741
"NTE",2023,1,"WSR",744,736
"NTE",2023,2,"WSR",672,666
"NTE",2023,3,"WSR",744,729
"NTE",2023,4,"WSR",720,718
"NTE",2023,5,"WSR",744,738
"NTE",2023,6,"WSR",720,705
"NTE",2023,7,"WSR",744,732
"NTE",2023,8,"WSR",744,520
"NTE",2023,9,"WSR",720,709
"NTE",2023,10,"WSR",744,742
"NTE",2023,11,"WSR",720,719
"NTE",2023,12,"WSR",744,742
"NTE",2023,1,"WDR",744,732
"NTE",2023,2,"WDR",672,660
"NTE",2023,3,"WDR",744,272
"NTE",2023,4,"WDR",720,711
"NTE",2023,5,"WDR",744,731
"NTE",2023,6,"WDR",720,696
"NTE",2023,7,"WDR",744,723
"NTE",2023,8,"WDR",744,519
"NTE",2023,9,"WDR",720,710
"NTE",2023,10,"WDR",744,742
"NTE",2023,11,"WDR",720,718
"NTE",2023,12,"WDR",744,740
"NTE2",2023,1,"CO",744,743
"NTE2",2023,2,"CO",672,667
"NTE2",2023,3,"CO",744,741
"NTE2",2023,4,"CO",720,715
"NTE2",2023,5,"CO",744,739
"NTE2",2023,6,"CO",720,715
"NTE2",2023,7,"CO",744,742
"NTE2",2023,8,"CO",744,742
"NTE2",2023,9,"CO",720,716
"NTE2",2023,10,"CO",744,591
"NTE2",2023,11,"CO",720,622
"NTE2",2023,12,"CO",744,741
"NTE2",2023,1,"NO",744,743
"NTE2",2023,2,"NO",672,667
"NTE2",2023,3,"NO",744,740
"NTE2",2023,4,"NO",720,714
"NTE2",2023,5,"NO",744,740
"NTE2",2023,6,"NO",720,714
"NTE2",2023,7,"NO",744,740
"NTE2",2023,8,"NO",744,742
"NTE2",2023,9,"NO",720,716
"NTE2",2023,10,"NO",744,731
"NTE2",2023,11,"NO",720,715
"NTE2",2023,12,"NO",744,740
"NTE2",2023,1,"NO2",744,743
"NTE2",2023,2,"NO2",672,667
"NTE2",2023,3,"NO2",744,741
"NTE2",2023,4,"NO2",720,714
"NTE2",2023,5,"NO2",744,740
"NTE2",2023,6,"NO2",720,715
"NTE2",2023,7,"NO2",744,742
"NTE2",2023,8,"NO2",744,742
"NTE2",2023,9,"NO2",720,716
"NTE2",2023,10,"NO2",744,731
"NTE2",2023,11,"NO2",720,715
"NTE2",2023,12,"NO2",744,741
"NTE2",2023,1,"NOX",744,743
"NTE2",2023,2,"NOX",672,667
"NTE2",2023,3,"NOX",744,741
"NTE2",2023,4,"NOX",720,715
"NTE2",2023,5,"NOX",744,740
"NTE2",2023,6,"NOX",720,715
"NTE2",2023,7,"NOX",744,742
"NTE2",2023,8,"NOX",744,742
"NTE2",2023,9,"NOX",720,715
"NTE2",2023,10,"NOX",744,731
"NTE2",2023,11,"NOX",720,715
"NTE2",2023,12,"NOX",744,741
"NTE2",2023,1,"O3",744,711
"NTE2",2023,2,"O3",672,654
"NTE2",2023,3,"O3",744,736
"NTE2",2023,4,"O3",720,715
"NTE2",2023,5,"O3",744,736
"NTE2",2023,6,"O3",720,715
"NTE2",2023,7,"O3",744,740
"NTE2",2023,8,"O3",744,718
"NTE2",2023,9,"O3",720,711
"NTE2",2023,10,"O3",744,703
"NTE2",2023,11,"O3",720,651
"NTE2",2023,12,"O3",744,715
"NTE2",2023,1,"PM10",744,736
"NTE2",2023,2,"PM10",672,659
"NTE2",2023,3,"PM10",744,739
"NTE2",2023,4,"PM10",720,713
"NTE2",2023,5,"PM10",744,721
"NTE2",2023,6,"PM10",720,658
"NTE2",2023,7,"PM10",744,727
"NTE2",2023,8,"PM10",744,742
"NTE2",2023,9,"PM10",720,654
"NTE2",2023,10,"PM10",744,728
"NTE2",2023,11,"PM10",720,714
"NTE2",2023,12,"PM10",744,739
"NTE2",2023,1,"PM2.5",744,670
"NTE2",2023,2,"PM2.5",672,618
"NTE2",2023,3,"PM2.5",744,713
"NTE2",2023,4,"PM2.5",720,668
"NTE2",2023,5,"PM2.5",744,713
"NTE2",2023,6,"PM2.5",720,631
"NTE2",2023,7,"PM2.5",744,615
"NTE2",2023,8,"PM2.5",744,685
"NTE2",2023,9,"PM2.5",720,583
"NTE2",2023,10,"PM2.5",744,586
"NTE2",2023,11,"PM2.5",720,668
"NTE2",2023,12,"PM2.5",744,722
"NTE2",2023,1,"PRS",744,739
"NTE2",2023,2,"PRS",672,667
"NTE2",2023,3,"PRS",744,741
"NTE2",2023,4,"PRS",720,714
"NTE2",2023,5,"PRS",744,740
"NTE2",2023,6,"PRS",720,715
"NTE2",2023,7,"PRS",744,742
"NTE2",2023,8,"PRS",744,742
"NTE2",2023,9,"PRS",720,717
"NTE2",2023,10,"PRS",744,730
"NTE2",2023,11,"PRS",720,715
"NTE2",2023,12,"PRS",744,740
"NTE2",2023,1,"RAINF",744,743
"NTE2",2023,2,"RAINF",672,667
"NTE2",2023,3,"RAINF",744,741
"NTE2",2023,4,"RAINF",720,715
"NTE2",2023,5,"RAINF",744,740
"NTE2",2023,6,"RAINF",720,715
"NTE2",2023,7,"RAINF",744,742
"NTE2",2023,8,"RAINF",744,742
"NTE2",2023,9,"RAINF",720,717
"NTE2",2023,10,"RAINF",744,731
"NTE2",2023,11,"RAINF",720,715
"NTE2",2023,12,"RAINF",744,740
"NTE2",2023,1,"RH",744,743
"NTE2",2023,2,"RH",672,665
"NTE2",2023,3,"RH",744,734
"NTE2",2023,4,"RH",720,715
"NTE2",2023,5,"RH",744,740
"NTE2",2023,6,"RH",720,715
"NTE2",2023,7,"RH",744,742
"NTE2",2023,8,"RH",744,742
"NTE2",2023,9,"RH",720,716
"NTE2",2023,10,"RH",744,729
"NTE2",2023,11,"RH",720,687
"NTE2",2023,12,"RH",744,730
"NTE2",2023,1,"SO2",744,735
"NTE2",2023,2,"SO2",672,654
"NTE2",2023,3,"SO2",744,735
"NTE2",2023,4,"SO2",720,713
"NTE2",2023,5,"SO2",744,729
"NTE2",2023,6,"SO2",720,715
"NTE2",2023,7,"SO2",744,742
"NTE2",2023,8,"SO2",744,742
"NTE2",2023,9,"SO2",720,716
"NTE2",2023,10,"SO2",744,730
"NTE2",2023,11,"SO2",720,715
"NTE2",2023,12,"SO2",744,740
"NTE2",2023,1,"SR",744,743
"NTE2",2023,2,"SR",672,669
"NTE2",2023,3,"SR",744,743
"NTE2",2023,4,"SR",720,716
"NTE2",2023,5,"SR",744,744
"NTE2",2023,6,"SR",720,718
"NTE2",2023,7,"SR",744,744
"NTE2",2023,8,"SR",744,743
"NTE2",2023,9,"SR",720,720
"NTE2",2023,10,"SR",744,736
"NTE2",2023,11,"SR",720,718
"NTE2",2023,12,"SR",744,742
"NTE2",2023,1,"TOUT",744,743
"NTE2",2023,2,"TOUT",672,667
"NTE2",2023,3,"TOUT",744,741
"NTE2",2023,4,"TOUT",720,714
"NTE2",2023,5,"TOUT",744,740
"NTE2",2023,6,"TOUT",720,715
"NTE2",2023,7,"TOUT",744,742
"NTE2",2023,8,"TOUT",744,742
"NTE2",2023,9,"TOUT",720,717
"NTE2",2023,10,"TOUT",744,731
"NTE2",2023,11,"TOUT",720,714
"NTE2",2023,12,"TOUT",744,740
"NTE2",2023,1,"WSR",744,743
"NTE2",2023,2,"WSR",672,667
"NTE2",2023,3,"WSR",744,741
"NTE2",2023,4,"WSR",720,715
"NTE2",2023,5,"WSR",744,740
"NTE2",2023,6,"WSR",720,715
"NTE2",2023,7,"WSR",744,742
"NTE2",2023,8,"WSR",744,742
"NTE2",2023,9,"WSR",720,717
"NTE2",2023,10,"WSR",744,731
"NTE2",2023,11,"WSR",720,715
"NTE2",2023,12,"WSR",744,740
"NTE2",2023,1,"WDR",744,741
"NTE2",2023,2,"WDR",672,665
"NTE2",2023,3,"WDR",744,740
"NTE2",2023,4,"WDR",720,713
"NTE2",2023,5,"WDR",744,738
"NTE2",2023,6,"WDR",720,713
"NTE2",2023,7,"WDR",744,741
"NTE2",2023,8,"WDR",744,741
"NTE2",2023,9,"WDR",720,717
"NTE2",2023,10,"WDR",744,728
"NTE2",2023,11,"WDR",720,713
"NTE2",2023,12,"WDR",744,740
"SE",2023,1,"CO",744,743
"SE",2023,2,"CO",672,669
"SE",2023,3,"CO",744,743
"SE",2023,4,"CO",720,710
"SE",2023,5,"CO",744,707
"SE",2023,6,"CO",720,699
"SE",2023,7,"CO",744,743
"SE",2023,8,"CO",744,743
"SE",2023,9,"CO",720,714
"SE",2023,10,"CO",744,742
"SE",2023,11,"CO",720,705
"SE",2023,12,"CO",744,743
"SE",2023,1,"NO",744,735
"SE",2023,2,"NO",672,658
"SE",2023,3,"NO",744,725
"SE",2023,4,"NO",720,696
"SE",2023,5,"NO",744,716
"SE",2023,6,"NO",720,691
"SE",2023,7,"NO",744,716
"SE",2023,8,"NO",744,716
"SE",2023,9,"NO",720,699
"SE",2023,10,"NO",744,736
"SE",2023,11,"NO",720,705
"SE",2023,12,"NO",744,741
"SE",2023,1,"NO2",744,735
"SE",2023,2,"NO2",672,667
"SE",2023,3,"NO2",744,743
"SE",2023,4,"NO2",720,715
"SE",2023,5,"NO2",744,739
"SE",2023,6,"NO2",720,710
"SE",2023,7,"NO2",744,741
"SE",2023,8,"NO2",744,743
"SE",2023,9,"NO2",720,712
"SE",2023,10,"NO2",744,742
"SE",2023,11,"NO2",720,705
"SE",2023,12,"NO2",744,743
"SE",2023,1,"NOX",744,735
"SE",2023,2,"NOX",672,666
"SE",2023,3,"NOX",744,742
"SE",2023,4,"NOX",720,717
"SE",2023,5,"NOX",744,738
"SE",2023,6,"NOX",720,712
"SE",2023,7,"NOX",744,740
"SE",2023,8,"NOX",744,742
"SE",2023,9,"NOX",720,713
"SE",2023,10,"NOX",744,742
"SE",2023,11,"NOX",720,703
"SE",2023,12,"NOX",744,743
"SE",2023,1,"O3",744,714
"SE",2023,2,"O3",672,663
"SE",2023,3,"O3",744,730
"SE",2023,4,"O3",720,712
"SE",2023,5,"O3",744,741
"SE",2023,6,"O3",720,705
"SE",2023,7,"O3",744,736
"SE",2023,8,"O3",744,741
"SE",2023,9,"O3",720,711
"SE",2023,10,"O3",744,736
"SE",2023,11,"O3",720,657
"SE",2023,12,"O3",744,670
"SE",2023,1,"PM10",744,734
"SE",2023,2,"PM10",672,667
"SE",2023,3,"PM10",744,731
"SE",2023,4,"PM10",720,701
"SE",2023,5,"PM10",744,729
"SE",2023,6,"PM10",720,708
"SE",2023,7,"PM10",744,741
"SE",2023,8,"PM10",744,742
"SE",2023,9,"PM10",720,699
"SE",2023,10,"PM10",744,727
"SE",2023,11,"PM10",720,698
"SE",2023,12,"PM10",744,742
"SE",2023,1,"PM2.5",744,701
"SE",2023,2,"PM2.5",672,631
"SE",2023,3,"PM2.5",744,673
"SE",2023,4,"PM2.5",720,544
"SE",2023,5,"PM2.5",744,569
"SE",2023,6,"PM2.5",720,496
"SE",2023,7,"PM2.5",744,616
"SE",2023,8,"PM2.5",744,674
"SE",2023,9,"PM2.5",720,603
"SE",2023,10,"PM2.5",744,578
"SE",2023,11,"PM2.5",720,525
"SE",2023,12,"PM2.5",744,455
"SE",2023,1,"PRS",744,743
"SE",2023,2,"PRS",672,669
"SE",2023,3,"PRS",744,743
"SE",2023,4,"PRS",720,715
"SE",2023,5,"PRS",744,742
"SE",2023,6,"PRS",720,715
"SE",2023,7,"PRS",744,743
"SE",2023,8,"PRS",744,743
"SE",2023,9,"PRS",720,716
"SE",2023,10,"PRS",744,742
"SE",2023,11,"PRS",720,703
"SE",2023,12,"PRS",744,743
"SE",2023,1,"RAINF",744,743
"SE",2023,2,"RAINF",672,669
"SE",2023,3,"RAINF",744,742
"SE",2023,4,"RAINF",720,717
"SE",2023,5,"RAINF",744,734
"SE",2023,6,"RAINF",720,715
"SE",2023,7,"RAINF",744,743
"SE",2023,8,"RAINF",744,743
"SE",2023,9,"RAINF",720,717
"SE",2023,10,"RAINF",744,742
"SE",2023,11,"RAINF",720,705
"SE",2023,12,"RAINF",744,743
"SE",2023,1,"RH",744,743
"SE",2023,2,"RH",672,669
"SE",2023,3,"RH",744,741
"SE",2023,4,"RH",720,717
"SE",2023,5,"RH",744,742
"SE",2023,6,"RH",720,715
"SE",2023,7,"RH",744,743
"SE",2023,8,"RH",744,743
"SE",2023,9,"RH",720,717
"SE",2023,10,"RH",744,736
"SE",2023,11,"RH",720,671
"SE",2023,12,"RH",744,743
"SE",2023,1,"SO2",744,718
"SE",2023,2,"SO2",672,663
"SE",2023,3,"SO2",744,740
"SE",2023,4,"SO2",720,709
"SE",2023,5,"SO2",744,726
"SE",2023,6,"SO2",720,686
"SE",2023,7,"SO2",744,740
"SE",2023,8,"SO2",744,743
"SE",2023,9,"SO2",720,716
"SE",2023,10,"SO2",744,742
"SE",2023,11,"SO2",720,705
"SE",2023,12,"SO2",744,743
"SE",2023,1,"SR",744,743
"SE",2023,2,"SR",672,671
"SE",2023,3,"SR",744,744
"SE",2023,4,"SR",720,718
"SE",2023,5,"SR",744,743
"SE",2023,6,"SR",720,718
"SE",2023,7,"SR",744,744
"SE",2023,8,"SR",744,743
"SE",2023,9,"SR",720,719
"SE",2023,10,"SR",744,743
"SE",2023,11,"SR",720,720
"SE",2023,12,"SR",744,743
"SE",2023,1,"TOUT",744,743
"SE",2023,2,"TOUT",672,669
"SE",2023,3,"TOUT",744,743
"SE",2023,4,"TOUT",720,717
"SE",2023,5,"TOUT",744,742
"SE",2023,6,"TOUT",720,715
"SE",2023,7,"TOUT",744,743
"SE",2023,8,"TOUT",744,743
"SE",2023,9,"TOUT",720,717
"SE",2023,10,"TOUT",744,742
"SE",2023,11,"TOUT",720,705
"SE",2023,12,"TOUT",744,739
"SE",2023,1,"WSR",744,743
"SE",2023,2,"WSR",672,669
"SE",2023,3,"WSR",744,742
"SE",2023,4,"WSR",720,717
"SE",2023,5,"WSR",744,742
"SE",2023,6,"WSR",720,715
"SE",2023,7,"WSR",744,743
"SE",2023,8,"WSR",744,743
"SE",2023,9,"WSR",720,717
"SE",2023,10,"WSR",744,742
"SE",2023,11,"WSR",720,703
"SE",2023,12,"WSR",744,741
"SE",2023,1,"WDR",744,743
"SE",2023,2,"WDR",672,668
"SE",2023,3,"WDR",744,742
"SE",2023,4,"WDR",720,717
"SE",2023,5,"WDR",744,741
"SE",2023,6,"WDR",720,715
"SE",2023,7,"WDR",744,743
"SE",2023,8,"WDR",744,743
"SE",2023,9,"WDR",720,716
"SE",2023,10,"WDR",744,742
"SE",2023,11,"WDR",720,705
"SE",2023,12,"WDR",744,743
"SE2",2023,1,"CO",744,742
"SE2",2023,2,"CO",672,592
"SE2",2023,3,"CO",744,479
"SE2",2023,4,"CO",720,463
"SE2",2023,5,"CO",744,742
"SE2",2023,6,"CO",720,623
"SE2",2023,7,"CO",744,722
"SE2",2023,8,"CO",744,743
"SE2",2023,9,"CO",720,702
"SE2",2023,10,"CO",744,742
"SE2",2023,11,"CO",720,718
"SE2",2023,12,"CO",744,629
"SE2",2023,1,"NO",744,741
"SE2",2023,2,"NO",672,668
"SE2",2023,3,"NO",744,735
"SE2",2023,4,"NO",720,710
"SE2",2023,5,"NO",744,736
"SE2",2023,6,"NO",720,701
"SE2",2023,7,"NO",744,701
"SE2",2023,8,"NO",744,719
"SE2",2023,9,"NO",720,685
"SE2",2023,10,"NO",744,732
"SE2",2023,11,"NO",720,716
"SE2",2023,12,"NO",744,742
"SE2",2023,1,"NO2",744,742
"SE2",2023,2,"NO2",672,669
"SE2",2023,3,"NO2",744,741
"SE2",2023,4,"NO2",720,717
"SE2",2023,5,"NO2",744,742
"SE2",2023,6,"NO2",720,715
"SE2",2023,7,"NO2",744,723
"SE2",2023,8,"NO2",744,743
"SE2",2023,9,"NO2",720,701
"SE2",2023,10,"NO2",744,741
"SE2",2023,11,"NO2",720,718
"SE2",2023,12,"NO2",744,742
"SE2",2023,1,"NOX",744,742
"SE2",2023,2,"NOX",672,669
"SE2",2023,3,"NOX",744,741
"SE2",2023,4,"NOX",720,716
"SE2",2023,5,"NOX",744,742
"SE2",2023,6,"NOX",720,715
"SE2",2023,7,"NOX",744,723
"SE2",2023,8,"NOX",744,743
"SE2",2023,9,"NOX",720,701
"SE2",2023,10,"NOX",744,742
"SE2",2023,11,"NOX",720,718
"SE2",2023,12,"NOX",744,742
"SE2",2023,1,"O3",744,715
"SE2",2023,2,"O3",672,664
"SE2",2023,3,"O3",744,730
"SE2",2023,4,"O3",720,716
"SE2",2023,5,"O3",744,739
"SE2",2023,6,"O3",720,715
"SE2",2023,7,"O3",744,722
"SE2",2023,8,"O3",744,739
"SE2",2023,9,"O3",720,698
"SE2",2023,10,"O3",744,737
"SE2",2023,11,"O3",720,708
"SE2",2023,12,"O3",744,737
"SE2",2023,1,"PM10",744,741
"SE2",2023,2,"PM10",672,669
"SE2",2023,3,"PM10",744,740
"SE2",2023,4,"PM10",720,713
"SE2",2023,5,"PM10",744,742
"SE2",2023,6,"PM10",720,716
"SE2",2023,7,"PM10",744,726
"SE2",2023,8,"PM10",744,743
"SE2",2023,9,"PM10",720,702
"SE2",2023,10,"PM10",744,740
"SE2",2023,11,"PM10",720,714
"SE2",2023,12,"PM10",744,738
"SE2",2023,1,"PM2.5",744,460
"SE2",2023,2,"PM2.5",672,657
"SE2",2023,3,"PM2.5",744,721
"SE2",2023,4,"PM2.5",720,693
"SE2",2023,5,"PM2.5",744,723
"SE2",2023,6,"PM2.5",720,697
"SE2",2023,7,"PM2.5",744,681
"SE2",2023,8,"PM2.5",744,710
"SE2",2023,9,"PM2.5",720,652
"SE2",2023,10,"PM2.5",744,719
"SE2",2023,11,"PM2.5",720,700
"SE2",2023,12,"PM2.5",744,724
"SE2",2023,1,"PRS",744,741
"SE2",2023,2,"PRS",672,665
"SE2",2023,3,"PRS",744,742
"SE2",2023,4,"PRS",720,717
"SE2",2023,5,"PRS",744,742
"SE2",2023,6,"PRS",720,715
"SE2",2023,7,"PRS",744,723
"SE2",2023,8,"PRS",744,743
"SE2",2023,9,"PRS",720,703
"SE2",2023,10,"PRS",744,742
"SE2",2023,11,"PRS",720,715
"SE2",2023,12,"PRS",744,743
"SE2",2023,1,"RAINF",744,744
"SE2",2023,2,"RAINF",672,671
"SE2",2023,3,"RAINF",744,744
"SE2",2023,4,"RAINF",720,719
"SE2",2023,5,"RAINF",744,744
"SE2",2023,6,"RAINF",720,720
"SE2",2023,7,"RAINF",744,744
"SE2",2023,8,"RAINF",744,744
"SE2",2023,9,"RAINF",720,717
"SE2",2023,10,"RAINF",744,743
"SE2",2023,11,"RAINF",720,720
"SE2",2023,12,"RAINF",744,744
"SE2",2023,1,"RH",744,742
"SE2",2023,2,"RH",672,663
"SE2",2023,3,"RH",744,736
"SE2",2023,4,"RH",720,709
"SE2",2023,5,"RH",744,742
"SE2",2023,6,"RH",720,715
"SE2",2023,7,"RH",744,726
"SE2",2023,8,"RH",744,743
"SE2",2023,9,"RH",720,703
"SE2",2023,10,"RH",744,742
"SE2",2023,11,"RH",720,700
"SE2",2023,12,"RH",744,725
"SE2",2023,1,"SO2",744,733
"SE2",2023,2,"SO2",672,669
"SE2",2023,3,"SO2",744,741
"SE2",2023,4,"SO2",720,710
"SE2",2023,5,"SO2",744,740
"SE2",2023,6,"SO2",720,713
"SE2",2023,7,"SO2",744,725
"SE2",2023,8,"SO2",744,743
"SE2",2023,9,"SO2",720,702
"SE2",2023,10,"SO2",744,742
"SE2",2023,11,"SO2",720,718
"SE2",2023,12,"SO2",744,743
"SE2",2023,1,"SR",744,744
"SE2",2023,2,"SR",672,671
"SE2",2023,3,"SR",744,744
"SE2",2023,4,"SR",720,719
"SE2",2023,5,"SR",744,744
"SE2",2023,6,"SR",720,720
"SE2",2023,7,"SR",744,737
"SE2",2023,8,"SR",744,744
"SE2",2023,9,"SR",720,717
"SE2",2023,10,"SR",744,743
"SE2",2023,11,"SR",720,719
"SE2",2023,12,"SR",744,743
"SE2",2023,1,"TOUT",744,742
"SE2",2023,2,"TOUT",672,669
"SE2",2023,3,"TOUT",744,742
"SE2",2023,4,"TOUT",720,717
"SE2",2023,5,"TOUT",744,742
"SE2",2023,6,"TOUT",720,715
"SE2",2023,7,"TOUT",744,726
"SE2",2023,8,"TOUT",744,743
"SE2",2023,9,"TOUT",720,703
"SE2",2023,10,"TOUT",744,741
"SE2",2023,11,"TOUT",720,718
"SE2",2023,12,"TOUT",744,742
"SE2",2023,1,"WSR",744,724
"SE2",2023,2,"WSR",672,655
"SE2",2023,3,"WSR",744,724
"SE2",2023,4,"WSR",720,704
"SE2",2023,5,"WSR",744,739
"SE2",2023,6,"WSR",720,704
"SE2",2023,7,"WSR",744,660
"SE2",2023,8,"WSR",744,692
"SE2",2023,9,"WSR",720,703
"SE2",2023,10,"WSR",744,742
"SE2",2023,11,"WSR",720,714
"SE2",2023,12,"WSR",744,743
"SE2",2023,1,"WDR",744,742
"SE2",2023,2,"WDR",672,667
"SE2",2023,3,"WDR",744,740
"SE2",2023,4,"WDR",720,716
"SE2",2023,5,"WDR",744,740
"SE2",2023,6,"WDR",720,713
"SE2",2023,7,"WDR",744,552
"SE2",2023,8,"WDR",744,579
"SE2",2023,9,"WDR",720,701
"SE2",2023,10,"WDR",744,741
"SE2",2023,11,"WDR",720,714
"SE2",2023,12,"WDR",744,743
"SE3",2023,1,"CO",744,740
"SE3",2023,2,"CO",672,667
"SE3",2023,3,"CO",744,734
"SE3",2023,4,"CO",720,718
"SE3",2023,5,"CO",744,695
"SE3",2023,6,"CO",720,717
"SE3",2023,7,"CO",744,462
"SE3",2023,8,"CO",744,698
"SE3",2023,9,"CO",720,690
"SE3",2023,10,"CO",744,729
"SE3",2023,11,"CO",720,719
"SE3",2023,12,"CO",744,743
"SE3",2023,1,"NO",744,737
"SE3",2023,2,"NO",672,657
"SE3",2023,3,"NO",744,721
"SE3",2023,4,"NO",720,701
"SE3",2023,5,"NO",744,686
"SE3",2023,6,"NO",720,710
"SE3",2023,7,"NO",744,660
"SE3",2023,8,"NO",744,719
"SE3",2023,9,"NO",720,679
"SE3",2023,10,"NO",744,736
"SE3",2023,11,"NO",720,716
"SE3",2023,12,"NO",744,742
"SE3",2023,1,"NO2",744,740
"SE3",2023,2,"NO2",672,667
"SE3",2023,3,"NO2",744,721
"SE3",2023,4,"NO2",720,715
"SE3",2023,5,"NO2",744,692
"SE3",2023,6,"NO2",720,717
"SE3",2023,7,"NO2",744,666
"SE3",2023,8,"NO2",744,734
"SE3",2023,9,"NO2",720,691
"SE3",2023,10,"NO2",744,738
"SE3",2023,11,"NO2",720,719
"SE3",2023,12,"NO2",744,743
"SE3",2023,1,"NOX",744,740
"SE3",2023,2,"NOX",672,667
"SE3",2023,3,"NOX",744,721
"SE3",2023,4,"NOX",720,717
"SE3",2023,5,"NOX",744,693
"SE3",2023,6,"NOX",720,717
"SE3",2023,7,"NOX",744,666
"SE3",2023,8,"NOX",744,734
"SE3",2023,9,"NOX",720,691
"SE3",2023,10,"NOX",744,739
"SE3",2023,11,"NOX",720,719
"SE3",2023,12,"NOX",744,743
"SE3",2023,1,"O3",744,733
"SE3",2023,2,"O3",672,666
"SE3",2023,3,"O3",744,733
"SE3",2023,4,"O3",720,718
"SE3",2023,5,"O3",744,694
"SE3",2023,6,"O3",720,717
"SE3",2023,7,"O3",744,663
"SE3",2023,8,"O3",744,732
"SE3",2023,9,"O3",720,691
"SE3",2023,10,"O3",744,738
"SE3",2023,11,"O3",720,676
"SE3",2023,12,"O3",744,586
"SE3",2023,1,"PM10",744,739
"SE3",2023,2,"PM10",672,637
"SE3",2023,3,"PM10",744,732
"SE3",2023,4,"PM10",720,718
"SE3",2023,5,"PM10",744,694
"SE3",2023,6,"PM10",720,717
"SE3",2023,7,"PM10",744,666
"SE3",2023,8,"PM10",744,731
"SE3",2023,9,"PM10",720,688
"SE3",2023,10,"PM10",744,735
"SE3",2023,11,"PM10",720,718
"SE3",2023,12,"PM10",744,724
"SE3",2023,1,"PM2.5",744,720
"SE3",2023,2,"PM2.5",672,645
"SE3",2023,3,"PM2.5",744,696
"SE3",2023,4,"PM2.5",720,693
"SE3",2023,5,"PM2.5",744,666
"SE3",2023,6,"PM2.5",720,687
"SE3",2023,7,"PM2.5",744,632
"SE3",2023,8,"PM2.5",744,702
"SE3",2023,9,"PM2.5",720,611
"SE3",2023,10,"PM2.5",744,676
"SE3",2023,11,"PM2.5",720,669
"SE3",2023,12,"PM2.5",744,703
"SE3",2023,1,"PRS",744,739
"SE3",2023,2,"PRS",672,666
"SE3",2023,3,"PRS",744,731
"SE3",2023,4,"PRS",720,703
"SE3",2023,5,"PRS",744,696
"SE3",2023,6,"PRS",720,717
"SE3",2023,7,"PRS",744,665
"SE3",2023,8,"PRS",744,732
"SE3",2023,9,"PRS",720,692
"SE3",2023,10,"PRS",744,738
"SE3",2023,11,"PRS",720,719
"SE3",2023,12,"PRS",744,743
"SE3",2023,1,"RAINF",744,740
"SE3",2023,2,"RAINF",672,667
"SE3",2023,3,"RAINF",744,734
"SE3",2023,4,"RAINF",720,718
"SE3",2023,5,"RAINF",744,696
"SE3",2023,6,"RAINF",720,717
"SE3",2023,7,"RAINF",744,668
"SE3",2023,8,"RAINF",744,734
"SE3",2023,9,"RAINF",720,692
"SE3",2023,10,"RAINF",744,739
"SE3",2023,11,"RAINF",720,719
"SE3",2023,12,"RAINF",744,743
"SE3",2023,1,"RH",744,739
"SE3",2023,2,"RH",672,663
"SE3",2023,3,"RH",744,733
"SE3",2023,4,"RH",720,715
"SE3",2023,5,"RH",744,696
"SE3",2023,6,"RH",720,717
"SE3",2023,7,"RH",744,668
"SE3",2023,8,"RH",744,734
"SE3",2023,9,"RH",720,692
"SE3",2023,10,"RH",744,734
"SE3",2023,11,"RH",720,713
"SE3",2023,12,"RH",744,737
"SE3",2023,1,"SO2",744,727
"SE3",2023,2,"SO2",672,667
"SE3",2023,3,"SO2",744,678
"SE3",2023,4,"SO2",720,695
"SE3",2023,5,"SO2",744,696
"SE3",2023,6,"SO2",720,714
"SE3",2023,7,"SO2",744,668
"SE3",2023,8,"SO2",744,734
"SE3",2023,9,"SO2",720,691
"SE3",2023,10,"SO2",744,739
"SE3",2023,11,"SO2",720,718
"SE3",2023,12,"SO2",744,743
"SE3",2023,1,"SR",744,740
"SE3",2023,2,"SR",672,670
"SE3",2023,3,"SR",744,737
"SE3",2023,4,"SR",720,719
"SE3",2023,5,"SR",744,710
"SE3",2023,6,"SR",720,718
"SE3",2023,7,"SR",744,733
"SE3",2023,8,"SR",744,743
"SE3",2023,9,"SR",720,700
"SE3",2023,10,"SR",744,743
"SE3",2023,11,"SR",720,720
"SE3",2023,12,"SR",744,743
"SE3",2023,1,"TOUT",744,740
"SE3",2023,2,"TOUT",672,667
"SE3",2023,3,"TOUT",744,735
"SE3",2023,4,"TOUT",720,718
"SE3",2023,5,"TOUT",744,696
"SE3",2023,6,"TOUT",720,716
"SE3",2023,7,"TOUT",744,668
"SE3",2023,8,"TOUT",744,734
"SE3",2023,9,"TOUT",720,692
"SE3",2023,10,"TOUT",744,739
"SE3",2023,11,"TOUT",720,716
"SE3",2023,12,"TOUT",744,743
"SE3",2023,1,"WSR",744,740
"SE3",2023,2,"WSR",672,667
"SE3",2023,3,"WSR",744,733
"SE3",2023,4,"WSR",720,718
"SE3",2023,5,"WSR",744,696
"SE3",2023,6,"WSR",720,717
"SE3",2023,7,"WSR",744,668
"SE3",2023,8,"WSR",744,734
"SE3",2023,9,"WSR",720,692
"SE3",2023,10,"WSR",744,736
"SE3",2023,11,"WSR",720,692
"SE3",2023,12,"WSR",744,635
"SE3",2023,1,"WDR",744,740
"SE3",2023,2,"WDR",672,666
"SE3",2023,3,"WDR",744,734
"SE3",2023,4,"WDR",720,718
"SE3",2023,5,"WDR",744,694
"SE3",2023,6,"WDR",720,716
"SE3",2023,7,"WDR",744,668
"SE3",2023,8,"WDR",744,733
"SE3",2023,9,"WDR",720,692
"SE3",2023,10,"WDR",744,739
"SE3",2023,11,"WDR",720,719
"SE3",2023,12,"WDR",744,743
"SO",2023,1,"CO",744,735
"SO",2023,2,"CO",672,669
"SO",2023,3,"CO",744,739
"SO",2023,4,"CO",720,716
"SO",2023,5,"CO",744,743
"SO",2023,6,"CO",720,717
"SO",2023,7,"CO",744,740
"SO",2023,8,"CO",744,742
"SO",2023,9,"CO",720,719
"SO",2023,10,"CO",744,739
"SO",2023,11,"CO",720,716
"SO",2023,12,"CO",744,742
"SO",2023,1,"NO",744,732
"SO",2023,2,"NO",672,504
"SO",2023,3,"NO",744,733
"SO",2023,4,"NO",720,713
"SO",2023,5,"NO",744,739
"SO",2023,6,"NO",720,715
"SO",2023,7,"NO",744,738
"SO",2023,8,"NO",744,740
"SO",2023,9,"NO",720,716
"SO",2023,10,"NO",744,737
"SO",2023,11,"NO",720,716
"SO",2023,12,"NO",744,741
"SO",2023,1,"NO2",744,732
"SO",2023,2,"NO2",672,451
"SO",2023,3,"NO2",744,733
"SO",2023,4,"NO2",720,716
"SO",2023,5,"NO2",744,742
"SO",2023,6,"NO2",720,717
"SO",2023,7,"NO2",744,740
"SO",2023,8,"NO2",744,742
"SO",2023,9,"NO2",720,719
"SO",2023,10,"NO2",744,739
"SO",2023,11,"NO2",720,716
"SO",2023,12,"NO2",744,741
"SO",2023,1,"NOX",744,732
"SO",2023,2,"NOX",672,451
"SO",2023,3,"NOX",744,733
"SO",2023,4,"NOX",720,716
"SO",2023,5,"NOX",744,742
"SO",2023,6,"NOX",720,717
"SO",2023,7,"NOX",744,740
"SO",2023,8,"NOX",744,741
"SO",2023,9,"NOX",720,719
"SO",2023,10,"NOX",744,739
"SO",2023,11,"NOX",720,716
"SO",2023,12,"NOX",744,741
"SO",2023,1,"O3",744,643
"SO",2023,2,"O3",672,613
"SO",2023,3,"O3",744,702
"SO",2023,4,"O3",720,701
"SO",2023,5,"O3",744,739
"SO",2023,6,"O3",720,713
"SO",2023,7,"O3",744,736
"SO",2023,8,"O3",744,734
"SO",2023,9,"O3",720,714
"SO",2023,10,"O3",744,723
"SO",2023,11,"O3",720,674
"SO",2023,12,"O3",744,693
"SO",2023,1,"PM10",744,733
"SO",2023,2,"PM10",672,661
"SO",2023,3,"PM10",744,727
"SO",2023,4,"PM10",720,706
"SO",2023,5,"PM10",744,739
"SO",2023,6,"PM10",720,717
"SO",2023,7,"PM10",744,739
"SO",2023,8,"PM10",744,741
"SO",2023,9,"PM10",720,716
"SO",2023,10,"PM10",744,738
"SO",2023,11,"PM10",720,713
"SO",2023,12,"PM10",744,736
"SO",2023,1,"PM2.5",744,714
"SO",2023,2,"PM2.5",672,651
"SO",2023,3,"PM2.5",744,671
"SO",2023,4,"PM2.5",720,638
"SO",2023,5,"PM2.5",744,738
"SO",2023,6,"PM2.5",720,693
"SO",2023,7,"PM2.5",744,726
"SO",2023,8,"PM2.5",744,726
"SO",2023,9,"PM2.5",720,712
"SO",2023,10,"PM2.5",744,641
"SO",2023,11,"PM2.5",720,553
"SO",2023,12,"PM2.5",744,718
"SO",2023,1,"PRS",744,730
"SO",2023,2,"PRS",672,668
"SO",2023,3,"PRS",744,729
"SO",2023,4,"PRS",720,694
"SO",2023,5,"PRS",744,743
"SO",2023,6,"PRS",720,712
"SO",2023,7,"PRS",744,740
"SO",2023,8,"PRS",744,742
"SO",2023,9,"PRS",720,719
"SO",2023,10,"PRS",744,738
"SO",2023,11,"PRS",720,715
"SO",2023,12,"PRS",744,724
"SO",2023,1,"RAINF",744,735
"SO",2023,2,"RAINF",672,669
"SO",2023,3,"RAINF",744,739
"SO",2023,4,"RAINF",720,715
"SO",2023,5,"RAINF",744,743
"SO",2023,6,"RAINF",720,717
"SO",2023,7,"RAINF",744,740
"SO",2023,8,"RAINF",744,741
"SO",2023,9,"RAINF",720,719
"SO",2023,10,"RAINF",744,738
"SO",2023,11,"RAINF",720,715
"SO",2023,12,"RAINF",744,742
"SO",2023,1,"RH",744,735
"SO",2023,2,"RH",672,668
"SO",2023,3,"RH",744,737
"SO",2023,4,"RH",720,715
"SO",2023,5,"RH",744,743
"SO",2023,6,"RH",720,717
"SO",2023,7,"RH",744,740
"SO",2023,8,"RH",744,741
"SO",2023,9,"RH",720,719
"SO",2023,10,"RH",744,738
"SO",2023,11,"RH",720,714
"SO",2023,12,"RH",744,741
"SO",2023,1,"SO2",744,732
"SO",2023,2,"SO2",672,663
"SO",2023,3,"SO2",744,727
"SO",2023,4,"SO2",720,687
"SO",2023,5,"SO2",744,740
"SO",2023,6,"SO2",720,681
"SO",2023,7,"SO2",744,734
"SO",2023,8,"SO2",744,742
"SO",2023,9,"SO2",720,719
"SO",2023,10,"SO2",744,738
"SO",2023,11,"SO2",720,715
"SO",2023,12,"SO2",744,742
"SO",2023,1,"SR",744,735
"SO",2023,2,"SR",672,671
"SO",2023,3,"SR",744,744
"SO",2023,4,"SR",720,718
"SO",2023,5,"SR",744,743
"SO",2023,6,"SR",720,719
"SO",2023,7,"SR",744,741
"SO",2023,8,"SR",744,733
"SO",2023,9,"SR",720,697
"SO",2023,10,"SR",744,740
"SO",2023,11,"SR",720,711
"SO",2023,12,"SR",744,727
"SO",2023,1,"TOUT",744,735
"SO",2023,2,"TOUT",672,669
"SO",2023,3,"TOUT",744,739
"SO",2023,4,"TOUT",720,715
"SO",2023,5,"TOUT",744,743
"SO",2023,6,"TOUT",720,717
"SO",2023,7,"TOUT",744,740
"SO",2023,8,"TOUT",744,741
"SO",2023,9,"TOUT",720,719
"SO",2023,10,"TOUT",744,738
"SO",2023,11,"TOUT",720,715
"SO",2023,12,"TOUT",744,742
"SO",2023,1,"WSR",744,735
"SO",2023,2,"WSR",672,667
"SO",2023,3,"WSR",744,738
"SO",2023,4,"WSR",720,715
"SO",2023,5,"WSR",744,743
"SO",2023,6,"WSR",720,717
"SO",2023,7,"WSR",744,740
"SO",2023,8,"WSR",744,741
"SO",2023,9,"WSR",720,719
"SO",2023,10,"WSR",744,737
"SO",2023,11,"WSR",720,715
"SO",2023,12,"WSR",744,658
"SO",2023,1,"WDR",744,735
"SO",2023,2,"WDR",672,666
"SO",2023,3,"WDR",744,739
"SO",2023,4,"WDR",720,715
"SO",2023,5,"WDR",744,743
"SO",2023,6,"WDR",720,717
"SO",2023,7,"WDR",744,740
"SO",2023,8,"WDR",744,741
"SO",2023,9,"WDR",720,719
"SO",2023,10,"WDR",744,738
"SO",2023,11,"WDR",720,715
"SO",2023,12,"WDR",744,741
"SO2",2023,1,"CO",744,744
"SO2",2023,2,"CO",672,669
"SO2",2023,3,"CO",744,743
"SO2",2023,4,"CO",720,701
"SO2",2023,5,"CO",744,742
"SO2",2023,6,"CO",720,717
"SO2",2023,7,"CO",744,740
"SO2",2023,8,"CO",744,707
"SO2",2023,9,"CO",720,633
"SO2",2023,10,"CO",744,742
"SO2",2023,11,"CO",720,719
"SO2",2023,12,"CO",744,740
"SO2",2023,1,"NO",744,737
"SO2",2023,2,"NO",672,663
"SO2",2023,3,"NO",744,735
"SO2",2023,4,"NO",720,688
"SO2",2023,5,"NO",744,724
"SO2",2023,6,"NO",720,701
"SO2",2023,7,"NO",744,726
"SO2",2023,8,"NO",744,729
"SO2",2023,9,"NO",720,668
"SO2",2023,10,"NO",744,741
"SO2",2023,11,"NO",720,716
"SO2",2023,12,"NO",744,737
"SO2",2023,1,"NO2",744,744
"SO2",2023,2,"NO2",672,668
"SO2",2023,3,"NO2",744,743
"SO2",2023,4,"NO2",720,701
"SO2",2023,5,"NO2",744,737
"SO2",2023,6,"NO2",720,717
"SO2",2023,7,"NO2",744,739
"SO2",2023,8,"NO2",744,743
"SO2",2023,9,"NO2",720,675
"SO2",2023,10,"NO2",744,742
"SO2",2023,11,"NO2",720,719
"SO2",2023,12,"NO2",744,740
"SO2",2023,1,"NOX",744,744
"SO2",2023,2,"NOX",672,669
"SO2",2023,3,"NOX",744,743
"SO2",2023,4,"NOX",720,701
"SO2",2023,5,"NOX",744,736
"SO2",2023,6,"NOX",720,717
"SO2",2023,7,"NOX",744,738
"SO2",2023,8,"NOX",744,742
"SO2",2023,9,"NOX",720,675
"SO2",2023,10,"NOX",744,742
"SO2",2023,11,"NOX",720,719
"SO2",2023,12,"NOX",744,740
"SO2",2023,1,"O3",744,730
"SO2",2023,2,"O3",672,657
"SO2",2023,3,"O3",744,736
"SO2",2023,4,"O3",720,698
"SO2",2023,5,"O3",744,741
"SO2",2023,6,"O3",720,717
"SO2",2023,7,"O3",744,740
"SO2",2023,8,"O3",744,741
"SO2",2023,9,"O3",720,675
"SO2",2023,10,"O3",744,741
"SO2",2023,11,"O3",720,698
"SO2",2023,12,"O3",744,718
"SO2",2023,1,"PM10",744,744
"SO2",2023,2,"PM10",672,596
"SO2",2023,3,"PM10",744,741
"SO2",2023,4,"PM10",720,699
"SO2",2023,5,"PM10",744,742
"SO2",2023,6,"PM10",720,713
"SO2",2023,7,"PM10",744,672
"SO2",2023,8,"PM10",744,721
"SO2",2023,9,"PM10",720,645
"SO2",2023,10,"PM10",744,736
"SO2",2023,11,"PM10",720,685
"SO2",2023,12,"PM10",744,737
"SO2",2023,1,"PM2.5",744,729
"SO2",2023,2,"PM2.5",672,659
"SO2",2023,3,"PM2.5",744,720
"SO2",2023,4,"PM2.5",720,676
"SO2",2023,5,"PM2.5",744,711
"SO2",2023,6,"PM2.5",720,673
"SO2",2023,7,"PM2.5",744,694
"SO2",2023,8,"PM2.5",744,649
"SO2",2023,9,"PM2.5",720,397
"SO2",2023,10,"PM2.5",744,688
"SO2",2023,11,"PM2.5",720,688
"SO2",2023,12,"PM2.5",744,690
"SO2",2023,1,"PRS",744,744
"SO2",2023,2,"PRS",672,669
"SO2",2023,3,"PRS",744,743
"SO2",2023,4,"PRS",720,701
"SO2",2023,5,"PRS",744,742
"SO2",2023,6,"PRS",720,717
"SO2",2023,7,"PRS",744,740
"SO2",2023,8,"PRS",744,743
"SO2",2023,9,"PRS",720,718
"SO2",2023,10,"PRS",744,742
"SO2",2023,11,"PRS",720,718
"SO2",2023,12,"PRS",744,739
"SO2",2023,1,"RAINF",744,744
"SO2",2023,2,"RAINF",672,669
"SO2",2023,3,"RAINF",744,743
"SO2",2023,4,"RAINF",720,701
"SO2",2023,5,"RAINF",744,742
"SO2",2023,6,"RAINF",720,717
"SO2",2023,7,"RAINF",744,740
"SO2",2023,8,"RAINF",744,743
"SO2",2023,9,"RAINF",720,719
"SO2",2023,10,"RAINF",744,742
"SO2",2023,11,"RAINF",720,719
"SO2",2023,12,"RAINF",744,740
"SO2",2023,1,"RH",744,742
"SO2",2023,2,"RH",672,664
"SO2",2023,3,"RH",744,740
"SO2",2023,4,"RH",720,701
"SO2",2023,5,"RH",744,742
"SO2",2023,6,"RH",720,717
"SO2",2023,7,"RH",744,740
"SO2",2023,8,"RH",744,743
"SO2",2023,9,"RH",720,719
"SO2",2023,10,"RH",744,735
"SO2",2023,11,"RH",720,665
"SO2",2023,12,"RH",744,740
"SO2",2023,1,"SO2",744,744
"SO2",2023,2,"SO2",672,669
"SO2",2023,3,"SO2",744,743
"SO2",2023,4,"SO2",720,699
"SO2",2023,5,"SO2",744,736
"SO2",2023,6,"SO2",720,717
"SO2",2023,7,"SO2",744,740
"SO2",2023,8,"SO2",744,740
"SO2",2023,9,"SO2",720,683
"SO2",2023,10,"SO2",744,741
"SO2",2023,11,"SO2",720,719
"SO2",2023,12,"SO2",744,740
"SO2",2023,1,"SR",744,744
"SO2",2023,2,"SR",672,671
"SO2",2023,3,"SR",744,744
"SO2",2023,4,"SR",720,702
"SO2",2023,5,"SR",744,744
"SO2",2023,6,"SR",720,720
"SO2",2023,7,"SR",744,744
"SO2",2023,8,"SR",744,744
"SO2",2023,9,"SR",720,720
"SO2",2023,10,"SR",744,743
"SO2",2023,11,"SR",720,720
"SO2",2023,12,"SR",744,743
"SO2",2023,1,"TOUT",744,744
"SO2",2023,2,"TOUT",672,669
"SO2",2023,3,"TOUT",744,743
"SO2",2023,4,"TOUT",720,701
"SO2",2023,5,"TOUT",744,742
"SO2",2023,6,"TOUT",720,717
"SO2",2023,7,"TOUT",744,740
"SO2",2023,8,"TOUT",744,743
"SO2",2023,9,"TOUT",720,719
"SO2",2023,10,"TOUT",744,742
"SO2",2023,11,"TOUT",720,719
"SO2",2023,12,"TOUT",744,739
"SO2",2023,1,"WSR",744,744
"SO2",2023,2,"WSR",672,669
"SO2",2023,3,"WSR",744,743
"SO2",2023,4,"WSR",720,701
"SO2",2023,5,"WSR",744,742
"SO2",2023,6,"WSR",720,717
"SO2",2023,7,"WSR",744,740
"SO2",2023,8,"WSR",744,743
"SO2",2023,9,"WSR",720,719
"SO2",2023,10,"WSR",744,742
"SO2",2023,11,"WSR",720,719
"SO2",2023,12,"WSR",744,740
"SO2",2023,1,"WDR",744,744
"SO2",2023,2,"WDR",672,669
"SO2",2023,3,"WDR",744,743
"SO2",2023,4,"WDR",720,701
"SO2",2023,5,"WDR",744,742
"SO2",2023,6,"WDR",720,717
"SO2",2023,7,"WDR",744,740
"SO2",2023,8,"WDR",744,743
"SO2",2023,9,"WDR",720,719
"SO2",2023,10,"WDR",744,742
"SO2",2023,11,"WDR",720,719
"SO2",2023,12,"WDR",744,740
"SUR",2023,1,"CO",744,742
"SUR",2023,2,"CO",672,662
"SUR",2023,3,"CO",744,742
"SUR",2023,4,"CO",720,558
"SUR",2023,5,"CO",744,741
"SUR",2023,6,"CO",720,717
"SUR",2023,7,"CO",744,743
"SUR",2023,8,"CO",744,740
"SUR",2023,9,"CO",720,717
"SUR",2023,10,"CO",744,742
"SUR",2023,11,"CO",720,718
"SUR",2023,12,"CO",744,686
"SUR",2023,1,"NO",744,737
"SUR",2023,2,"NO",672,653
"SUR",2023,3,"NO",744,734
"SUR",2023,4,"NO",720,717
"SUR",2023,5,"NO",744,738
"SUR",2023,6,"NO",720,703
"SUR",2023,7,"NO",744,741
"SUR",2023,8,"NO",744,723
"SUR",2023,9,"NO",720,705
"SUR",2023,10,"NO",744,741
"SUR",2023,11,"NO",720,395
"SUR",2023,12,"NO",744,726
"SUR",2023,1,"NO2",744,737
"SUR",2023,2,"NO2",672,653
"SUR",2023,3,"NO2",744,734
"SUR",2023,4,"NO2",720,718
"SUR",2023,5,"NO2",744,741
"SUR",2023,6,"NO2",720,717
"SUR",2023,7,"NO2",744,743
"SUR",2023,8,"NO2",744,740
"SUR",2023,9,"NO2",720,717
"SUR",2023,10,"NO2",744,741
"SUR",2023,11,"NO2",720,395
"SUR",2023,12,"NO2",744,728
"SUR",2023,1,"NOX",744,737
"SUR",2023,2,"NOX",672,653
"SUR",2023,3,"NOX",744,734
"SUR",2023,4,"NOX",720,718
"SUR",2023,5,"NOX",744,741
"SUR",2023,6,"NOX",720,716
"SUR",2023,7,"NOX",744,743
"SUR",2023,8,"NOX",744,739
"SUR",2023,9,"NOX",720,716
"SUR",2023,10,"NOX",744,741
"SUR",2023,11,"NOX",720,395
"SUR",2023,12,"NOX",744,728
"SUR",2023,1,"O3",744,721
"SUR",2023,2,"O3",672,655
"SUR",2023,3,"O3",744,724
"SUR",2023,4,"O3",720,712
"SUR",2023,5,"O3",744,741
"SUR",2023,6,"O3",720,717
"SUR",2023,7,"O3",744,670
"SUR",2023,8,"O3",744,740
"SUR",2023,9,"O3",720,717
"SUR",2023,10,"O3",744,732
"SUR",2023,11,"O3",720,688
"SUR",2023,12,"O3",744,693
"SUR",2023,1,"PM10",744,741
"SUR",2023,2,"PM10",672,641
"SUR",2023,3,"PM10",744,741
"SUR",2023,4,"PM10",720,685
"SUR",2023,5,"PM10",744,725
"SUR",2023,6,"PM10",720,717
"SUR",2023,7,"PM10",744,736
"SUR",2023,8,"PM10",744,735
"SUR",2023,9,"PM10",720,713
"SUR",2023,10,"PM10",744,739
"SUR",2023,11,"PM10",720,715
"SUR",2023,12,"PM10",744,734
"SUR",2023,1,"PM2.5",744,646
"SUR",2023,2,"PM2.5",672,490
"SUR",2023,3,"PM2.5",744,293
"SUR",2023,4,"PM2.5",720,563
"SUR",2023,5,"PM2.5",744,707
"SUR",2023,6,"PM2.5",720,658
"SUR",2023,7,"PM2.5",744,702
"SUR",2023,8,"PM2.5",744,689
"SUR",2023,9,"PM2.5",720,629
"SUR",2023,10,"PM2.5",744,663
"SUR",2023,11,"PM2.5",720,550
"SUR",2023,12,"PM2.5",744,376
"SUR",2023,1,"PRS",744,742
"SUR",2023,2,"PRS",672,662
"SUR",2023,3,"PRS",744,742
"SUR",2023,4,"PRS",720,718
"SUR",2023,5,"PRS",744,741
"SUR",2023,6,"PRS",720,717
"SUR",2023,7,"PRS",744,743
"SUR",2023,8,"PRS",744,728
"SUR",2023,9,"PRS",720,710
"SUR",2023,10,"PRS",744,741
"SUR",2023,11,"PRS",720,718
"SUR",2023,12,"PRS",744,501
"SUR",2023,1,"RAINF",744,742
"SUR",2023,2,"RAINF",672,662
"SUR",2023,3,"RAINF",744,742
"SUR",2023,4,"RAINF",720,718
"SUR",2023,5,"RAINF",744,741
"SUR",2023,6,"RAINF",720,717
"SUR",2023,7,"RAINF",744,743
"SUR",2023,8,"RAINF",744,740
"SUR",2023,9,"RAINF",720,717
"SUR",2023,10,"RAINF",744,742
"SUR",2023,11,"RAINF",720,718
"SUR",2023,12,"RAINF",744,740
"SUR",2023,1,"RH",744,737
"SUR",2023,2,"RH",672,661
"SUR",2023,3,"RH",744,740
"SUR",2023,4,"RH",720,718
"SUR",2023,5,"RH",744,741
"SUR",2023,6,"RH",720,717
"SUR",2023,7,"RH",744,743
"SUR",2023,8,"RH",744,740
"SUR",2023,9,"RH",720,717
"SUR",2023,10,"RH",744,742
"SUR",2023,11,"RH",720,705
"SUR",2023,12,"RH",744,503
"SUR",2023,1,"SO2",744,707
"SUR",2023,2,"SO2",672,627
"SUR",2023,3,"SO2",744,716
"SUR",2023,4,"SO2",720,686
"SUR",2023,5,"SO2",744,740
"SUR",2023,6,"SO2",720,717
"SUR",2023,7,"SO2",744,743
"SUR",2023,8,"SO2",744,740
"SUR",2023,9,"SO2",720,716
"SUR",2023,10,"SO2",744,742
"SUR",2023,11,"SO2",720,717
"SUR",2023,12,"SO2",744,739
"SUR",2023,1,"SR",744,743
"SUR",2023,2,"SR",672,671
"SUR",2023,3,"SR",744,744
"SUR",2023,4,"SR",720,719
"SUR",2023,5,"SR",744,744
"SUR",2023,6,"SR",720,720
"SUR",2023,7,"SR",744,744
"SUR",2023,8,"SR",744,742
"SUR",2023,9,"SR",720,720
"SUR",2023,10,"SR",744,743
"SUR",2023,11,"SR",720,720
"SUR",2023,12,"SR",744,742
"SUR",2023,1,"TOUT",744,742
"SUR",2023,2,"TOUT",672,662
"SUR",2023,3,"TOUT",744,742
"SUR",2023,4,"TOUT",720,718
"SUR",2023,5,"TOUT",744,741
"SUR",2023,6,"TOUT",720,717
"SUR",2023,7,"TOUT",744,743
"SUR",2023,8,"TOUT",744,737
"SUR",2023,9,"TOUT",720,713
"SUR",2023,10,"TOUT",744,741
"SUR",2023,11,"TOUT",720,718
"SUR",2023,12,"TOUT",744,502
"SUR",2023,1,"WSR",744,742
"SUR",2023,2,"WSR",672,662
"SUR",2023,3,"WSR",744,742
"SUR",2023,4,"WSR",720,718
"SUR",2023,5,"WSR",744,741
"SUR",2023,6,"WSR",720,717
"SUR",2023,7,"WSR",744,743
"SUR",2023,8,"WSR",744,740
"SUR",2023,9,"WSR",720,717
"SUR",2023,10,"WSR",744,742
"SUR",2023,11,"WSR",720,718
"SUR",2023,12,"WSR",744,740
"SUR",2023,1,"WDR",744,742
"SUR",2023,2,"WDR",672,661
"SUR",2023,3,"WDR",744,741
"SUR",2023,4,"WDR",720,716
"SUR",2023,5,"WDR",744,738
"SUR",2023,6,"WDR",720,714
"SUR",2023,7,"WDR",744,738
"SUR",2023,8,"WDR",744,740
"SUR",2023,9,"WDR",720,716
"SUR",2023,10,"WDR",744,742
"SUR",2023,11,"WDR",720,716
"SUR",2023,12,"WDR",744,740
"CE",2024,1,"CO",744,737
"CE",2024,2,"CO",696,667
"CE",2024,3,"CO",744,740
"CE",2024,4,"CO",720,717
"CE",2024,5,"CO",744,693
"CE",2024,6,"CO",720,682
"CE",2024,7,"CO",744,742
"CE",2024,8,"CO",744,743
"CE",2024,9,"CO",720,709
"CE",2024,10,"CO",744,740
"CE",2024,11,"CO",720,718
"CE",2024,12,"CO",744,709
"CE",2024,1,"NO",744,737
"CE",2024,2,"NO",696,667
"CE",2024,3,"NO",744,652
"CE",2024,4,"NO",720,713
"CE",2024,5,"NO",744,692
"CE",2024,6,"NO",720,682
"CE",2024,7,"NO",744,742
"CE",2024,8,"NO",744,743
"CE",2024,9,"NO",720,709
"CE",2024,10,"NO",744,741
"CE",2024,11,"NO",720,718
"CE",2024,12,"NO",744,705
"CE",2024,1,"NO2",744,737
"CE",2024,2,"NO2",696,667
"CE",2024,3,"NO2",744,652
"CE",2024,4,"NO2",720,713
"CE",2024,5,"NO2",744,692
"CE",2024,6,"NO2",720,682
"CE",2024,7,"NO2",744,742
"CE",2024,8,"NO2",744,743
"CE",2024,9,"NO2",720,709
"CE",2024,10,"NO2",744,741
"CE",2024,11,"NO2",720,718
"CE",2024,12,"NO2",744,705
"CE",2024,1,"NOX",744,737
"CE",2024,2,"NOX",696,667
"CE",2024,3,"NOX",744,652
"CE",2024,4,"NOX",720,713
"CE",2024,5,"NOX",744,692
"CE",2024,6,"NOX",720,682
"CE",2024,7,"NOX",744,742
"CE",2024,8,"NOX",744,743
"CE",2024,9,"NOX",720,709
"CE",2024,10,"NOX",744,741
"CE",2024,11,"NOX",720,718
"CE",2024,12,"NOX",744,705
"CE",2024,1,"O3",744,671
"CE",2024,2,"O3",696,655
"CE",2024,3,"O3",744,737
"CE",2024,4,"O3",720,717
"CE",2024,5,"O3",744,692
"CE",2024,6,"O3",720,681
"CE",2024,7,"O3",744,739
"CE",2024,8,"O3",744,741
"CE",2024,9,"O3",720,706
"CE",2024,10,"O3",744,732
"CE",2024,11,"O3",720,707
"CE",2024,12,"O3",744,633
"CE",2024,1,"PM10",744,729
"CE",2024,2,"PM10",696,666
"CE",2024,3,"PM10",744,740
"CE",2024,4,"PM10",720,714
"CE",2024,5,"PM10",744,692
"CE",2024,6,"PM10",720,675
"CE",2024,7,"PM10",744,741
"CE",2024,8,"PM10",744,742
"CE",2024,9,"PM10",720,705
"CE",2024,10,"PM10",744,725
"CE",2024,11,"PM10",720,716
"CE",2024,12,"PM10",744,701
"CE",2024,1,"PM2.5",744,625
"CE",2024,2,"PM2.5",696,458
"CE",2024,3,"PM2.5",744,704
"CE",2024,4,"PM2.5",720,454
"CE",2024,5,"PM2.5",744,292
"CE",2024,6,"PM2.5",720,529
"CE",2024,7,"PM2.5",744,649
"CE",2024,8,"PM2.5",744,728
"CE",2024,9,"PM2.5",720,598
"CE",2024,10,"PM2.5",744,738
"CE",2024,11,"PM2.5",720,702
"CE",2024,12,"PM2.5",744,622
"CE",2024,1,"PRS",744,736
"CE",2024,2,"PRS",696,665
"CE",2024,3,"PRS",744,734
"CE",2024,4,"PRS",720,717
"CE",2024,5,"PRS",744,691
"CE",2024,6,"PRS",720,681
"CE",2024,7,"PRS",744,742
"CE",2024,8,"PRS",744,743
"CE",2024,9,"PRS",720,707
"CE",2024,10,"PRS",744,741
"CE",2024,11,"PRS",720,713
"CE",2024,12,"PRS",744,707
"CE",2024,1,"RAINF",744,737
"CE",2024,2,"RAINF",696,667
"CE",2024,3,"RAINF",744,740
"CE",2024,4,"RAINF",720,717
"CE",2024,5,"RAINF",744,693
"CE",2024,6,"RAINF",720,682
"CE",2024,7,"RAINF",744,742
"CE",2024,8,"RAINF",744,743
"CE",2024,9,"RAINF",720,709
"CE",2024,10,"RAINF",744,741
"CE",2024,11,"RAINF",720,718
"CE",2024,12,"RAINF",744,710
"CE",2024,1,"RH",744,737
"CE",2024,2,"RH",696,667
"CE",2024,3,"RH",744,732
"CE",2024,4,"RH",720,712
"CE",2024,5,"RH",744,693
"CE",2024,6,"RH",720,671
"CE",2024,7,"RH",744,742
"CE",2024,8,"RH",744,743
"CE",2024,9,"RH",720,705
"CE",2024,10,"RH",744,741
"CE",2024,11,"RH",720,715
"CE",2024,12,"RH",744,691
"CE",2024,1,"SO2",744,737
"CE",2024,2,"SO2",696,667
"CE",2024,3,"SO2",744,740
"CE",2024,4,"SO2",720,712
"CE",2024,5,"SO2",744,691
"CE",2024,6,"SO2",720,678
"CE",2024,7,"SO2",744,737
"CE",2024,8,"SO2",744,741
"CE",2024,9,"SO2",720,707
"CE",2024,10,"SO2",744,726
"CE",2024,11,"SO2",720,718
"CE",2024,12,"SO2",744,708
"CE",2024,1,"SR",744,737
"CE",2024,2,"SR",696,667
"CE",2024,3,"SR",744,740
"CE",2024,4,"SR",720,717
"CE",2024,5,"SR",744,693
"CE",2024,6,"SR",720,682
"CE",2024,7,"SR",744,742
"CE",2024,8,"SR",744,743
"CE",2024,9,"SR",720,707
"CE",2024,10,"SR",744,741
"CE",2024,11,"SR",720,718
"CE",2024,12,"SR",744,736
"CE",2024,1,"TOUT",744,737
"CE",2024,2,"TOUT",696,667
"CE",2024,3,"TOUT",744,740
"CE",2024,4,"TOUT",720,717
"CE",2024,5,"TOUT",744,693
"CE",2024,6,"TOUT",720,682
"CE",2024,7,"TOUT",744,742
"CE",2024,8,"TOUT",744,743
"CE",2024,9,"TOUT",720,707
"CE",2024,10,"TOUT",744,741
"CE",2024,11,"TOUT",720,714
"CE",2024,12,"TOUT",744,709
"CE",2024,1,"WSR",744,737
"CE",2024,2,"WSR",696,663
"CE",2024,3,"WSR",744,740
"CE",2024,4,"WSR",720,717
"CE",2024,5,"WSR",744,693
"CE",2024,6,"WSR",720,682
"CE",2024,7,"WSR",744,742
"CE",2024,8,"WSR",744,743
"CE",2024,9,"WSR",720,708
"CE",2024,10,"WSR",744,739
"CE",2024,11,"WSR",720,716
"CE",2024,12,"WSR",744,708
"CE",2024,1,"WDR",744,736
"CE",2024,2,"WDR",696,667
"CE",2024,3,"WDR",744,740
"CE",2024,4,"WDR",720,716
"CE",2024,5,"WDR",744,692
"CE",2024,6,"WDR",720,681
"CE",2024,7,"WDR",744,742
"CE",2024,8,"WDR",744,741
"CE",2024,9,"WDR",720,709
"CE",2024,10,"WDR",744,740
"CE",2024,11,"WDR",720,716
"CE",2024,12,"WDR",744,709
"NE",2024,1,"CO",744,744
"NE",2024,2,"CO",696,650
"NE",2024,3,"CO",744,742
"NE",2024,4,"CO",720,719
"NE",2024,5,"CO",744,704
"NE",2024,6,"CO",720,666
"NE",2024,7,"CO",744,742
"NE",2024,8,"CO",744,733
"NE",2024,9,"CO",720,719
"NE",2024,10,"CO",744,741
"NE",2024,11,"CO",720,718
"NE",2024,12,"CO",744,742
"NE",2024,1,"NO",744,744
"NE",2024,2,"NO",696,644
"NE",2024,3,"NO",744,735
"NE",2024,4,"NO",720,714
"NE",2024,5,"NO",744,703
"NE",2024,6,"NO",720,692
"NE",2024,7,"NO",744,742
"NE",2024,8,"NO",744,733
"NE",2024,9,"NO",720,717
"NE",2024,10,"NO",744,737
"NE",2024,11,"NO",720,715
"NE",2024,12,"NO",744,740
"NE",2024,1,"NO2",744,744
"NE",2024,2,"NO2",696,650
"NE",2024,3,"NO2",744,742
"NE",2024,4,"NO2",720,719
"NE",2024,5,"NO2",744,703
"NE",2024,6,"NO2",720,694
"NE",2024,7,"NO2",744,742
"NE",2024,8,"NO2",744,733
"NE",2024,9,"NO2",720,717
"NE",2024,10,"NO2",744,740
"NE",2024,11,"NO2",720,718
"NE",2024,12,"NO2",744,742
"NE",2024,1,"NOX",744,744
"NE",2024,2,"NOX",696,650
"NE",2024,3,"NOX",744,742
"NE",2024,4,"NOX",720,719
"NE",2024,5,"NOX",744,703
"NE",2024,6,"NOX",720,694
"NE",2024,7,"NOX",744,743
"NE",2024,8,"NOX",744,733
"NE",2024,9,"NOX",720,717
"NE",2024,10,"NOX",744,740
"NE",2024,11,"NOX",720,718
"NE",2024,12,"NOX",744,742
"NE",2024,1,"O3",744,678
"NE",2024,2,"O3",696,620
"NE",2024,3,"O3",744,733
"NE",2024,4,"O3",720,718
"NE",2024,5,"O3",744,692
"NE",2024,6,"O3",720,693
"NE",2024,7,"O3",744,740
"NE",2024,8,"O3",744,733
"NE",2024,9,"O3",720,718
"NE",2024,10,"O3",744,735
"NE",2024,11,"O3",720,708
"NE",2024,12,"O3",744,688
"NE",2024,1,"PM10",744,738
"NE",2024,2,"PM10",696,637
"NE",2024,3,"PM10",744,733
"NE",2024,4,"PM10",720,703
"NE",2024,5,"PM10",744,682
"NE",2024,6,"PM10",720,673
"NE",2024,7,"PM10",744,722
"NE",2024,8,"PM10",744,698
"NE",2024,9,"PM10",720,717
"NE",2024,10,"PM10",744,729
"NE",2024,11,"PM10",720,706
"NE",2024,12,"PM10",744,740
"NE",2024,1,"PM2.5",744,725
"NE",2024,2,"PM2.5",696,643
"NE",2024,3,"PM2.5",744,697
"NE",2024,4,"PM2.5",720,671
"NE",2024,5,"PM2.5",744,659
"NE",2024,6,"PM2.5",720,364
"NE",2024,7,"PM2.5",744,728
"NE",2024,8,"PM2.5",744,731
"NE",2024,9,"PM2.5",720,717
"NE",2024,10,"PM2.5",744,722
"NE",2024,11,"PM2.5",720,631
"NE",2024,12,"PM2.5",744,734
"NE",2024,1,"PRS",744,743
"NE",2024,2,"PRS",696,649
"NE",2024,3,"PRS",744,741
"NE",2024,4,"PRS",720,719
"NE",2024,5,"PRS",744,704
"NE",2024,6,"PRS",720,668
"NE",2024,7,"PRS",744,743
"NE",2024,8,"PRS",744,733
"NE",2024,9,"PRS",720,719
"NE",2024,10,"PRS",744,740
"NE",2024,11,"PRS",720,718
"NE",2024,12,"PRS",744,742
"NE",2024,1,"RAINF",744,744
"NE",2024,2,"RAINF",696,654
"NE",2024,3,"RAINF",744,742
"NE",2024,4,"RAINF",720,719
"NE",2024,5,"RAINF",744,704
"NE",2024,6,"RAINF",720,694
"NE",2024,7,"RAINF",744,743
"NE",2024,8,"RAINF",744,733
"NE",2024,9,"RAINF",720,719
"NE",2024,10,"RAINF",744,741
"NE",2024,11,"RAINF",720,718
"NE",2024,12,"RAINF",744,742
"NE",2024,1,"RH",744,739
"NE",2024,2,"RH",696,650
"NE",2024,3,"RH",744,740
"NE",2024,4,"RH",720,710
"NE",2024,5,"RH",744,704
"NE",2024,6,"RH",720,694
"NE",2024,7,"RH",744,718
"NE",2024,8,"RH",744,732
"NE",2024,9,"RH",720,717
"NE",2024,10,"RH",744,738
"NE",2024,11,"RH",720,718
"NE",2024,12,"RH",744,702
"NE",2024,1,"SO2",744,744
"NE",2024,2,"SO2",696,650
"NE",2024,3,"SO2",744,742
"NE",2024,4,"SO2",720,719
"NE",2024,5,"SO2",744,703
"NE",2024,6,"SO2",720,693
"NE",2024,7,"SO2",744,743
"NE",2024,8,"SO2",744,733
"NE",2024,9,"SO2",720,717
"NE",2024,10,"SO2",744,741
"NE",2024,11,"SO2",720,718
"NE",2024,12,"SO2",744,738
"NE",2024,1,"SR",744,744
"NE",2024,2,"SR",696,660
"NE",2024,3,"SR",744,742
"NE",2024,4,"SR",720,720
"NE",2024,5,"SR",744,738
"NE",2024,6,"SR",720,699
"NE",2024,7,"SR",744,744
"NE",2024,8,"SR",744,732
"NE",2024,9,"SR",720,718
"NE",2024,10,"SR",744,742
"NE",2024,11,"SR",720,714
"NE",2024,12,"SR",744,739
"NE",2024,1,"TOUT",744,744
"NE",2024,2,"TOUT",696,652
"NE",2024,3,"TOUT",744,742
"NE",2024,4,"TOUT",720,719
"NE",2024,5,"TOUT",744,704
"NE",2024,6,"TOUT",720,694
"NE",2024,7,"TOUT",744,719
"NE",2024,8,"TOUT",744,30
"NE",2024,9,"TOUT",720,0
"NE",2024,10,"TOUT",744,0
"NE",2024,11,"TOUT",720,2
"NE",2024,12,"TOUT",744,0
"NE",2024,1,"WSR",744,744
"NE",2024,2,"WSR",696,650
"NE",2024,3,"WSR",744,742
"NE",2024,4,"WSR",720,719
"NE",2024,5,"WSR",744,704
"NE",2024,6,"WSR",720,693
"NE",2024,7,"WSR",744,743
"NE",2024,8,"WSR",744,733
"NE",2024,9,"WSR",720,719
"NE",2024,10,"WSR",744,738
"NE",2024,11,"WSR",720,713
"NE",2024,12,"WSR",744,741
"NE",2024,1,"WDR",744,742
"NE",2024,2,"WDR",696,648
"NE",2024,3,"WDR",744,741
"NE",2024,4,"WDR",720,717
"NE",2024,5,"WDR",744,704
"NE",2024,6,"WDR",720,694
"NE",2024,7,"WDR",744,743
"NE",2024,8,"WDR",744,733
"NE",2024,9,"WDR",720,718
"NE",2024,10,"WDR",744,741
"NE",2024,11,"WDR",720,717
"NE",2024,12,"WDR",744,743
"NE2",2024,1,"CO",744,744
"NE2",2024,2,"CO",696,693
"NE2",2024,3,"CO",744,738
"NE2",2024,4,"CO",720,652
"NE2",2024,5,"CO",744,672
"NE2",2024,6,"CO",720,249
"NE2",2024,7,"CO",744,0
"NE2",2024,8,"CO",744,595
"NE2",2024,9,"CO",720,695
"NE2",2024,10,"CO",744,742
"NE2",2024,11,"CO",720,714
"NE2",2024,12,"CO",744,742
"NE2",2024,1,"NO",744,744
"NE2",2024,2,"NO",696,692
"NE2",2024,3,"NO",744,735
"NE2",2024,4,"NO",720,651
"NE2",2024,5,"NO",744,667
"NE2",2024,6,"NO",720,707
"NE2",2024,7,"NO",744,682
"NE2",2024,8,"NO",744,730
"NE2",2024,9,"NO",720,703
"NE2",2024,10,"NO",744,742
"NE2",2024,11,"NO",720,716
"NE2",2024,12,"NO",744,743
"NE2",2024,1,"NO2",744,744
"NE2",2024,2,"NO2",696,693
"NE2",2024,3,"NO2",744,738
"NE2",2024,4,"NO2",720,652
"NE2",2024,5,"NO2",744,672
"NE2",2024,6,"NO2",720,708
"NE2",2024,7,"NO2",744,683
"NE2",2024,8,"NO2",744,730
"NE2",2024,9,"NO2",720,703
"NE2",2024,10,"NO2",744,742
"NE2",2024,11,"NO2",720,716
"NE2",2024,12,"NO2",744,742
"NE2",2024,1,"NOX",744,744
"NE2",2024,2,"NOX",696,693
"NE2",2024,3,"NOX",744,738
"NE2",2024,4,"NOX",720,652
"NE2",2024,5,"NOX",744,672
"NE2",2024,6,"NOX",720,708
"NE2",2024,7,"NOX",744,683
"NE2",2024,8,"NOX",744,730
"NE2",2024,9,"NOX",720,703
"NE2",2024,10,"NOX",744,742
"NE2",2024,11,"NOX",720,716
"NE2",2024,12,"NOX",744,742
"NE2",2024,1,"O3",744,700
"NE2",2024,2,"O3",696,679
"NE2",2024,3,"O3",744,733
"NE2",2024,4,"O3",720,618
"NE2",2024,5,"O3",744,657
"NE2",2024,6,"O3",720,611
"NE2",2024,7,"O3",744,638
"NE2",2024,8,"O3",744,728
"NE2",2024,9,"O3",720,688
"NE2",2024,10,"O3",744,719
"NE2",2024,11,"O3",720,689
"NE2",2024,12,"O3",744,711
"NE2",2024,1,"PM10",744,738
"NE2",2024,2,"PM10",696,691
"NE2",2024,3,"PM10",744,737
"NE2",2024,4,"PM10",720,648
"NE2",2024,5,"PM10",744,663
"NE2",2024,6,"PM10",720,706
"NE2",2024,7,"PM10",744,634
"NE2",2024,8,"PM10",744,645
"NE2",2024,9,"PM10",720,692
"NE2",2024,10,"PM10",744,742
"NE2",2024,11,"PM10",720,714
"NE2",2024,12,"PM10",744,737
"NE2",2024,1,"PM2.5",744,689
"NE2",2024,2,"PM2.5",696,639
"NE2",2024,3,"PM2.5",744,697
"NE2",2024,4,"PM2.5",720,596
"NE2",2024,5,"PM2.5",744,647
"NE2",2024,6,"PM2.5",720,538
"NE2",2024,7,"PM2.5",744,625
"NE2",2024,8,"PM2.5",744,545
"NE2",2024,9,"PM2.5",720,152
"NE2",2024,10,"PM2.5",744,42
"NE2",2024,11,"PM2.5",720,14
"NE2",2024,12,"PM2.5",744,0
"NE2",2024,1,"PRS",744,744
"NE2",2024,2,"PRS",696,691
"NE2",2024,3,"PRS",744,738
"NE2",2024,4,"PRS",720,637
"NE2",2024,5,"PRS",744,670
"NE2",2024,6,"PRS",720,659
"NE2",2024,7,"PRS",744,682
"NE2",2024,8,"PRS",744,729
"NE2",2024,9,"PRS",720,701
"NE2",2024,10,"PRS",744,742
"NE2",2024,11,"PRS",720,715
"NE2",2024,12,"PRS",744,742
"NE2",2024,1,"RAINF",744,744
"NE2",2024,2,"RAINF",696,693
"NE2",2024,3,"RAINF",744,739
"NE2",2024,4,"RAINF",720,652
"NE2",2024,5,"RAINF",744,673
"NE2",2024,6,"RAINF",720,708
"NE2",2024,7,"RAINF",744,683
"NE2",2024,8,"RAINF",744,729
"NE2",2024,9,"RAINF",720,703
"NE2",2024,10,"RAINF",744,742
"NE2",2024,11,"RAINF",720,716
"NE2",2024,12,"RAINF",744,743
"NE2",2024,1,"RH",744,743
"NE2",2024,2,"RH",696,690
"NE2",2024,3,"RH",744,735
"NE2",2024,4,"RH",720,640
"NE2",2024,5,"RH",744,665
"NE2",2024,6,"RH",720,708
"NE2",2024,7,"RH",744,683
"NE2",2024,8,"RH",744,743
"NE2",2024,9,"RH",720,703
"NE2",2024,10,"RH",744,741
"NE2",2024,11,"RH",720,716
"NE2",2024,12,"RH",744,730
"NE2",2024,1,"SO2",744,744
"NE2",2024,2,"SO2",696,687
"NE2",2024,3,"SO2",744,738
"NE2",2024,4,"SO2",720,652
"NE2",2024,5,"SO2",744,667
"NE2",2024,6,"SO2",720,690
"NE2",2024,7,"SO2",744,674
"NE2",2024,8,"SO2",744,730
"NE2",2024,9,"SO2",720,692
"NE2",2024,10,"SO2",744,742
"NE2",2024,11,"SO2",720,716
"NE2",2024,12,"SO2",744,742
"NE2",2024,1,"SR",744,744
"NE2",2024,2,"SR",696,696
"NE2",2024,3,"SR",744,741
"NE2",2024,4,"SR",720,707
"NE2",2024,5,"SR",744,736
"NE2",2024,6,"SR",720,719
"NE2",2024,7,"SR",744,735
"NE2",2024,8,"SR",744,744
"NE2",2024,9,"SR",720,706
"NE2",2024,10,"SR",744,743
"NE2",2024,11,"SR",720,717
"NE2",2024,12,"SR",744,744
"NE2",2024,1,"TOUT",744,744
"NE2",2024,2,"TOUT",696,693
"NE2",2024,3,"TOUT",744,739
"NE2",2024,4,"TOUT",720,652
"NE2",2024,5,"TOUT",744,673
"NE2",2024,6,"TOUT",720,708
"NE2",2024,7,"TOUT",744,683
"NE2",2024,8,"TOUT",744,729
"NE2",2024,9,"TOUT",720,703
"NE2",2024,10,"TOUT",744,742
"NE2",2024,11,"TOUT",720,716
"NE2",2024,12,"TOUT",744,742
"NE2",2024,1,"WSR",744,744
"NE2",2024,2,"WSR",696,693
"NE2",2024,3,"WSR",744,738
"NE2",2024,4,"WSR",720,650
"NE2",2024,5,"WSR",744,672
"NE2",2024,6,"WSR",720,708
"NE2",2024,7,"WSR",744,674
"NE2",2024,8,"WSR",744,708
"NE2",2024,9,"WSR",720,703
"NE2",2024,10,"WSR",744,742
"NE2",2024,11,"WSR",720,716
"NE2",2024,12,"WSR",744,742
"NE2",2024,1,"WDR",744,744
"NE2",2024,2,"WDR",696,693
"NE2",2024,3,"WDR",744,738
"NE2",2024,4,"WDR",720,651
"NE2",2024,5,"WDR",744,671
"NE2",2024,6,"WDR",720,708
"NE2",2024,7,"WDR",744,683
"NE2",2024,8,"WDR",744,729
"NE2",2024,9,"WDR",720,703
"NE2",2024,10,"WDR",744,742
"NE2",2024,11,"WDR",720,716
"NE2",2024,12,"WDR",744,743
"NE3",2024,1,"CO",744,708
"NE3",2024,2,"CO",696,603
"NE3",2024,3,"CO",744,742
"NE3",2024,4,"CO",720,702
"NE3",2024,5,"CO",744,628
"NE3",2024,6,"CO",720,694
"NE3",2024,7,"CO",744,725
"NE3",2024,8,"CO",744,735
"NE3",2024,9,"CO",720,699
"NE3",2024,10,"CO",744,711
"NE3",2024,11,"CO",720,702
"NE3",2024,12,"CO",744,718
"NE3",2024,1,"NO",744,704
"NE3",2024,2,"NO",696,674
"NE3",2024,3,"NO",744,740
"NE3",2024,4,"NO",720,697
"NE3",2024,5,"NO",744,623
"NE3",2024,6,"NO",720,692
"NE3",2024,7,"NO",744,721
"NE3",2024,8,"NO",744,726
"NE3",2024,9,"NO",720,687
"NE3",2024,10,"NO",744,704
"NE3",2024,11,"NO",720,695
"NE3",2024,12,"NO",744,559
"NE3",2024,1,"NO2",744,704
"NE3",2024,2,"NO2",696,673
"NE3",2024,3,"NO2",744,740
"NE3",2024,4,"NO2",720,697
"NE3",2024,5,"NO2",744,623
"NE3",2024,6,"NO2",720,691
"NE3",2024,7,"NO2",744,721
"NE3",2024,8,"NO2",744,729
"NE3",2024,9,"NO2",720,686
"NE3",2024,10,"NO2",744,705
"NE3",2024,11,"NO2",720,695
"NE3",2024,12,"NO2",744,566
"NE3",2024,1,"NOX",744,704
"NE3",2024,2,"NOX",696,672
"NE3",2024,3,"NOX",744,739
"NE3",2024,4,"NOX",720,697
"NE3",2024,5,"NOX",744,623
"NE3",2024,6,"NOX",720,690
"NE3",2024,7,"NOX",744,719
"NE3",2024,8,"NOX",744,728
"NE3",2024,9,"NOX",720,686
"NE3",2024,10,"NOX",744,705
"NE3",2024,11,"NOX",720,692
"NE3",2024,12,"NOX",744,566
"NE3",2024,1,"O3",744,707
"NE3",2024,2,"O3",696,678
"NE3",2024,3,"O3",744,740
"NE3",2024,4,"O3",720,700
"NE3",2024,5,"O3",744,627
"NE3",2024,6,"O3",720,692
"NE3",2024,7,"O3",744,723
"NE3",2024,8,"O3",744,731
"NE3",2024,9,"O3",720,683
"NE3",2024,10,"O3",744,712
"NE3",2024,11,"O3",720,699
"NE3",2024,12,"O3",744,637
"NE3",2024,1,"PM10",744,602
"NE3",2024,2,"PM10",696,676
"NE3",2024,3,"PM10",744,738
"NE3",2024,4,"PM10",720,698
"NE3",2024,5,"PM10",744,622
"NE3",2024,6,"PM10",720,678
"NE3",2024,7,"PM10",744,720
"NE3",2024,8,"PM10",744,728
"NE3",2024,9,"PM10",720,690
"NE3",2024,10,"PM10",744,711
"NE3",2024,11,"PM10",720,702
"NE3",2024,12,"PM10",744,736
"NE3",2024,1,"PM2.5",744,0
"NE3",2024,2,"PM2.5",696,0
"NE3",2024,3,"PM2.5",744,0
"NE3",2024,4,"PM2.5",720,0
"NE3",2024,5,"PM2.5",744,0
"NE3",2024,6,"PM2.5",720,0
"NE3",2024,7,"PM2.5",744,0
"NE3",2024,8,"PM2.5",744,0
"NE3",2024,9,"PM2.5",720,0
"NE3",2024,10,"PM2.5",744,0
"NE3",2024,11,"PM2.5",720,0
"NE3",2024,12,"PM2.5",744,0
"NE3",2024,1,"PRS",744,697
"NE3",2024,2,"PRS",696,678
"NE3",2024,3,"PRS",744,739
"NE3",2024,4,"PRS",720,700
"NE3",2024,5,"PRS",744,625
"NE3",2024,6,"PRS",720,691
"NE3",2024,7,"PRS",744,722
"NE3",2024,8,"PRS",744,730
"NE3",2024,9,"PRS",720,692
"NE3",2024,10,"PRS",744,711
"NE3",2024,11,"PRS",720,700
"NE3",2024,12,"PRS",744,726
"NE3",2024,1,"RAINF",744,707
"NE3",2024,2,"RAINF",696,678
"NE3",2024,3,"RAINF",744,738
"NE3",2024,4,"RAINF",720,699
"NE3",2024,5,"RAINF",744,624
"NE3",2024,6,"RAINF",720,689
"NE3",2024,7,"RAINF",744,721
"NE3",2024,8,"RAINF",744,730
"NE3",2024,9,"RAINF",720,690
"NE3",2024,10,"RAINF",744,711
"NE3",2024,11,"RAINF",720,701
"NE3",2024,12,"RAINF",744,741
"NE3",2024,1,"RH",744,708
"NE3",2024,2,"RH",696,682
"NE3",2024,3,"RH",744,740
"NE3",2024,4,"RH",720,698
"NE3",2024,5,"RH",744,628
"NE3",2024,6,"RH",720,692
"NE3",2024,7,"RH",744,725
"NE3",2024,8,"RH",744,732
"NE3",2024,9,"RH",720,690
"NE3",2024,10,"RH",744,711
"NE3",2024,11,"RH",720,701
"NE3",2024,12,"RH",744,724
"NE3",2024,1,"SO2",744,76
"NE3",2024,2,"SO2",696,19
"NE3",2024,3,"SO2",744,0
"NE3",2024,4,"SO2",720,24
"NE3",2024,5,"SO2",744,25
"NE3",2024,6,"SO2",720,215
"NE3",2024,7,"SO2",744,76
"NE3",2024,8,"SO2",744,203
"NE3",2024,9,"SO2",720,222
"NE3",2024,10,"SO2",744,9
"NE3",2024,11,"SO2",720,69
"NE3",2024,12,"SO2",744,58
"NE3",2024,1,"SR",744,689
"NE3",2024,2,"SR",696,669
"NE3",2024,3,"SR",744,743
"NE3",2024,4,"SR",720,680
"NE3",2024,5,"SR",744,717
"NE3",2024,6,"SR",720,506
"NE3",2024,7,"SR",744,658
"NE3",2024,8,"SR",744,535
"NE3",2024,9,"SR",720,492
"NE3",2024,10,"SR",744,703
"NE3",2024,11,"SR",720,634
"NE3",2024,12,"SR",744,685
"NE3",2024,1,"TOUT",744,703
"NE3",2024,2,"TOUT",696,675
"NE3",2024,3,"TOUT",744,730
"NE3",2024,4,"TOUT",720,697
"NE3",2024,5,"TOUT",744,621
"NE3",2024,6,"TOUT",720,665
"NE3",2024,7,"TOUT",744,718
"NE3",2024,8,"TOUT",744,728
"NE3",2024,9,"TOUT",720,687
"NE3",2024,10,"TOUT",744,704
"NE3",2024,11,"TOUT",720,698
"NE3",2024,12,"TOUT",744,727
"NE3",2024,1,"WSR",744,704
"NE3",2024,2,"WSR",696,677
"NE3",2024,3,"WSR",744,735
"NE3",2024,4,"WSR",720,698
"NE3",2024,5,"WSR",744,620
"NE3",2024,6,"WSR",720,666
"NE3",2024,7,"WSR",744,719
"NE3",2024,8,"WSR",744,728
"NE3",2024,9,"WSR",720,687
"NE3",2024,10,"WSR",744,705
"NE3",2024,11,"WSR",720,697
"NE3",2024,12,"WSR",744,718
"NE3",2024,1,"WDR",744,705
"NE3",2024,2,"WDR",696,676
"NE3",2024,3,"WDR",744,737
"NE3",2024,4,"WDR",720,697
"NE3",2024,5,"WDR",744,624
"NE3",2024,6,"WDR",720,666
"NE3",2024,7,"WDR",744,718
"NE3",2024,8,"WDR",744,728
"NE3",2024,9,"WDR",720,690
"NE3",2024,10,"WDR",744,710
"NE3",2024,11,"WDR",720,700
"NE3",2024,12,"WDR",744,741
"NO",2024,1,"CO",744,730
"NO",2024,2,"CO",696,669
"NO",2024,3,"CO",744,743
"NO",2024,4,"CO",720,565
"NO",2024,5,"CO",744,642
"NO",2024,6,"CO",720,351
"NO",2024,7,"CO",744,0
"NO",2024,8,"CO",744,0
"NO",2024,9,"CO",720,0
"NO",2024,10,"CO",744,648
"NO",2024,11,"CO",720,702
"NO",2024,12,"CO",744,708
"NO",2024,1,"NO",744,717
"NO",2024,2,"NO",696,662
"NO",2024,3,"NO",744,727
"NO",2024,4,"NO",720,538
"NO",2024,5,"NO",744,610
"NO",2024,6,"NO",720,350
"NO",2024,7,"NO",744,51
"NO",2024,8,"NO",744,552
"NO",2024,9,"NO",720,499
"NO",2024,10,"NO",744,645
"NO",2024,11,"NO",720,690
"NO",2024,12,"NO",744,701
"NO",2024,1,"NO2",744,730
"NO",2024,2,"NO2",696,669
"NO",2024,3,"NO2",744,742
"NO",2024,4,"NO2",720,540
"NO",2024,5,"NO2",744,641
"NO",2024,6,"NO2",720,350
"NO",2024,7,"NO2",744,49
"NO",2024,8,"NO2",744,531
"NO",2024,9,"NO2",720,428
"NO",2024,10,"NO2",744,672
"NO",2024,11,"NO2",720,689
"NO",2024,12,"NO2",744,707
"NO",2024,1,"NOX",744,730
"NO",2024,2,"NOX",696,669
"NO",2024,3,"NOX",744,742
"NO",2024,4,"NOX",720,540
"NO",2024,5,"NOX",744,641
"NO",2024,6,"NOX",720,350
"NO",2024,7,"NOX",744,49
"NO",2024,8,"NOX",744,530
"NO",2024,9,"NOX",720,520
"NO",2024,10,"NOX",744,691
"NO",2024,11,"NOX",720,689
"NO",2024,12,"NOX",744,707
"NO",2024,1,"O3",744,654
"NO",2024,2,"O3",696,617
"NO",2024,3,"O3",744,726
"NO",2024,4,"O3",720,556
"NO",2024,5,"O3",744,641
"NO",2024,6,"O3",720,479
"NO",2024,7,"O3",744,708
"NO",2024,8,"O3",744,733
"NO",2024,9,"O3",720,656
"NO",2024,10,"O3",744,718
"NO",2024,11,"O3",720,678
"NO",2024,12,"O3",744,649
"NO",2024,1,"PM10",744,728
"NO",2024,2,"PM10",696,666
"NO",2024,3,"PM10",744,732
"NO",2024,4,"PM10",720,593
"NO",2024,5,"PM10",744,700
"NO",2024,6,"PM10",720,463
"NO",2024,7,"PM10",744,709
"NO",2024,8,"PM10",744,733
"NO",2024,9,"PM10",720,656
"NO",2024,10,"PM10",744,731
"NO",2024,11,"PM10",720,701
"NO",2024,12,"PM10",744,693
"NO",2024,1,"PM2.5",744,586
"NO",2024,2,"PM2.5",696,489
"NO",2024,3,"PM2.5",744,308
"NO",2024,4,"PM2.5",720,0
"NO",2024,5,"PM2.5",744,0
"NO",2024,6,"PM2.5",720,0
"NO",2024,7,"PM2.5",744,0
"NO",2024,8,"PM2.5",744,45
"NO",2024,9,"PM2.5",720,14
"NO",2024,10,"PM2.5",744,2
"NO",2024,11,"PM2.5",720,0
"NO",2024,12,"PM2.5",744,6
"NO",2024,1,"PRS",744,730
"NO",2024,2,"PRS",696,669
"NO",2024,3,"PRS",744,743
"NO",2024,4,"PRS",720,649
"NO",2024,5,"PRS",744,700
"NO",2024,6,"PRS",720,478
"NO",2024,7,"PRS",744,716
"NO",2024,8,"PRS",744,734
"NO",2024,9,"PRS",720,663
"NO",2024,10,"PRS",744,732
"NO",2024,11,"PRS",720,701
"NO",2024,12,"PRS",744,708
"NO",2024,1,"RAINF",744,730
"NO",2024,2,"RAINF",696,669
"NO",2024,3,"RAINF",744,743
"NO",2024,4,"RAINF",720,649
"NO",2024,5,"RAINF",744,700
"NO",2024,6,"RAINF",720,476
"NO",2024,7,"RAINF",744,717
"NO",2024,8,"RAINF",744,734
"NO",2024,9,"RAINF",720,663
"NO",2024,10,"RAINF",744,732
"NO",2024,11,"RAINF",720,701
"NO",2024,12,"RAINF",744,708
"NO",2024,1,"RH",744,720
"NO",2024,2,"RH",696,669
"NO",2024,3,"RH",744,743
"NO",2024,4,"RH",720,649
"NO",2024,5,"RH",744,700
"NO",2024,6,"RH",720,475
"NO",2024,7,"RH",744,333
"NO",2024,8,"RH",744,84
"NO",2024,9,"RH",720,0
"NO",2024,10,"RH",744,0
"NO",2024,11,"RH",720,0
"NO",2024,12,"RH",744,0
"NO",2024,1,"SO2",744,729
"NO",2024,2,"SO2",696,669
"NO",2024,3,"SO2",744,743
"NO",2024,4,"SO2",720,556
"NO",2024,5,"SO2",744,640
"NO",2024,6,"SO2",720,476
"NO",2024,7,"SO2",744,717
"NO",2024,8,"SO2",744,734
"NO",2024,9,"SO2",720,657
"NO",2024,10,"SO2",744,732
"NO",2024,11,"SO2",720,701
"NO",2024,12,"SO2",744,708
"NO",2024,1,"SR",744,730
"NO",2024,2,"SR",696,672
"NO",2024,3,"SR",744,744
"NO",2024,4,"SR",720,650
"NO",2024,5,"SR",744,707
"NO",2024,6,"SR",720,504
"NO",2024,7,"SR",744,720
"NO",2024,8,"SR",744,735
"NO",2024,9,"SR",720,665
"NO",2024,10,"SR",744,742
"NO",2024,11,"SR",720,710
"NO",2024,12,"SR",744,740
"NO",2024,1,"TOUT",744,724
"NO",2024,2,"TOUT",696,669
"NO",2024,3,"TOUT",744,743
"NO",2024,4,"TOUT",720,649
"NO",2024,5,"TOUT",744,700
"NO",2024,6,"TOUT",720,447
"NO",2024,7,"TOUT",744,219
"NO",2024,8,"TOUT",744,0
"NO",2024,9,"TOUT",720,0
"NO",2024,10,"TOUT",744,0
"NO",2024,11,"TOUT",720,0
"NO",2024,12,"TOUT",744,0
"NO",2024,1,"WSR",744,730
"NO",2024,2,"WSR",696,669
"NO",2024,3,"WSR",744,743
"NO",2024,4,"WSR",720,649
"NO",2024,5,"WSR",744,700
"NO",2024,6,"WSR",720,477
"NO",2024,7,"WSR",744,717
"NO",2024,8,"WSR",744,734
"NO",2024,9,"WSR",720,663
"NO",2024,10,"WSR",744,732
"NO",2024,11,"WSR",720,701
"NO",2024,12,"WSR",744,708
"NO",2024,1,"WDR",744,727
"NO",2024,2,"WDR",696,669
"NO",2024,3,"WDR",744,743
"NO",2024,4,"WDR",720,649
"NO",2024,5,"WDR",744,700
"NO",2024,6,"WDR",720,477
"NO",2024,7,"WDR",744,717
"NO",2024,8,"WDR",744,733
"NO",2024,9,"WDR",720,663
"NO",2024,10,"WDR",744,732
"NO",2024,11,"WDR",720,698
"NO",2024,12,"WDR",744,708
"NO2",2024,1,"CO",744,724
"NO2",2024,2,"CO",696,676
"NO2",2024,3,"CO",744,737
"NO2",2024,4,"CO",720,716
"NO2",2024,5,"CO",744,697
"NO2",2024,6,"CO",720,704
"NO2",2024,7,"CO",744,715
"NO2",2024,8,"CO",744,739
"NO2",2024,9,"CO",720,693
"NO2",2024,10,"CO",744,734
"NO2",2024,11,"CO",720,696
"NO2",2024,12,"CO",744,735
"NO2",2024,1,"NO",744,709
"NO2",2024,2,"NO",696,650
"NO2",2024,3,"NO",744,681
"NO2",2024,4,"NO",720,665
"NO2",2024,5,"NO",744,663
"NO2",2024,6,"NO",720,693
"NO2",2024,7,"NO",744,715
"NO2",2024,8,"NO",744,736
"NO2",2024,9,"NO",720,691
"NO2",2024,10,"NO",744,732
"NO2",2024,11,"NO",720,692
"NO2",2024,12,"NO",744,729
"NO2",2024,1,"NO2",744,722
"NO2",2024,2,"NO2",696,650
"NO2",2024,3,"NO2",744,733
"NO2",2024,4,"NO2",720,665
"NO2",2024,5,"NO2",744,695
"NO2",2024,6,"NO2",720,696
"NO2",2024,7,"NO2",744,715
"NO2",2024,8,"NO2",744,739
"NO2",2024,9,"NO2",720,692
"NO2",2024,10,"NO2",744,732
"NO2",2024,11,"NO2",720,692
"NO2",2024,12,"NO2",744,729
"NO2",2024,1,"NOX",744,725
"NO2",2024,2,"NOX",696,649
"NO2",2024,3,"NOX",744,732
"NO2",2024,4,"NOX",720,662
"NO2",2024,5,"NOX",744,693
"NO2",2024,6,"NOX",720,704
"NO2",2024,7,"NOX",744,715
"NO2",2024,8,"NOX",744,739
"NO2",2024,9,"NOX",720,692
"NO2",2024,10,"NOX",744,732
"NO2",2024,11,"NOX",720,692
"NO2",2024,12,"NOX",744,729
"NO2",2024,1,"O3",744,689
"NO2",2024,2,"O3",696,665
"NO2",2024,3,"O3",744,735
"NO2",2024,4,"O3",720,716
"NO2",2024,5,"O3",744,695
"NO2",2024,6,"O3",720,704
"NO2",2024,7,"O3",744,710
"NO2",2024,8,"O3",744,737
"NO2",2024,9,"O3",720,692
"NO2",2024,10,"O3",744,728
"NO2",2024,11,"O3",720,687
"NO2",2024,12,"O3",744,694
"NO2",2024,1,"PM10",744,717
"NO2",2024,2,"PM10",696,675
"NO2",2024,3,"PM10",744,737
"NO2",2024,4,"PM10",720,716
"NO2",2024,5,"PM10",744,681
"NO2",2024,6,"PM10",720,696
"NO2",2024,7,"PM10",744,709
"NO2",2024,8,"PM10",744,734
"NO2",2024,9,"PM10",720,684
"NO2",2024,10,"PM10",744,731
"NO2",2024,11,"PM10",720,694
"NO2",2024,12,"PM10",744,729
"NO2",2024,1,"PM2.5",744,569
"NO2",2024,2,"PM2.5",696,338
"NO2",2024,3,"PM2.5",744,671
"NO2",2024,4,"PM2.5",720,659
"NO2",2024,5,"PM2.5",744,169
"NO2",2024,6,"PM2.5",720,64
"NO2",2024,7,"PM2.5",744,529
"NO2",2024,8,"PM2.5",744,727
"NO2",2024,9,"PM2.5",720,619
"NO2",2024,10,"PM2.5",744,655
"NO2",2024,11,"PM2.5",720,557
"NO2",2024,12,"PM2.5",744,500
"NO2",2024,1,"PRS",744,723
"NO2",2024,2,"PRS",696,675
"NO2",2024,3,"PRS",744,735
"NO2",2024,4,"PRS",720,698
"NO2",2024,5,"PRS",744,695
"NO2",2024,6,"PRS",720,703
"NO2",2024,7,"PRS",744,715
"NO2",2024,8,"PRS",744,737
"NO2",2024,9,"PRS",720,690
"NO2",2024,10,"PRS",744,733
"NO2",2024,11,"PRS",720,695
"NO2",2024,12,"PRS",744,735
"NO2",2024,1,"RAINF",744,724
"NO2",2024,2,"RAINF",696,676
"NO2",2024,3,"RAINF",744,737
"NO2",2024,4,"RAINF",720,716
"NO2",2024,5,"RAINF",744,698
"NO2",2024,6,"RAINF",720,704
"NO2",2024,7,"RAINF",744,715
"NO2",2024,8,"RAINF",744,739
"NO2",2024,9,"RAINF",720,690
"NO2",2024,10,"RAINF",744,735
"NO2",2024,11,"RAINF",720,694
"NO2",2024,12,"RAINF",744,736
"NO2",2024,1,"RH",744,713
"NO2",2024,2,"RH",696,668
"NO2",2024,3,"RH",744,736
"NO2",2024,4,"RH",720,713
"NO2",2024,5,"RH",744,684
"NO2",2024,6,"RH",720,704
"NO2",2024,7,"RH",744,715
"NO2",2024,8,"RH",744,739
"NO2",2024,9,"RH",720,690
"NO2",2024,10,"RH",744,735
"NO2",2024,11,"RH",720,694
"NO2",2024,12,"RH",744,700
"NO2",2024,1,"SO2",744,725
"NO2",2024,2,"SO2",696,676
"NO2",2024,3,"SO2",744,737
"NO2",2024,4,"SO2",720,715
"NO2",2024,5,"SO2",744,681
"NO2",2024,6,"SO2",720,697
"NO2",2024,7,"SO2",744,715
"NO2",2024,8,"SO2",744,739
"NO2",2024,9,"SO2",720,683
"NO2",2024,10,"SO2",744,731
"NO2",2024,11,"SO2",720,694
"NO2",2024,12,"SO2",744,732
"NO2",2024,1,"SR",744,552
"NO2",2024,2,"SR",696,646
"NO2",2024,3,"SR",744,718
"NO2",2024,4,"SR",720,692
"NO2",2024,5,"SR",744,687
"NO2",2024,6,"SR",720,661
"NO2",2024,7,"SR",744,0
"NO2",2024,8,"SR",744,228
"NO2",2024,9,"SR",720,294
"NO2",2024,10,"SR",744,0
"NO2",2024,11,"SR",720,333
"NO2",2024,12,"SR",744,439
"NO2",2024,1,"TOUT",744,725
"NO2",2024,2,"TOUT",696,676
"NO2",2024,3,"TOUT",744,737
"NO2",2024,4,"TOUT",720,716
"NO2",2024,5,"TOUT",744,698
"NO2",2024,6,"TOUT",720,704
"NO2",2024,7,"TOUT",744,714
"NO2",2024,8,"TOUT",744,737
"NO2",2024,9,"TOUT",720,693
"NO2",2024,10,"TOUT",744,735
"NO2",2024,11,"TOUT",720,693
"NO2",2024,12,"TOUT",744,735
"NO2",2024,1,"WSR",744,724
"NO2",2024,2,"WSR",696,676
"NO2",2024,3,"WSR",744,737
"NO2",2024,4,"WSR",720,716
"NO2",2024,5,"WSR",744,698
"NO2",2024,6,"WSR",720,704
"NO2",2024,7,"WSR",744,715
"NO2",2024,8,"WSR",744,739
"NO2",2024,9,"WSR",720,693
"NO2",2024,10,"WSR",744,734
"NO2",2024,11,"WSR",720,694
"NO2",2024,12,"WSR",744,734
"NO2",2024,1,"WDR",744,723
"NO2",2024,2,"WDR",696,676
"NO2",2024,3,"WDR",744,737
"NO2",2024,4,"WDR",720,716
"NO2",2024,5,"WDR",744,697
"NO2",2024,6,"WDR",720,704
"NO2",2024,7,"WDR",744,714
"NO2",2024,8,"WDR",744,739
"NO2",2024,9,"WDR",720,693
"NO2",2024,10,"WDR",744,734
"NO2",2024,11,"WDR",720,694
"NO2",2024,12,"WDR",744,736
"NO3",2024,1,"CO",744,741
"NO3",2024,2,"CO",696,691
"NO3",2024,3,"CO",744,743
"NO3",2024,4,"CO",720,719
"NO3",2024,5,"CO",744,729
"NO3",2024,6,"CO",720,712
"NO3",2024,7,"CO",744,742
"NO3",2024,8,"CO",744,641
"NO3",2024,9,"CO",720,495
"NO3",2024,10,"CO",744,277
"NO3",2024,11,"CO",720,576
"NO3",2024,12,"CO",744,744
"NO3",2024,1,"NO",744,737
"NO3",2024,2,"NO",696,678
"NO3",2024,3,"NO",744,743
"NO3",2024,4,"NO",720,718
"NO3",2024,5,"NO",744,704
"NO3",2024,6,"NO",720,707
"NO3",2024,7,"NO",744,741
"NO3",2024,8,"NO",744,739
"NO3",2024,9,"NO",720,701
"NO3",2024,10,"NO",744,733
"NO3",2024,11,"NO",720,308
"NO3",2024,12,"NO",744,0
"NO3",2024,1,"NO2",744,737
"NO3",2024,2,"NO2",696,678
"NO3",2024,3,"NO2",744,743
"NO3",2024,4,"NO2",720,718
"NO3",2024,5,"NO2",744,704
"NO3",2024,6,"NO2",720,707
"NO3",2024,7,"NO2",744,741
"NO3",2024,8,"NO2",744,739
"NO3",2024,9,"NO2",720,701
"NO3",2024,10,"NO2",744,733
"NO3",2024,11,"NO2",720,308
"NO3",2024,12,"NO2",744,1
"NO3",2024,1,"NOX",744,737
"NO3",2024,2,"NOX",696,678
"NO3",2024,3,"NOX",744,743
"NO3",2024,4,"NOX",720,718
"NO3",2024,5,"NOX",744,704
"NO3",2024,6,"NOX",720,707
"NO3",2024,7,"NOX",744,741
"NO3",2024,8,"NOX",744,739
"NO3",2024,9,"NOX",720,701
"NO3",2024,10,"NOX",744,733
"NO3",2024,11,"NOX",720,308
"NO3",2024,12,"NOX",744,1
"NO3",2024,1,"O3",744,654
"NO3",2024,2,"O3",696,653
"NO3",2024,3,"O3",744,729
"NO3",2024,4,"O3",720,717
"NO3",2024,5,"O3",744,728
"NO3",2024,6,"O3",720,704
"NO3",2024,7,"O3",744,736
"NO3",2024,8,"O3",744,737
"NO3",2024,9,"O3",720,694
"NO3",2024,10,"O3",744,723
"NO3",2024,11,"O3",720,696
"NO3",2024,12,"O3",744,707
"NO3",2024,1,"PM10",744,731
"NO3",2024,2,"PM10",696,684
"NO3",2024,3,"PM10",744,737
"NO3",2024,4,"PM10",720,716
"NO3",2024,5,"PM10",744,673
"NO3",2024,6,"PM10",720,708
"NO3",2024,7,"PM10",744,739
"NO3",2024,8,"PM10",744,716
"NO3",2024,9,"PM10",720,692
"NO3",2024,10,"PM10",744,729
"NO3",2024,11,"PM10",720,713
"NO3",2024,12,"PM10",744,741
"NO3",2024,1,"PM2.5",744,0
"NO3",2024,2,"PM2.5",696,0
"NO3",2024,3,"PM2.5",744,107
"NO3",2024,4,"PM2.5",720,372
"NO3",2024,5,"PM2.5",744,0
"NO3",2024,6,"PM2.5",720,0
"NO3",2024,7,"PM2.5",744,677
"NO3",2024,8,"PM2.5",744,481
"NO3",2024,9,"PM2.5",720,418
"NO3",2024,10,"PM2.5",744,278
"NO3",2024,11,"PM2.5",720,0
"NO3",2024,12,"PM2.5",744,0
"NO3",2024,1,"PRS",744,740
"NO3",2024,2,"PRS",696,691
"NO3",2024,3,"PRS",744,743
"NO3",2024,4,"PRS",720,719
"NO3",2024,5,"PRS",744,729
"NO3",2024,6,"PRS",720,711
"NO3",2024,7,"PRS",744,742
"NO3",2024,8,"PRS",744,738
"NO3",2024,9,"PRS",720,700
"NO3",2024,10,"PRS",744,733
"NO3",2024,11,"PRS",720,719
"NO3",2024,12,"PRS",744,743
"NO3",2024,1,"RAINF",744,741
"NO3",2024,2,"RAINF",696,691
"NO3",2024,3,"RAINF",744,743
"NO3",2024,4,"RAINF",720,719
"NO3",2024,5,"RAINF",744,729
"NO3",2024,6,"RAINF",720,712
"NO3",2024,7,"RAINF",744,742
"NO3",2024,8,"RAINF",744,739
"NO3",2024,9,"RAINF",720,701
"NO3",2024,10,"RAINF",744,733
"NO3",2024,11,"RAINF",720,719
"NO3",2024,12,"RAINF",744,743
"NO3",2024,1,"RH",744,154
"NO3",2024,2,"RH",696,689
"NO3",2024,3,"RH",744,742
"NO3",2024,4,"RH",720,716
"NO3",2024,5,"RH",744,727
"NO3",2024,6,"RH",720,712
"NO3",2024,7,"RH",744,742
"NO3",2024,8,"RH",744,739
"NO3",2024,9,"RH",720,701
"NO3",2024,10,"RH",744,733
"NO3",2024,11,"RH",720,719
"NO3",2024,12,"RH",744,737
"NO3",2024,1,"SO2",744,741
"NO3",2024,2,"SO2",696,691
"NO3",2024,3,"SO2",744,743
"NO3",2024,4,"SO2",720,718
"NO3",2024,5,"SO2",744,728
"NO3",2024,6,"SO2",720,696
"NO3",2024,7,"SO2",744,734
"NO3",2024,8,"SO2",744,739
"NO3",2024,9,"SO2",720,688
"NO3",2024,10,"SO2",744,733
"NO3",2024,11,"SO2",720,719
"NO3",2024,12,"SO2",744,744
"NO3",2024,1,"SR",744,743
"NO3",2024,2,"SR",696,636
"NO3",2024,3,"SR",744,743
"NO3",2024,4,"SR",720,719
"NO3",2024,5,"SR",744,731
"NO3",2024,6,"SR",720,714
"NO3",2024,7,"SR",744,742
"NO3",2024,8,"SR",744,739
"NO3",2024,9,"SR",720,701
"NO3",2024,10,"SR",744,733
"NO3",2024,11,"SR",720,719
"NO3",2024,12,"SR",744,744
"NO3",2024,1,"TOUT",744,741
"NO3",2024,2,"TOUT",696,691
"NO3",2024,3,"TOUT",744,743
"NO3",2024,4,"TOUT",720,719
"NO3",2024,5,"TOUT",744,729
"NO3",2024,6,"TOUT",720,712
"NO3",2024,7,"TOUT",744,742
"NO3",2024,8,"TOUT",744,739
"NO3",2024,9,"TOUT",720,701
"NO3",2024,10,"TOUT",744,733
"NO3",2024,11,"TOUT",720,719
"NO3",2024,12,"TOUT",744,744
"NO3",2024,1,"WSR",744,735
"NO3",2024,2,"WSR",696,689
"NO3",2024,3,"WSR",744,735
"NO3",2024,4,"WSR",720,718
"NO3",2024,5,"WSR",744,729
"NO3",2024,6,"WSR",720,712
"NO3",2024,7,"WSR",744,742
"NO3",2024,8,"WSR",744,739
"NO3",2024,9,"WSR",720,697
"NO3",2024,10,"WSR",744,715
"NO3",2024,11,"WSR",720,711
"NO3",2024,12,"WSR",744,727
"NO3",2024,1,"WDR",744,741
"NO3",2024,2,"WDR",696,691
"NO3",2024,3,"WDR",744,742
"NO3",2024,4,"WDR",720,719
"NO3",2024,5,"WDR",744,729
"NO3",2024,6,"WDR",720,712
"NO3",2024,7,"WDR",744,742
"NO3",2024,8,"WDR",744,739
"NO3",2024,9,"WDR",720,701
"NO3",2024,10,"WDR",744,733
"NO3",2024,11,"WDR",720,718
"NO3",2024,12,"WDR",744,744
"NTE",2024,1,"CO",744,729
"NTE",2024,2,"CO",696,694
"NTE",2024,3,"CO",744,742
"NTE",2024,4,"CO",720,717
"NTE",2024,5,"CO",744,728
"NTE",2024,6,"CO",720,715
"NTE",2024,7,"CO",744,711
"NTE",2024,8,"CO",744,741
"NTE",2024,9,"CO",720,715
"NTE",2024,10,"CO",744,741
"NTE",2024,11,"CO",720,717
"NTE",2024,12,"CO",744,733
"NTE",2024,1,"NO",744,735
"NTE",2024,2,"NO",696,686
"NTE",2024,3,"NO",744,709
"NTE",2024,4,"NO",720,694
"NTE",2024,5,"NO",744,703
"NTE",2024,6,"NO",720,687
"NTE",2024,7,"NO",744,700
"NTE",2024,8,"NO",744,722
"NTE",2024,9,"NO",720,699
"NTE",2024,10,"NO",744,725
"NTE",2024,11,"NO",720,704
"NTE",2024,12,"NO",744,724
"NTE",2024,1,"NO2",744,743
"NTE",2024,2,"NO2",696,695
"NTE",2024,3,"NO2",744,742
"NTE",2024,4,"NO2",720,716
"NTE",2024,5,"NO2",744,726
"NTE",2024,6,"NO2",720,687
"NTE",2024,7,"NO2",744,711
"NTE",2024,8,"NO2",744,722
"NTE",2024,9,"NO2",720,703
"NTE",2024,10,"NO2",744,724
"NTE",2024,11,"NO2",720,712
"NTE",2024,12,"NO2",744,724
"NTE",2024,1,"NOX",744,743
"NTE",2024,2,"NOX",696,695
"NTE",2024,3,"NOX",744,742
"NTE",2024,4,"NOX",720,715
"NTE",2024,5,"NOX",744,725
"NTE",2024,6,"NOX",720,687
"NTE",2024,7,"NOX",744,710
"NTE",2024,8,"NOX",744,722
"NTE",2024,9,"NOX",720,703
"NTE",2024,10,"NOX",744,724
"NTE",2024,11,"NOX",720,712
"NTE",2024,12,"NOX",744,724
"NTE",2024,1,"O3",744,694
"NTE",2024,2,"O3",696,643
"NTE",2024,3,"O3",744,726
"NTE",2024,4,"O3",720,716
"NTE",2024,5,"O3",744,726
"NTE",2024,6,"O3",720,713
"NTE",2024,7,"O3",744,698
"NTE",2024,8,"O3",744,738
"NTE",2024,9,"O3",720,710
"NTE",2024,10,"O3",744,709
"NTE",2024,11,"O3",720,689
"NTE",2024,12,"O3",744,667
"NTE",2024,1,"PM10",744,688
"NTE",2024,2,"PM10",696,690
"NTE",2024,3,"PM10",744,732
"NTE",2024,4,"PM10",720,714
"NTE",2024,5,"PM10",744,718
"NTE",2024,6,"PM10",720,705
"NTE",2024,7,"PM10",744,706
"NTE",2024,8,"PM10",744,724
"NTE",2024,9,"PM10",720,621
"NTE",2024,10,"PM10",744,738
"NTE",2024,11,"PM10",720,717
"NTE",2024,12,"PM10",744,699
"NTE",2024,1,"PM2.5",744,673
"NTE",2024,2,"PM2.5",696,678
"NTE",2024,3,"PM2.5",744,687
"NTE",2024,4,"PM2.5",720,680
"NTE",2024,5,"PM2.5",744,701
"NTE",2024,6,"PM2.5",720,653
"NTE",2024,7,"PM2.5",744,667
"NTE",2024,8,"PM2.5",744,665
"NTE",2024,9,"PM2.5",720,679
"NTE",2024,10,"PM2.5",744,714
"NTE",2024,11,"PM2.5",720,683
"NTE",2024,12,"PM2.5",744,698
"NTE",2024,1,"PRS",744,732
"NTE",2024,2,"PRS",696,695
"NTE",2024,3,"PRS",744,719
"NTE",2024,4,"PRS",720,717
"NTE",2024,5,"PRS",744,706
"NTE",2024,6,"PRS",720,715
"NTE",2024,7,"PRS",744,710
"NTE",2024,8,"PRS",744,740
"NTE",2024,9,"PRS",720,714
"NTE",2024,10,"PRS",744,739
"NTE",2024,11,"PRS",720,693
"NTE",2024,12,"PRS",744,687
"NTE",2024,1,"RAINF",744,744
"NTE",2024,2,"RAINF",696,695
"NTE",2024,3,"RAINF",744,742
"NTE",2024,4,"RAINF",720,717
"NTE",2024,5,"RAINF",744,733
"NTE",2024,6,"RAINF",720,715
"NTE",2024,7,"RAINF",744,711
"NTE",2024,8,"RAINF",744,741
"NTE",2024,9,"RAINF",720,715
"NTE",2024,10,"RAINF",744,740
"NTE",2024,11,"RAINF",720,717
"NTE",2024,12,"RAINF",744,734
"NTE",2024,1,"RH",744,0
"NTE",2024,2,"RH",696,414
"NTE",2024,3,"RH",744,694
"NTE",2024,4,"RH",720,702
"NTE",2024,5,"RH",744,457
"NTE",2024,6,"RH",720,22
"NTE",2024,7,"RH",744,32
"NTE",2024,8,"RH",744,0
"NTE",2024,9,"RH",720,0
"NTE",2024,10,"RH",744,0
"NTE",2024,11,"RH",720,1
"NTE",2024,12,"RH",744,1
"NTE",2024,1,"SO2",744,742
"NTE",2024,2,"SO2",696,695
"NTE",2024,3,"SO2",744,742
"NTE",2024,4,"SO2",720,717
"NTE",2024,5,"SO2",744,728
"NTE",2024,6,"SO2",720,712
"NTE",2024,7,"SO2",744,711
"NTE",2024,8,"SO2",744,741
"NTE",2024,9,"SO2",720,715
"NTE",2024,10,"SO2",744,740
"NTE",2024,11,"SO2",720,717
"NTE",2024,12,"SO2",744,733
"NTE",2024,1,"SR",744,744
"NTE",2024,2,"SR",696,673
"NTE",2024,3,"SR",744,744
"NTE",2024,4,"SR",720,718
"NTE",2024,5,"SR",744,735
"NTE",2024,6,"SR",720,718
"NTE",2024,7,"SR",744,721
"NTE",2024,8,"SR",744,612
"NTE",2024,9,"SR",720,662
"NTE",2024,10,"SR",744,24
"NTE",2024,11,"SR",720,408
"NTE",2024,12,"SR",744,694
"NTE",2024,1,"TOUT",744,744
"NTE",2024,2,"TOUT",696,695
"NTE",2024,3,"TOUT",744,742
"NTE",2024,4,"TOUT",720,717
"NTE",2024,5,"TOUT",744,732
"NTE",2024,6,"TOUT",720,715
"NTE",2024,7,"TOUT",744,711
"NTE",2024,8,"TOUT",744,740
"NTE",2024,9,"TOUT",720,715
"NTE",2024,10,"TOUT",744,740
"NTE",2024,11,"TOUT",720,717
"NTE",2024,12,"TOUT",744,732
"NTE",2024,1,"WSR",744,743
"NTE",2024,2,"WSR",696,695
"NTE",2024,3,"WSR",744,742
"NTE",2024,4,"WSR",720,717
"NTE",2024,5,"WSR",744,729
"NTE",2024,6,"WSR",720,715
"NTE",2024,7,"WSR",744,711
"NTE",2024,8,"WSR",744,741
"NTE",2024,9,"WSR",720,715
"NTE",2024,10,"WSR",744,740
"NTE",2024,11,"WSR",720,717
"NTE",2024,12,"WSR",744,733
"NTE",2024,1,"WDR",744,742
"NTE",2024,2,"WDR",696,694
"NTE",2024,3,"WDR",744,739
"NTE",2024,4,"WDR",720,716
"NTE",2024,5,"WDR",744,729
"NTE",2024,6,"WDR",720,713
"NTE",2024,7,"WDR",744,711
"NTE",2024,8,"WDR",744,741
"NTE",2024,9,"WDR",720,713
"NTE",2024,10,"WDR",744,740
"NTE",2024,11,"WDR",720,717
"NTE",2024,12,"WDR",744,729
"NTE2",2024,1,"CO",744,744
"NTE2",2024,2,"CO",696,691
"NTE2",2024,3,"CO",744,742
"NTE2",2024,4,"CO",720,688
"NTE2",2024,5,"CO",744,685
"NTE2",2024,6,"CO",720,703
"NTE2",2024,7,"CO",744,743
"NTE2",2024,8,"CO",744,737
"NTE2",2024,9,"CO",720,714
"NTE2",2024,10,"CO",744,721
"NTE2",2024,11,"CO",720,714
"NTE2",2024,12,"CO",744,743
"NTE2",2024,1,"NO",744,743
"NTE2",2024,2,"NO",696,691
"NTE2",2024,3,"NO",744,739
"NTE2",2024,4,"NO",720,687
"NTE2",2024,5,"NO",744,712
"NTE2",2024,6,"NO",720,702
"NTE2",2024,7,"NO",744,742
"NTE2",2024,8,"NO",744,736
"NTE2",2024,9,"NO",720,713
"NTE2",2024,10,"NO",744,743
"NTE2",2024,11,"NO",720,714
"NTE2",2024,12,"NO",744,743
"NTE2",2024,1,"NO2",744,744
"NTE2",2024,2,"NO2",696,691
"NTE2",2024,3,"NO2",744,742
"NTE2",2024,4,"NO2",720,688
"NTE2",2024,5,"NO2",744,712
"NTE2",2024,6,"NO2",720,703
"NTE2",2024,7,"NO2",744,743
"NTE2",2024,8,"NO2",744,737
"NTE2",2024,9,"NO2",720,715
"NTE2",2024,10,"NO2",744,743
"NTE2",2024,11,"NO2",720,714
"NTE2",2024,12,"NO2",744,743
"NTE2",2024,1,"NOX",744,744
"NTE2",2024,2,"NOX",696,691
"NTE2",2024,3,"NOX",744,742
"NTE2",2024,4,"NOX",720,688
"NTE2",2024,5,"NOX",744,712
"NTE2",2024,6,"NOX",720,703
"NTE2",2024,7,"NOX",744,743
"NTE2",2024,8,"NOX",744,737
"NTE2",2024,9,"NOX",720,715
"NTE2",2024,10,"NOX",744,743
"NTE2",2024,11,"NOX",720,714
"NTE2",2024,12,"NOX",744,743
"NTE2",2024,1,"O3",744,735
"NTE2",2024,2,"O3",696,684
"NTE2",2024,3,"O3",744,735
"NTE2",2024,4,"O3",720,683
"NTE2",2024,5,"O3",744,706
"NTE2",2024,6,"O3",720,597
"NTE2",2024,7,"O3",744,740
"NTE2",2024,8,"O3",744,737
"NTE2",2024,9,"O3",720,571
"NTE2",2024,10,"O3",744,652
"NTE2",2024,11,"O3",720,703
"NTE2",2024,12,"O3",744,723
"NTE2",2024,1,"PM10",744,740
"NTE2",2024,2,"PM10",696,690
"NTE2",2024,3,"PM10",744,736
"NTE2",2024,4,"PM10",720,687
"NTE2",2024,5,"PM10",744,710
"NTE2",2024,6,"PM10",720,684
"NTE2",2024,7,"PM10",744,742
"NTE2",2024,8,"PM10",744,730
"NTE2",2024,9,"PM10",720,713
"NTE2",2024,10,"PM10",744,743
"NTE2",2024,11,"PM10",720,712
"NTE2",2024,12,"PM10",744,737
"NTE2",2024,1,"PM2.5",744,691
"NTE2",2024,2,"PM2.5",696,644
"NTE2",2024,3,"PM2.5",744,696
"NTE2",2024,4,"PM2.5",720,600
"NTE2",2024,5,"PM2.5",744,655
"NTE2",2024,6,"PM2.5",720,635
"NTE2",2024,7,"PM2.5",744,707
"NTE2",2024,8,"PM2.5",744,684
"NTE2",2024,9,"PM2.5",720,608
"NTE2",2024,10,"PM2.5",744,700
"NTE2",2024,11,"PM2.5",720,645
"NTE2",2024,12,"PM2.5",744,675
"NTE2",2024,1,"PRS",744,744
"NTE2",2024,2,"PRS",696,691
"NTE2",2024,3,"PRS",744,742
"NTE2",2024,4,"PRS",720,687
"NTE2",2024,5,"PRS",744,711
"NTE2",2024,6,"PRS",720,701
"NTE2",2024,7,"PRS",744,743
"NTE2",2024,8,"PRS",744,736
"NTE2",2024,9,"PRS",720,714
"NTE2",2024,10,"PRS",744,743
"NTE2",2024,11,"PRS",720,713
"NTE2",2024,12,"PRS",744,743
"NTE2",2024,1,"RAINF",744,744
"NTE2",2024,2,"RAINF",696,691
"NTE2",2024,3,"RAINF",744,742
"NTE2",2024,4,"RAINF",720,686
"NTE2",2024,5,"RAINF",744,712
"NTE2",2024,6,"RAINF",720,703
"NTE2",2024,7,"RAINF",744,743
"NTE2",2024,8,"RAINF",744,735
"NTE2",2024,9,"RAINF",720,715
"NTE2",2024,10,"RAINF",744,743
"NTE2",2024,11,"RAINF",720,714
"NTE2",2024,12,"RAINF",744,744
"NTE2",2024,1,"RH",744,744
"NTE2",2024,2,"RH",696,690
"NTE2",2024,3,"RH",744,735
"NTE2",2024,4,"RH",720,684
"NTE2",2024,5,"RH",744,711
"NTE2",2024,6,"RH",720,703
"NTE2",2024,7,"RH",744,742
"NTE2",2024,8,"RH",744,736
"NTE2",2024,9,"RH",720,713
"NTE2",2024,10,"RH",744,743
"NTE2",2024,11,"RH",720,714
"NTE2",2024,12,"RH",744,720
"NTE2",2024,1,"SO2",744,744
"NTE2",2024,2,"SO2",696,691
"NTE2",2024,3,"SO2",744,742
"NTE2",2024,4,"SO2",720,687
"NTE2",2024,5,"SO2",744,711
"NTE2",2024,6,"SO2",720,700
"NTE2",2024,7,"SO2",744,743
"NTE2",2024,8,"SO2",744,735
"NTE2",2024,9,"SO2",720,715
"NTE2",2024,10,"SO2",744,743
"NTE2",2024,11,"SO2",720,714
"NTE2",2024,12,"SO2",744,742
"NTE2",2024,1,"SR",744,744
"NTE2",2024,2,"SR",696,695
"NTE2",2024,3,"SR",744,744
"NTE2",2024,4,"SR",720,690
"NTE2",2024,5,"SR",744,720
"NTE2",2024,6,"SR",720,720
"NTE2",2024,7,"SR",744,744
"NTE2",2024,8,"SR",744,739
"NTE2",2024,9,"SR",720,717
"NTE2",2024,10,"SR",744,744
"NTE2",2024,11,"SR",720,717
"NTE2",2024,12,"SR",744,744
"NTE2",2024,1,"TOUT",744,744
"NTE2",2024,2,"TOUT",696,691
"NTE2",2024,3,"TOUT",744,742
"NTE2",2024,4,"TOUT",720,686
"NTE2",2024,5,"TOUT",744,712
"NTE2",2024,6,"TOUT",720,703
"NTE2",2024,7,"TOUT",744,742
"NTE2",2024,8,"TOUT",744,735
"NTE2",2024,9,"TOUT",720,715
"NTE2",2024,10,"TOUT",744,743
"NTE2",2024,11,"TOUT",720,714
"NTE2",2024,12,"TOUT",744,743
"NTE2",2024,1,"WSR",744,744
"NTE2",2024,2,"WSR",696,691
"NTE2",2024,3,"WSR",744,742
"NTE2",2024,4,"WSR",720,686
"NTE2",2024,5,"WSR",744,712
"NTE2",2024,6,"WSR",720,703
"NTE2",2024,7,"WSR",744,743
"NTE2",2024,8,"WSR",744,735
"NTE2",2024,9,"WSR",720,715
"NTE2",2024,10,"WSR",744,743
"NTE2",2024,11,"WSR",720,714
"NTE2",2024,12,"WSR",744,741
"NTE2",2024,1,"WDR",744,742
"NTE2",2024,2,"WDR",696,689
"NTE2",2024,3,"WDR",744,741
"NTE2",2024,4,"WDR",720,684
"NTE2",2024,5,"WDR",744,712
"NTE2",2024,6,"WDR",720,702
"NTE2",2024,7,"WDR",744,741
"NTE2",2024,8,"WDR",744,734
"NTE2",2024,9,"WDR",720,713
"NTE2",2024,10,"WDR",744,742
"NTE2",2024,11,"WDR",720,712
"NTE2",2024,12,"WDR",744,743
"SE",2024,1,"CO",744,742
"SE",2024,2,"CO",696,671
"SE",2024,3,"CO",744,742
"SE",2024,4,"CO",720,699
"SE",2024,5,"CO",744,738
"SE",2024,6,"CO",720,694
"SE",2024,7,"CO",744,733
"SE",2024,8,"CO",744,743
"SE",2024,9,"CO",720,719
"SE",2024,10,"CO",744,742
"SE",2024,11,"CO",720,181
"SE",2024,12,"CO",744,466
"SE",2024,1,"NO",744,738
"SE",2024,2,"NO",696,669
"SE",2024,3,"NO",744,742
"SE",2024,4,"NO",720,699
"SE",2024,5,"NO",744,720
"SE",2024,6,"NO",720,682
"SE",2024,7,"NO",744,726
"SE",2024,8,"NO",744,743
"SE",2024,9,"NO",720,716
"SE",2024,10,"NO",744,728
"SE",2024,11,"NO",720,704
"SE",2024,12,"NO",744,739
"SE",2024,1,"NO2",744,741
"SE",2024,2,"NO2",696,671
"SE",2024,3,"NO2",744,742
"SE",2024,4,"NO2",720,699
"SE",2024,5,"NO2",744,738
"SE",2024,6,"NO2",720,694
"SE",2024,7,"NO2",744,733
"SE",2024,8,"NO2",744,743
"SE",2024,9,"NO2",720,718
"SE",2024,10,"NO2",744,742
"SE",2024,11,"NO2",720,706
"SE",2024,12,"NO2",744,743
"SE",2024,1,"NOX",744,742
"SE",2024,2,"NOX",696,671
"SE",2024,3,"NOX",744,742
"SE",2024,4,"NOX",720,699
"SE",2024,5,"NOX",744,739
"SE",2024,6,"NOX",720,694
"SE",2024,7,"NOX",744,731
"SE",2024,8,"NOX",744,743
"SE",2024,9,"NOX",720,718
"SE",2024,10,"NOX",744,742
"SE",2024,11,"NOX",720,706
"SE",2024,12,"NOX",744,743
"SE",2024,1,"O3",744,696
"SE",2024,2,"O3",696,651
"SE",2024,3,"O3",744,742
"SE",2024,4,"O3",720,697
"SE",2024,5,"O3",744,739
"SE",2024,6,"O3",720,686
"SE",2024,7,"O3",744,732
"SE",2024,8,"O3",744,742
"SE",2024,9,"O3",720,718
"SE",2024,10,"O3",744,739
"SE",2024,11,"O3",720,701
"SE",2024,12,"O3",744,691
"SE",2024,1,"PM10",744,740
"SE",2024,2,"PM10",696,660
"SE",2024,3,"PM10",744,740
"SE",2024,4,"PM10",720,697
"SE",2024,5,"PM10",744,611
"SE",2024,6,"PM10",720,683
"SE",2024,7,"PM10",744,733
"SE",2024,8,"PM10",744,742
"SE",2024,9,"PM10",720,719
"SE",2024,10,"PM10",744,739
"SE",2024,11,"PM10",720,706
"SE",2024,12,"PM10",744,685
"SE",2024,1,"PM2.5",744,420
"SE",2024,2,"PM2.5",696,519
"SE",2024,3,"PM2.5",744,541
"SE",2024,4,"PM2.5",720,343
"SE",2024,5,"PM2.5",744,174
"SE",2024,6,"PM2.5",720,510
"SE",2024,7,"PM2.5",744,625
"SE",2024,8,"PM2.5",744,717
"SE",2024,9,"PM2.5",720,662
"SE",2024,10,"PM2.5",744,720
"SE",2024,11,"PM2.5",720,684
"SE",2024,12,"PM2.5",744,608
"SE",2024,1,"PRS",744,741
"SE",2024,2,"PRS",696,671
"SE",2024,3,"PRS",744,742
"SE",2024,4,"PRS",720,698
"SE",2024,5,"PRS",744,739
"SE",2024,6,"PRS",720,694
"SE",2024,7,"PRS",744,733
"SE",2024,8,"PRS",744,743
"SE",2024,9,"PRS",720,719
"SE",2024,10,"PRS",744,742
"SE",2024,11,"PRS",720,706
"SE",2024,12,"PRS",744,743
"SE",2024,1,"RAINF",744,742
"SE",2024,2,"RAINF",696,671
"SE",2024,3,"RAINF",744,742
"SE",2024,4,"RAINF",720,699
"SE",2024,5,"RAINF",744,739
"SE",2024,6,"RAINF",720,694
"SE",2024,7,"RAINF",744,733
"SE",2024,8,"RAINF",744,743
"SE",2024,9,"RAINF",720,719
"SE",2024,10,"RAINF",744,742
"SE",2024,11,"RAINF",720,706
"SE",2024,12,"RAINF",744,744
"SE",2024,1,"RH",744,742
"SE",2024,2,"RH",696,671
"SE",2024,3,"RH",744,742
"SE",2024,4,"RH",720,699
"SE",2024,5,"RH",744,739
"SE",2024,6,"RH",720,694
"SE",2024,7,"RH",744,733
"SE",2024,8,"RH",744,743
"SE",2024,9,"RH",720,719
"SE",2024,10,"RH",744,742
"SE",2024,11,"RH",720,706
"SE",2024,12,"RH",744,741
"SE",2024,1,"SO2",744,742
"SE",2024,2,"SO2",696,671
"SE",2024,3,"SO2",744,742
"SE",2024,4,"SO2",720,699
"SE",2024,5,"SO2",744,738
"SE",2024,6,"SO2",720,692
"SE",2024,7,"SO2",744,728
"SE",2024,8,"SO2",744,743
"SE",2024,9,"SO2",720,716
"SE",2024,10,"SO2",744,740
"SE",2024,11,"SO2",720,705
"SE",2024,12,"SO2",744,743
"SE",2024,1,"SR",744,744
"SE",2024,2,"SR",696,675
"SE",2024,3,"SR",744,744
"SE",2024,4,"SR",720,703
"SE",2024,5,"SR",744,741
"SE",2024,6,"SR",720,716
"SE",2024,7,"SR",744,734
"SE",2024,8,"SR",744,743
"SE",2024,9,"SR",720,719
"SE",2024,10,"SR",744,743
"SE",2024,11,"SR",720,706
"SE",2024,12,"SR",744,743
"SE",2024,1,"TOUT",744,742
"SE",2024,2,"TOUT",696,671
"SE",2024,3,"TOUT",744,742
"SE",2024,4,"TOUT",720,699
"SE",2024,5,"TOUT",744,739
"SE",2024,6,"TOUT",720,694
"SE",2024,7,"TOUT",744,733
"SE",2024,8,"TOUT",744,743
"SE",2024,9,"TOUT",720,719
"SE",2024,10,"TOUT",744,742
"SE",2024,11,"TOUT",720,706
"SE",2024,12,"TOUT",744,743
"SE",2024,1,"WSR",744,742
"SE",2024,2,"WSR",696,671
"SE",2024,3,"WSR",744,742
"SE",2024,4,"WSR",720,699
"SE",2024,5,"WSR",744,739
"SE",2024,6,"WSR",720,694
"SE",2024,7,"WSR",744,733
"SE",2024,8,"WSR",744,743
"SE",2024,9,"WSR",720,714
"SE",2024,10,"WSR",744,738
"SE",2024,11,"WSR",720,704
"SE",2024,12,"WSR",744,743
"SE",2024,1,"WDR",744,742
"SE",2024,2,"WDR",696,669
"SE",2024,3,"WDR",744,742
"SE",2024,4,"WDR",720,699
"SE",2024,5,"WDR",744,739
"SE",2024,6,"WDR",720,693
"SE",2024,7,"WDR",744,733
"SE",2024,8,"WDR",744,743
"SE",2024,9,"WDR",720,719
"SE",2024,10,"WDR",744,742
"SE",2024,11,"WDR",720,706
"SE",2024,12,"WDR",744,744
"SE2",2024,1,"CO",744,743
"SE2",2024,2,"CO",696,691
"SE2",2024,3,"CO",744,712
"SE2",2024,4,"CO",720,653
"SE2",2024,5,"CO",744,507
"SE2",2024,6,"CO",720,503
"SE2",2024,7,"CO",744,656
"SE2",2024,8,"CO",744,676
"SE2",2024,9,"CO",720,712
"SE2",2024,10,"CO",744,738
"SE2",2024,11,"CO",720,395
"SE2",2024,12,"CO",744,685
"SE2",2024,1,"NO",744,742
"SE2",2024,2,"NO",696,690
"SE2",2024,3,"NO",744,733
"SE2",2024,4,"NO",720,694
"SE2",2024,5,"NO",744,697
"SE2",2024,6,"NO",720,555
"SE2",2024,7,"NO",744,687
"SE2",2024,8,"NO",744,684
"SE2",2024,9,"NO",720,666
"SE2",2024,10,"NO",744,683
"SE2",2024,11,"NO",720,705
"SE2",2024,12,"NO",744,736
"SE2",2024,1,"NO2",744,742
"SE2",2024,2,"NO2",696,691
"SE2",2024,3,"NO2",744,743
"SE2",2024,4,"NO2",720,713
"SE2",2024,5,"NO2",744,660
"SE2",2024,6,"NO2",720,431
"SE2",2024,7,"NO2",744,659
"SE2",2024,8,"NO2",744,704
"SE2",2024,9,"NO2",720,706
"SE2",2024,10,"NO2",744,724
"SE2",2024,11,"NO2",720,715
"SE2",2024,12,"NO2",744,743
"SE2",2024,1,"NOX",744,742
"SE2",2024,2,"NOX",696,691
"SE2",2024,3,"NOX",744,743
"SE2",2024,4,"NOX",720,713
"SE2",2024,5,"NOX",744,722
"SE2",2024,6,"NOX",720,563
"SE2",2024,7,"NOX",744,718
"SE2",2024,8,"NOX",744,716
"SE2",2024,9,"NOX",720,708
"SE2",2024,10,"NOX",744,724
"SE2",2024,11,"NOX",720,715
"SE2",2024,12,"NOX",744,743
"SE2",2024,1,"O3",744,717
"SE2",2024,2,"O3",696,618
"SE2",2024,3,"O3",744,704
"SE2",2024,4,"O3",720,709
"SE2",2024,5,"O3",744,694
"SE2",2024,6,"O3",720,597
"SE2",2024,7,"O3",744,398
"SE2",2024,8,"O3",744,714
"SE2",2024,9,"O3",720,647
"SE2",2024,10,"O3",744,539
"SE2",2024,11,"O3",720,697
"SE2",2024,12,"O3",744,694
"SE2",2024,1,"PM10",744,737
"SE2",2024,2,"PM10",696,691
"SE2",2024,3,"PM10",744,743
"SE2",2024,4,"PM10",720,713
"SE2",2024,5,"PM10",744,723
"SE2",2024,6,"PM10",720,524
"SE2",2024,7,"PM10",744,675
"SE2",2024,8,"PM10",744,712
"SE2",2024,9,"PM10",720,699
"SE2",2024,10,"PM10",744,736
"SE2",2024,11,"PM10",720,707
"SE2",2024,12,"PM10",744,740
"SE2",2024,1,"PM2.5",744,706
"SE2",2024,2,"PM2.5",696,684
"SE2",2024,3,"PM2.5",744,724
"SE2",2024,4,"PM2.5",720,694
"SE2",2024,5,"PM2.5",744,714
"SE2",2024,6,"PM2.5",720,608
"SE2",2024,7,"PM2.5",744,694
"SE2",2024,8,"PM2.5",744,681
"SE2",2024,9,"PM2.5",720,680
"SE2",2024,10,"PM2.5",744,720
"SE2",2024,11,"PM2.5",720,700
"SE2",2024,12,"PM2.5",744,725
"SE2",2024,1,"PRS",744,739
"SE2",2024,2,"PRS",696,691
"SE2",2024,3,"PRS",744,743
"SE2",2024,4,"PRS",720,713
"SE2",2024,5,"PRS",744,725
"SE2",2024,6,"PRS",720,621
"SE2",2024,7,"PRS",744,716
"SE2",2024,8,"PRS",744,716
"SE2",2024,9,"PRS",720,709
"SE2",2024,10,"PRS",744,738
"SE2",2024,11,"PRS",720,711
"SE2",2024,12,"PRS",744,743
"SE2",2024,1,"RAINF",744,744
"SE2",2024,2,"RAINF",696,696
"SE2",2024,3,"RAINF",744,744
"SE2",2024,4,"RAINF",720,717
"SE2",2024,5,"RAINF",744,744
"SE2",2024,6,"RAINF",720,720
"SE2",2024,7,"RAINF",744,744
"SE2",2024,8,"RAINF",744,740
"SE2",2024,9,"RAINF",720,719
"SE2",2024,10,"RAINF",744,744
"SE2",2024,11,"RAINF",720,720
"SE2",2024,12,"RAINF",744,744
"SE2",2024,1,"RH",744,739
"SE2",2024,2,"RH",696,691
"SE2",2024,3,"RH",744,743
"SE2",2024,4,"RH",720,710
"SE2",2024,5,"RH",744,728
"SE2",2024,6,"RH",720,631
"SE2",2024,7,"RH",744,720
"SE2",2024,8,"RH",744,718
"SE2",2024,9,"RH",720,712
"SE2",2024,10,"RH",744,732
"SE2",2024,11,"RH",720,711
"SE2",2024,12,"RH",744,730
"SE2",2024,1,"SO2",744,743
"SE2",2024,2,"SO2",696,691
"SE2",2024,3,"SO2",744,743
"SE2",2024,4,"SO2",720,713
"SE2",2024,5,"SO2",744,715
"SE2",2024,6,"SO2",720,618
"SE2",2024,7,"SO2",744,720
"SE2",2024,8,"SO2",744,719
"SE2",2024,9,"SO2",720,550
"SE2",2024,10,"SO2",744,738
"SE2",2024,11,"SO2",720,717
"SE2",2024,12,"SO2",744,742
"SE2",2024,1,"SR",744,744
"SE2",2024,2,"SR",696,696
"SE2",2024,3,"SR",744,744
"SE2",2024,4,"SR",720,714
"SE2",2024,5,"SR",744,744
"SE2",2024,6,"SR",720,715
"SE2",2024,7,"SR",744,742
"SE2",2024,8,"SR",744,728
"SE2",2024,9,"SR",720,719
"SE2",2024,10,"SR",744,744
"SE2",2024,11,"SR",720,718
"SE2",2024,12,"SR",744,744
"SE2",2024,1,"TOUT",744,743
"SE2",2024,2,"TOUT",696,691
"SE2",2024,3,"TOUT",744,743
"SE2",2024,4,"TOUT",720,713
"SE2",2024,5,"TOUT",744,728
"SE2",2024,6,"TOUT",720,631
"SE2",2024,7,"TOUT",744,720
"SE2",2024,8,"TOUT",744,713
"SE2",2024,9,"TOUT",720,715
"SE2",2024,10,"TOUT",744,734
"SE2",2024,11,"TOUT",720,711
"SE2",2024,12,"TOUT",744,742
"SE2",2024,1,"WSR",744,740
"SE2",2024,2,"WSR",696,691
"SE2",2024,3,"WSR",744,743
"SE2",2024,4,"WSR",720,713
"SE2",2024,5,"WSR",744,728
"SE2",2024,6,"WSR",720,631
"SE2",2024,7,"WSR",744,720
"SE2",2024,8,"WSR",744,719
"SE2",2024,9,"WSR",720,714
"SE2",2024,10,"WSR",744,736
"SE2",2024,11,"WSR",720,711
"SE2",2024,12,"WSR",744,743
"SE2",2024,1,"WDR",744,738
"SE2",2024,2,"WDR",696,691
"SE2",2024,3,"WDR",744,742
"SE2",2024,4,"WDR",720,712
"SE2",2024,5,"WDR",744,728
"SE2",2024,6,"WDR",720,631
"SE2",2024,7,"WDR",744,720
"SE2",2024,8,"WDR",744,719
"SE2",2024,9,"WDR",720,714
"SE2",2024,10,"WDR",744,736
"SE2",2024,11,"WDR",720,709
"SE2",2024,12,"WDR",744,743
"SE3",2024,1,"CO",744,739
"SE3",2024,2,"CO",696,692
"SE3",2024,3,"CO",744,740
"SE3",2024,4,"CO",720,709
"SE3",2024,5,"CO",744,734
"SE3",2024,6,"CO",720,718
"SE3",2024,7,"CO",744,259
"SE3",2024,8,"CO",744,83
"SE3",2024,9,"CO",720,711
"SE3",2024,10,"CO",744,734
"SE3",2024,11,"CO",720,703
"SE3",2024,12,"CO",744,743
"SE3",2024,1,"NO",744,736
"SE3",2024,2,"NO",696,689
"SE3",2024,3,"NO",744,727
"SE3",2024,4,"NO",720,699
"SE3",2024,5,"NO",744,725
"SE3",2024,6,"NO",720,708
"SE3",2024,7,"NO",744,662
"SE3",2024,8,"NO",744,727
"SE3",2024,9,"NO",720,705
"SE3",2024,10,"NO",744,721
"SE3",2024,11,"NO",720,698
"SE3",2024,12,"NO",744,740
"SE3",2024,1,"NO2",744,736
"SE3",2024,2,"NO2",696,689
"SE3",2024,3,"NO2",744,727
"SE3",2024,4,"NO2",720,699
"SE3",2024,5,"NO2",744,725
"SE3",2024,6,"NO2",720,708
"SE3",2024,7,"NO2",744,662
"SE3",2024,8,"NO2",744,727
"SE3",2024,9,"NO2",720,705
"SE3",2024,10,"NO2",744,721
"SE3",2024,11,"NO2",720,698
"SE3",2024,12,"NO2",744,743
"SE3",2024,1,"NOX",744,736
"SE3",2024,2,"NOX",696,688
"SE3",2024,3,"NOX",744,727
"SE3",2024,4,"NOX",720,697
"SE3",2024,5,"NOX",744,725
"SE3",2024,6,"NOX",720,708
"SE3",2024,7,"NOX",744,662
"SE3",2024,8,"NOX",744,727
"SE3",2024,9,"NOX",720,705
"SE3",2024,10,"NOX",744,721
"SE3",2024,11,"NOX",720,698
"SE3",2024,12,"NOX",744,743
"SE3",2024,1,"O3",744,732
"SE3",2024,2,"O3",696,691
"SE3",2024,3,"O3",744,740
"SE3",2024,4,"O3",720,694
"SE3",2024,5,"O3",744,733
"SE3",2024,6,"O3",720,717
"SE3",2024,7,"O3",744,733
"SE3",2024,8,"O3",744,741
"SE3",2024,9,"O3",720,711
"SE3",2024,10,"O3",744,737
"SE3",2024,11,"O3",720,702
"SE3",2024,12,"O3",744,727
"SE3",2024,1,"PM10",744,735
"SE3",2024,2,"PM10",696,689
"SE3",2024,3,"PM10",744,737
"SE3",2024,4,"PM10",720,690
"SE3",2024,5,"PM10",744,723
"SE3",2024,6,"PM10",720,717
"SE3",2024,7,"PM10",744,731
"SE3",2024,8,"PM10",744,729
"SE3",2024,9,"PM10",720,703
"SE3",2024,10,"PM10",744,738
"SE3",2024,11,"PM10",720,699
"SE3",2024,12,"PM10",744,738
"SE3",2024,1,"PM2.5",744,718
"SE3",2024,2,"PM2.5",696,661
"SE3",2024,3,"PM2.5",744,718
"SE3",2024,4,"PM2.5",720,661
"SE3",2024,5,"PM2.5",744,718
"SE3",2024,6,"PM2.5",720,613
"SE3",2024,7,"PM2.5",744,642
"SE3",2024,8,"PM2.5",744,564
"SE3",2024,9,"PM2.5",720,616
"SE3",2024,10,"PM2.5",744,679
"SE3",2024,11,"PM2.5",720,671
"SE3",2024,12,"PM2.5",744,688
"SE3",2024,1,"PRS",744,739
"SE3",2024,2,"PRS",696,690
"SE3",2024,3,"PRS",744,736
"SE3",2024,4,"PRS",720,682
"SE3",2024,5,"PRS",744,729
"SE3",2024,6,"PRS",720,696
"SE3",2024,7,"PRS",744,733
"SE3",2024,8,"PRS",744,728
"SE3",2024,9,"PRS",720,707
"SE3",2024,10,"PRS",744,740
"SE3",2024,11,"PRS",720,703
"SE3",2024,12,"PRS",744,742
"SE3",2024,1,"RAINF",744,740
"SE3",2024,2,"RAINF",696,692
"SE3",2024,3,"RAINF",744,740
"SE3",2024,4,"RAINF",720,710
"SE3",2024,5,"RAINF",744,737
"SE3",2024,6,"RAINF",720,719
"SE3",2024,7,"RAINF",744,738
"SE3",2024,8,"RAINF",744,742
"SE3",2024,9,"RAINF",720,713
"SE3",2024,10,"RAINF",744,741
"SE3",2024,11,"RAINF",720,703
"SE3",2024,12,"RAINF",744,744
"SE3",2024,1,"RH",744,737
"SE3",2024,2,"RH",696,692
"SE3",2024,3,"RH",744,735
"SE3",2024,4,"RH",720,709
"SE3",2024,5,"RH",744,735
"SE3",2024,6,"RH",720,718
"SE3",2024,7,"RH",744,738
"SE3",2024,8,"RH",744,729
"SE3",2024,9,"RH",720,713
"SE3",2024,10,"RH",744,741
"SE3",2024,11,"RH",720,703
"SE3",2024,12,"RH",744,732
"SE3",2024,1,"SO2",744,737
"SE3",2024,2,"SO2",696,692
"SE3",2024,3,"SO2",744,740
"SE3",2024,4,"SO2",720,708
"SE3",2024,5,"SO2",744,735
"SE3",2024,6,"SO2",720,718
"SE3",2024,7,"SO2",744,733
"SE3",2024,8,"SO2",744,742
"SE3",2024,9,"SO2",720,713
"SE3",2024,10,"SO2",744,741
"SE3",2024,11,"SO2",720,703
"SE3",2024,12,"SO2",744,743
"SE3",2024,1,"SR",744,743
"SE3",2024,2,"SR",696,696
"SE3",2024,3,"SR",744,743
"SE3",2024,4,"SR",720,717
"SE3",2024,5,"SR",744,744
"SE3",2024,6,"SR",720,720
"SE3",2024,7,"SR",744,742
"SE3",2024,8,"SR",744,743
"SE3",2024,9,"SR",720,717
"SE3",2024,10,"SR",744,742
"SE3",2024,11,"SR",720,706
"SE3",2024,12,"SR",744,744
"SE3",2024,1,"TOUT",744,739
"SE3",2024,2,"TOUT",696,692
"SE3",2024,3,"TOUT",744,740
"SE3",2024,4,"TOUT",720,710
"SE3",2024,5,"TOUT",744,737
"SE3",2024,6,"TOUT",720,718
"SE3",2024,7,"TOUT",744,738
"SE3",2024,8,"TOUT",744,728
"SE3",2024,9,"TOUT",720,713
"SE3",2024,10,"TOUT",744,741
"SE3",2024,11,"TOUT",720,702
"SE3",2024,12,"TOUT",744,743
"SE3",2024,1,"WSR",744,722
"SE3",2024,2,"WSR",696,692
"SE3",2024,3,"WSR",744,740
"SE3",2024,4,"WSR",720,708
"SE3",2024,5,"WSR",744,736
"SE3",2024,6,"WSR",720,718
"SE3",2024,7,"WSR",744,728
"SE3",2024,8,"WSR",744,731
"SE3",2024,9,"WSR",720,709
"SE3",2024,10,"WSR",744,740
"SE3",2024,11,"WSR",720,693
"SE3",2024,12,"WSR",744,718
"SE3",2024,1,"WDR",744,738
"SE3",2024,2,"WDR",696,690
"SE3",2024,3,"WDR",744,739
"SE3",2024,4,"WDR",720,709
"SE3",2024,5,"WDR",744,735
"SE3",2024,6,"WDR",720,718
"SE3",2024,7,"WDR",744,737
"SE3",2024,8,"WDR",744,738
"SE3",2024,9,"WDR",720,713
"SE3",2024,10,"WDR",744,741
"SE3",2024,11,"WDR",720,703
"SE3",2024,12,"WDR",744,744
"SO",2024,1,"CO",744,540
"SO",2024,2,"CO",696,695
"SO",2024,3,"CO",744,743
"SO",2024,4,"CO",720,719
"SO",2024,5,"CO",744,743
"SO",2024,6,"CO",720,679
"SO",2024,7,"CO",744,741
"SO",2024,8,"CO",744,743
"SO",2024,9,"CO",720,719
"SO",2024,10,"CO",744,739
"SO",2024,11,"CO",720,717
"SO",2024,12,"CO",744,742
"SO",2024,1,"NO",744,537
"SO",2024,2,"NO",696,693
"SO",2024,3,"NO",744,740
"SO",2024,4,"NO",720,719
"SO",2024,5,"NO",744,730
"SO",2024,6,"NO",720,686
"SO",2024,7,"NO",744,740
"SO",2024,8,"NO",744,741
"SO",2024,9,"NO",720,715
"SO",2024,10,"NO",744,738
"SO",2024,11,"NO",720,716
"SO",2024,12,"NO",744,740
"SO",2024,1,"NO2",744,539
"SO",2024,2,"NO2",696,694
"SO",2024,3,"NO2",744,743
"SO",2024,4,"NO2",720,719
"SO",2024,5,"NO2",744,743
"SO",2024,6,"NO2",720,687
"SO",2024,7,"NO2",744,741
"SO",2024,8,"NO2",744,743
"SO",2024,9,"NO2",720,718
"SO",2024,10,"NO2",744,739
"SO",2024,11,"NO2",720,717
"SO",2024,12,"NO2",744,742
"SO",2024,1,"NOX",744,540
"SO",2024,2,"NOX",696,694
"SO",2024,3,"NOX",744,743
"SO",2024,4,"NOX",720,719
"SO",2024,5,"NOX",744,743
"SO",2024,6,"NOX",720,687
"SO",2024,7,"NOX",744,741
"SO",2024,8,"NOX",744,743
"SO",2024,9,"NOX",720,718
"SO",2024,10,"NOX",744,739
"SO",2024,11,"NOX",720,717
"SO",2024,12,"NOX",744,742
"SO",2024,1,"O3",744,503
"SO",2024,2,"O3",696,642
"SO",2024,3,"O3",744,733
"SO",2024,4,"O3",720,712
"SO",2024,5,"O3",744,732
"SO",2024,6,"O3",720,643
"SO",2024,7,"O3",744,739
"SO",2024,8,"O3",744,743
"SO",2024,9,"O3",720,714
"SO",2024,10,"O3",744,723
"SO",2024,11,"O3",720,686
"SO",2024,12,"O3",744,697
"SO",2024,1,"PM10",744,533
"SO",2024,2,"PM10",696,677
"SO",2024,3,"PM10",744,738
"SO",2024,4,"PM10",720,717
"SO",2024,5,"PM10",744,737
"SO",2024,6,"PM10",720,684
"SO",2024,7,"PM10",744,736
"SO",2024,8,"PM10",744,739
"SO",2024,9,"PM10",720,670
"SO",2024,10,"PM10",744,738
"SO",2024,11,"PM10",720,717
"SO",2024,12,"PM10",744,734
"SO",2024,1,"PM2.5",744,385
"SO",2024,2,"PM2.5",696,671
"SO",2024,3,"PM2.5",744,466
"SO",2024,4,"PM2.5",720,684
"SO",2024,5,"PM2.5",744,297
"SO",2024,6,"PM2.5",720,409
"SO",2024,7,"PM2.5",744,646
"SO",2024,8,"PM2.5",744,741
"SO",2024,9,"PM2.5",720,685
"SO",2024,10,"PM2.5",744,707
"SO",2024,11,"PM2.5",720,687
"SO",2024,12,"PM2.5",744,632
"SO",2024,1,"PRS",744,358
"SO",2024,2,"PRS",696,695
"SO",2024,3,"PRS",744,743
"SO",2024,4,"PRS",720,698
"SO",2024,5,"PRS",744,619
"SO",2024,6,"PRS",720,685
"SO",2024,7,"PRS",744,741
"SO",2024,8,"PRS",744,743
"SO",2024,9,"PRS",720,719
"SO",2024,10,"PRS",744,737
"SO",2024,11,"PRS",720,717
"SO",2024,12,"PRS",744,742
"SO",2024,1,"RAINF",744,540
"SO",2024,2,"RAINF",696,695
"SO",2024,3,"RAINF",744,743
"SO",2024,4,"RAINF",720,719
"SO",2024,5,"RAINF",744,743
"SO",2024,6,"RAINF",720,688
"SO",2024,7,"RAINF",744,741
"SO",2024,8,"RAINF",744,743
"SO",2024,9,"RAINF",720,719
"SO",2024,10,"RAINF",744,714
"SO",2024,11,"RAINF",720,717
"SO",2024,12,"RAINF",744,743
"SO",2024,1,"RH",744,540
"SO",2024,2,"RH",696,695
"SO",2024,3,"RH",744,743
"SO",2024,4,"RH",720,719
"SO",2024,5,"RH",744,743
"SO",2024,6,"RH",720,687
"SO",2024,7,"RH",744,741
"SO",2024,8,"RH",744,744
"SO",2024,9,"RH",720,671
"SO",2024,10,"RH",744,701
"SO",2024,11,"RH",720,717
"SO",2024,12,"RH",744,718
"SO",2024,1,"SO2",744,540
"SO",2024,2,"SO2",696,695
"SO",2024,3,"SO2",744,743
"SO",2024,4,"SO2",720,719
"SO",2024,5,"SO2",744,741
"SO",2024,6,"SO2",720,668
"SO",2024,7,"SO2",744,740
"SO",2024,8,"SO2",744,743
"SO",2024,9,"SO2",720,713
"SO",2024,10,"SO2",744,737
"SO",2024,11,"SO2",720,717
"SO",2024,12,"SO2",744,742
"SO",2024,1,"SR",744,708
"SO",2024,2,"SR",696,695
"SO",2024,3,"SR",744,742
"SO",2024,4,"SR",720,712
"SO",2024,5,"SR",744,740
"SO",2024,6,"SR",720,629
"SO",2024,7,"SR",744,730
"SO",2024,8,"SR",744,717
"SO",2024,9,"SR",720,720
"SO",2024,10,"SR",744,740
"SO",2024,11,"SR",720,717
"SO",2024,12,"SR",744,743
"SO",2024,1,"TOUT",744,540
"SO",2024,2,"TOUT",696,695
"SO",2024,3,"TOUT",744,743
"SO",2024,4,"TOUT",720,719
"SO",2024,5,"TOUT",744,743
"SO",2024,6,"TOUT",720,687
"SO",2024,7,"TOUT",744,741
"SO",2024,8,"TOUT",744,743
"SO",2024,9,"TOUT",720,719
"SO",2024,10,"TOUT",744,736
"SO",2024,11,"TOUT",720,717
"SO",2024,12,"TOUT",744,742
"SO",2024,1,"WSR",744,540
"SO",2024,2,"WSR",696,695
"SO",2024,3,"WSR",744,743
"SO",2024,4,"WSR",720,719
"SO",2024,5,"WSR",744,743
"SO",2024,6,"WSR",720,688
"SO",2024,7,"WSR",744,741
"SO",2024,8,"WSR",744,743
"SO",2024,9,"WSR",720,717
"SO",2024,10,"WSR",744,709
"SO",2024,11,"WSR",720,706
"SO",2024,12,"WSR",744,740
"SO",2024,1,"WDR",744,540
"SO",2024,2,"WDR",696,695
"SO",2024,3,"WDR",744,743
"SO",2024,4,"WDR",720,719
"SO",2024,5,"WDR",744,743
"SO",2024,6,"WDR",720,688
"SO",2024,7,"WDR",744,741
"SO",2024,8,"WDR",744,743
"SO",2024,9,"WDR",720,719
"SO",2024,10,"WDR",744,713
"SO",2024,11,"WDR",720,717
"SO",2024,12,"WDR",744,743
"SO2",2024,1,"CO",744,744
"SO2",2024,2,"CO",696,694
"SO2",2024,3,"CO",744,742
"SO2",2024,4,"CO",720,717
"SO2",2024,5,"CO",744,741
"SO2",2024,6,"CO",720,707
"SO2",2024,7,"CO",744,743
"SO2",2024,8,"CO",744,743
"SO2",2024,9,"CO",720,718
"SO2",2024,10,"CO",744,742
"SO2",2024,11,"CO",720,701
"SO2",2024,12,"CO",744,708
"SO2",2024,1,"NO",744,741
"SO2",2024,2,"NO",696,694
"SO2",2024,3,"NO",744,739
"SO2",2024,4,"NO",720,710
"SO2",2024,5,"NO",744,725
"SO2",2024,6,"NO",720,693
"SO2",2024,7,"NO",744,736
"SO2",2024,8,"NO",744,741
"SO2",2024,9,"NO",720,715
"SO2",2024,10,"NO",744,733
"SO2",2024,11,"NO",720,715
"SO2",2024,12,"NO",744,740
"SO2",2024,1,"NO2",744,743
"SO2",2024,2,"NO2",696,694
"SO2",2024,3,"NO2",744,742
"SO2",2024,4,"NO2",720,717
"SO2",2024,5,"NO2",744,741
"SO2",2024,6,"NO2",720,706
"SO2",2024,7,"NO2",744,743
"SO2",2024,8,"NO2",744,743
"SO2",2024,9,"NO2",720,718
"SO2",2024,10,"NO2",744,742
"SO2",2024,11,"NO2",720,719
"SO2",2024,12,"NO2",744,743
"SO2",2024,1,"NOX",744,743
"SO2",2024,2,"NOX",696,694
"SO2",2024,3,"NOX",744,742
"SO2",2024,4,"NOX",720,716
"SO2",2024,5,"NOX",744,741
"SO2",2024,6,"NOX",720,706
"SO2",2024,7,"NOX",744,743
"SO2",2024,8,"NOX",744,743
"SO2",2024,9,"NOX",720,718
"SO2",2024,10,"NOX",744,742
"SO2",2024,11,"NOX",720,719
"SO2",2024,12,"NOX",744,743
"SO2",2024,1,"O3",744,727
"SO2",2024,2,"O3",696,690
"SO2",2024,3,"O3",744,742
"SO2",2024,4,"O3",720,715
"SO2",2024,5,"O3",744,717
"SO2",2024,6,"O3",720,704
"SO2",2024,7,"O3",744,740
"SO2",2024,8,"O3",744,743
"SO2",2024,9,"O3",720,717
"SO2",2024,10,"O3",744,741
"SO2",2024,11,"O3",720,713
"SO2",2024,12,"O3",744,709
"SO2",2024,1,"PM10",744,739
"SO2",2024,2,"PM10",696,682
"SO2",2024,3,"PM10",744,559
"SO2",2024,4,"PM10",720,676
"SO2",2024,5,"PM10",744,715
"SO2",2024,6,"PM10",720,698
"SO2",2024,7,"PM10",744,728
"SO2",2024,8,"PM10",744,744
"SO2",2024,9,"PM10",720,714
"SO2",2024,10,"PM10",744,737
"SO2",2024,11,"PM10",720,705
"SO2",2024,12,"PM10",744,605
"SO2",2024,1,"PM2.5",744,716
"SO2",2024,2,"PM2.5",696,626
"SO2",2024,3,"PM2.5",744,675
"SO2",2024,4,"PM2.5",720,648
"SO2",2024,5,"PM2.5",744,723
"SO2",2024,6,"PM2.5",720,545
"SO2",2024,7,"PM2.5",744,699
"SO2",2024,8,"PM2.5",744,635
"SO2",2024,9,"PM2.5",720,611
"SO2",2024,10,"PM2.5",744,606
"SO2",2024,11,"PM2.5",720,660
"SO2",2024,12,"PM2.5",744,656
"SO2",2024,1,"PRS",744,743
"SO2",2024,2,"PRS",696,694
"SO2",2024,3,"PRS",744,742
"SO2",2024,4,"PRS",720,717
"SO2",2024,5,"PRS",744,741
"SO2",2024,6,"PRS",720,705
"SO2",2024,7,"PRS",744,743
"SO2",2024,8,"PRS",744,743
"SO2",2024,9,"PRS",720,718
"SO2",2024,10,"PRS",744,741
"SO2",2024,11,"PRS",720,719
"SO2",2024,12,"PRS",744,744
"SO2",2024,1,"RAINF",744,744
"SO2",2024,2,"RAINF",696,694
"SO2",2024,3,"RAINF",744,742
"SO2",2024,4,"RAINF",720,717
"SO2",2024,5,"RAINF",744,741
"SO2",2024,6,"RAINF",720,706
"SO2",2024,7,"RAINF",744,743
"SO2",2024,8,"RAINF",744,742
"SO2",2024,9,"RAINF",720,718
"SO2",2024,10,"RAINF",744,742
"SO2",2024,11,"RAINF",720,719
"SO2",2024,12,"RAINF",744,744
"SO2",2024,1,"RH",744,744
"SO2",2024,2,"RH",696,694
"SO2",2024,3,"RH",744,734
"SO2",2024,4,"RH",720,700
"SO2",2024,5,"RH",744,741
"SO2",2024,6,"RH",720,695
"SO2",2024,7,"RH",744,743
"SO2",2024,8,"RH",744,743
"SO2",2024,9,"RH",720,717
"SO2",2024,10,"RH",744,742
"SO2",2024,11,"RH",720,719
"SO2",2024,12,"RH",744,688
"SO2",2024,1,"SO2",744,739
"SO2",2024,2,"SO2",696,694
"SO2",2024,3,"SO2",744,742
"SO2",2024,4,"SO2",720,710
"SO2",2024,5,"SO2",744,740
"SO2",2024,6,"SO2",720,706
"SO2",2024,7,"SO2",744,743
"SO2",2024,8,"SO2",744,743
"SO2",2024,9,"SO2",720,718
"SO2",2024,10,"SO2",744,742
"SO2",2024,11,"SO2",720,719
"SO2",2024,12,"SO2",744,743
"SO2",2024,1,"SR",744,744
"SO2",2024,2,"SR",696,696
"SO2",2024,3,"SR",744,744
"SO2",2024,4,"SR",720,718
"SO2",2024,5,"SR",744,744
"SO2",2024,6,"SR",720,713
"SO2",2024,7,"SR",744,744
"SO2",2024,8,"SR",744,744
"SO2",2024,9,"SR",720,719
"SO2",2024,10,"SR",744,744
"SO2",2024,11,"SR",720,719
"SO2",2024,12,"SR",744,743
"SO2",2024,1,"TOUT",744,744
"SO2",2024,2,"TOUT",696,694
"SO2",2024,3,"TOUT",744,742
"SO2",2024,4,"TOUT",720,717
"SO2",2024,5,"TOUT",744,741
"SO2",2024,6,"TOUT",720,707
"SO2",2024,7,"TOUT",744,743
"SO2",2024,8,"TOUT",744,742
"SO2",2024,9,"TOUT",720,718
"SO2",2024,10,"TOUT",744,742
"SO2",2024,11,"TOUT",720,719
"SO2",2024,12,"TOUT",744,743
"SO2",2024,1,"WSR",744,744
"SO2",2024,2,"WSR",696,694
"SO2",2024,3,"WSR",744,742
"SO2",2024,4,"WSR",720,717
"SO2",2024,5,"WSR",744,741
"SO2",2024,6,"WSR",720,707
"SO2",2024,7,"WSR",744,743
"SO2",2024,8,"WSR",744,742
"SO2",2024,9,"WSR",720,717
"SO2",2024,10,"WSR",744,741
"SO2",2024,11,"WSR",720,718
"SO2",2024,12,"WSR",744,743
"SO2",2024,1,"WDR",744,743
"SO2",2024,2,"WDR",696,693
"SO2",2024,3,"WDR",744,741
"SO2",2024,4,"WDR",720,716
"SO2",2024,5,"WDR",744,739
"SO2",2024,6,"WDR",720,707
"SO2",2024,7,"WDR",744,743
"SO2",2024,8,"WDR",744,742
"SO2",2024,9,"WDR",720,716
"SO2",2024,10,"WDR",744,741
"SO2",2024,11,"WDR",720,717
"SO2",2024,12,"WDR",744,741
"SUR",2024,1,"CO",744,744
"SUR",2024,2,"CO",696,695
"SUR",2024,3,"CO",744,505
"SUR",2024,4,"CO",720,518
"SUR",2024,5,"CO",744,252
"SUR",2024,6,"CO",720,564
"SUR",2024,7,"CO",744,737
"SUR",2024,8,"CO",744,739
"SUR",2024,9,"CO",720,718
"SUR",2024,10,"CO",744,742
"SUR",2024,11,"CO",720,719
"SUR",2024,12,"CO",744,733
"SUR",2024,1,"NO",744,738
"SUR",2024,2,"NO",696,668
"SUR",2024,3,"NO",744,743
"SUR",2024,4,"NO",720,687
"SUR",2024,5,"NO",744,707
"SUR",2024,6,"NO",720,698
"SUR",2024,7,"NO",744,706
"SUR",2024,8,"NO",744,657
"SUR",2024,9,"NO",720,572
"SUR",2024,10,"NO",744,723
"SUR",2024,11,"NO",720,706
"SUR",2024,12,"NO",744,718
"SUR",2024,1,"NO2",744,744
"SUR",2024,2,"NO2",696,695
"SUR",2024,3,"NO2",744,743
"SUR",2024,4,"NO2",720,715
"SUR",2024,5,"NO2",744,721
"SUR",2024,6,"NO2",720,699
"SUR",2024,7,"NO2",744,734
"SUR",2024,8,"NO2",744,660
"SUR",2024,9,"NO2",720,532
"SUR",2024,10,"NO2",744,742
"SUR",2024,11,"NO2",720,719
"SUR",2024,12,"NO2",744,718
"SUR",2024,1,"NOX",744,744
"SUR",2024,2,"NOX",696,695
"SUR",2024,3,"NOX",744,743
"SUR",2024,4,"NOX",720,715
"SUR",2024,5,"NOX",744,720
"SUR",2024,6,"NOX",720,699
"SUR",2024,7,"NOX",744,733
"SUR",2024,8,"NOX",744,660
"SUR",2024,9,"NOX",720,617
"SUR",2024,10,"NOX",744,742
"SUR",2024,11,"NOX",720,719
"SUR",2024,12,"NOX",744,718
"SUR",2024,1,"O3",744,740
"SUR",2024,2,"O3",696,694
"SUR",2024,3,"O3",744,742
"SUR",2024,4,"O3",720,717
"SUR",2024,5,"O3",744,743
"SUR",2024,6,"O3",720,715
"SUR",2024,7,"O3",744,737
"SUR",2024,8,"O3",744,737
"SUR",2024,9,"O3",720,718
"SUR",2024,10,"O3",744,742
"SUR",2024,11,"O3",720,720
"SUR",2024,12,"O3",744,698
"SUR",2024,1,"PM10",744,743
"SUR",2024,2,"PM10",696,692
"SUR",2024,3,"PM10",744,739
"SUR",2024,4,"PM10",720,714
"SUR",2024,5,"PM10",744,682
"SUR",2024,6,"PM10",720,717
"SUR",2024,7,"PM10",744,717
"SUR",2024,8,"PM10",744,738
"SUR",2024,9,"PM10",720,716
"SUR",2024,10,"PM10",744,740
"SUR",2024,11,"PM10",720,716
"SUR",2024,12,"PM10",744,733
"SUR",2024,1,"PM2.5",744,426
"SUR",2024,2,"PM2.5",696,595
"SUR",2024,3,"PM2.5",744,657
"SUR",2024,4,"PM2.5",720,502
"SUR",2024,5,"PM2.5",744,218
"SUR",2024,6,"PM2.5",720,544
"SUR",2024,7,"PM2.5",744,652
"SUR",2024,8,"PM2.5",744,677
"SUR",2024,9,"PM2.5",720,639
"SUR",2024,10,"PM2.5",744,704
"SUR",2024,11,"PM2.5",720,706
"SUR",2024,12,"PM2.5",744,699
"SUR",2024,1,"PRS",744,744
"SUR",2024,2,"PRS",696,695
"SUR",2024,3,"PRS",744,743
"SUR",2024,4,"PRS",720,621
"SUR",2024,5,"PRS",744,743
"SUR",2024,6,"PRS",720,719
"SUR",2024,7,"PRS",744,697
"SUR",2024,8,"PRS",744,714
"SUR",2024,9,"PRS",720,718
"SUR",2024,10,"PRS",744,742
"SUR",2024,11,"PRS",720,719
"SUR",2024,12,"PRS",744,331
"SUR",2024,1,"RAINF",744,744
"SUR",2024,2,"RAINF",696,695
"SUR",2024,3,"RAINF",744,743
"SUR",2024,4,"RAINF",720,717
"SUR",2024,5,"RAINF",744,743
"SUR",2024,6,"RAINF",720,719
"SUR",2024,7,"RAINF",744,737
"SUR",2024,8,"RAINF",744,740
"SUR",2024,9,"RAINF",720,718
"SUR",2024,10,"RAINF",744,742
"SUR",2024,11,"RAINF",720,719
"SUR",2024,12,"RAINF",744,734
"SUR",2024,1,"RH",744,744
"SUR",2024,2,"RH",696,695
"SUR",2024,3,"RH",744,742
"SUR",2024,4,"RH",720,707
"SUR",2024,5,"RH",744,743
"SUR",2024,6,"RH",720,719
"SUR",2024,7,"RH",744,737
"SUR",2024,8,"RH",744,714
"SUR",2024,9,"RH",720,718
"SUR",2024,10,"RH",744,742
"SUR",2024,11,"RH",720,719
"SUR",2024,12,"RH",744,319
"SUR",2024,1,"SO2",744,744
"SUR",2024,2,"SO2",696,695
"SUR",2024,3,"SO2",744,743
"SUR",2024,4,"SO2",720,717
"SUR",2024,5,"SO2",744,743
"SUR",2024,6,"SO2",720,718
"SUR",2024,7,"SO2",744,725
"SUR",2024,8,"SO2",744,739
"SUR",2024,9,"SO2",720,718
"SUR",2024,10,"SO2",744,742
"SUR",2024,11,"SO2",720,719
"SUR",2024,12,"SO2",744,730
"SUR",2024,1,"SR",744,744
"SUR",2024,2,"SR",696,696
"SUR",2024,3,"SR",744,743
"SUR",2024,4,"SR",720,718
"SUR",2024,5,"SR",744,744
"SUR",2024,6,"SR",720,720
"SUR",2024,7,"SR",744,744
"SUR",2024,8,"SR",744,742
"SUR",2024,9,"SR",720,719
"SUR",2024,10,"SR",744,744
"SUR",2024,11,"SR",720,719
"SUR",2024,12,"SR",744,709
"SUR",2024,1,"TOUT",744,744
"SUR",2024,2,"TOUT",696,695
"SUR",2024,3,"TOUT",744,743
"SUR",2024,4,"TOUT",720,657
"SUR",2024,5,"TOUT",744,743
"SUR",2024,6,"TOUT",720,719
"SUR",2024,7,"TOUT",744,717
"SUR",2024,8,"TOUT",744,714
"SUR",2024,9,"TOUT",720,718
"SUR",2024,10,"TOUT",744,742
"SUR",2024,11,"TOUT",720,718
"SUR",2024,12,"TOUT",744,321
"SUR",2024,1,"WSR",744,744
"SUR",2024,2,"WSR",696,695
"SUR",2024,3,"WSR",744,743
"SUR",2024,4,"WSR",720,717
"SUR",2024,5,"WSR",744,743
"SUR",2024,6,"WSR",720,719
"SUR",2024,7,"WSR",744,737
"SUR",2024,8,"WSR",744,740
"SUR",2024,9,"WSR",720,718
"SUR",2024,10,"WSR",744,741
"SUR",2024,11,"WSR",720,718
"SUR",2024,12,"WSR",744,728
"SUR",2024,1,"WDR",744,744
"SUR",2024,2,"WDR",696,692
"SUR",2024,3,"WDR",744,743
"SUR",2024,4,"WDR",720,717
"SUR",2024,5,"WDR",744,743
"SUR",2024,6,"WDR",720,719
"SUR",2024,7,"WDR",744,737
"SUR",2024,8,"WDR",744,740
"SUR",2024,9,"WDR",720,716
"SUR",2024,10,"WDR",744,741
"SUR",2024,11,"WDR",720,717
"SUR",2024,12,"WDR",744,732
"CE",2025,1,"CO",744,742
"CE",2025,2,"CO",672,604
"CE",2025,3,"CO",744,702
"CE",2025,4,"CO",720,720
"CE",2025,5,"CO",744,744
"CE",2025,6,"CO",720,713
"CE",2025,7,"CO",744,601
"CE",2025,8,"CO",744,564
"CE",2025,9,"CO",720,382
"CE",2025,10,"CO",744,532
"CE",2025,11,"CO",720,221
"CE",2025,12,"CO",744,523
"CE",2025,1,"NO",744,738
"CE",2025,2,"NO",672,666
"CE",2025,3,"NO",744,690
"CE",2025,4,"NO",720,694
"CE",2025,5,"NO",744,328
"CE",2025,6,"NO",720,545
"CE",2025,7,"NO",744,696
"CE",2025,8,"NO",744,628
"CE",2025,9,"NO",720,664
"CE",2025,10,"NO",744,687
"CE",2025,11,"NO",720,693
"CE",2025,12,"NO",744,730
"CE",2025,1,"NO2",744,742
"CE",2025,2,"NO2",672,670
"CE",2025,3,"NO2",744,702
"CE",2025,4,"NO2",720,720
"CE",2025,5,"NO2",744,682
"CE",2025,6,"NO2",720,628
"CE",2025,7,"NO2",744,718
"CE",2025,8,"NO2",744,646
"CE",2025,9,"NO2",720,707
"CE",2025,10,"NO2",744,742
"CE",2025,11,"NO2",720,714
"CE",2025,12,"NO2",744,734
"CE",2025,1,"NOX",744,742
"CE",2025,2,"NOX",672,670
"CE",2025,3,"NOX",744,702
"CE",2025,4,"NOX",720,720
"CE",2025,5,"NOX",744,682
"CE",2025,6,"NOX",720,628
"CE",2025,7,"NOX",744,717
"CE",2025,8,"NOX",744,646
"CE",2025,9,"NOX",720,709
"CE",2025,10,"NOX",744,742
"CE",2025,11,"NOX",720,714
"CE",2025,12,"NOX",744,733
"CE",2025,1,"O3",744,679
"CE",2025,2,"O3",672,639
"CE",2025,3,"O3",744,702
"CE",2025,4,"O3",720,720
"CE",2025,5,"O3",744,744
"CE",2025,6,"O3",720,714
"CE",2025,7,"O3",744,728
"CE",2025,8,"O3",744,728
"CE",2025,9,"O3",720,714
"CE",2025,10,"O3",744,731
"CE",2025,11,"O3",720,696
"CE",2025,12,"O3",744,668
"CE",2025,1,"PM10",744,732
"CE",2025,2,"PM10",672,664
"CE",2025,3,"PM10",744,677
"CE",2025,4,"PM10",720,720
"CE",2025,5,"PM10",744,743
"CE",2025,6,"PM10",720,712
"CE",2025,7,"PM10",744,739
"CE",2025,8,"PM10",744,725
"CE",2025,9,"PM10",720,712
"CE",2025,10,"PM10",744,741
"CE",2025,11,"PM10",720,713
"CE",2025,12,"PM10",744,739
"CE",2025,1,"PM2.5",744,643
"CE",2025,2,"PM2.5",672,579
"CE",2025,3,"PM2.5",744,633
"CE",2025,4,"PM2.5",720,606
"CE",2025,5,"PM2.5",744,709
"CE",2025,6,"PM2.5",720,705
"CE",2025,7,"PM2.5",744,505
"CE",2025,8,"PM2.5",744,479
"CE",2025,9,"PM2.5",720,664
"CE",2025,10,"PM2.5",744,729
"CE",2025,11,"PM2.5",720,580
"CE",2025,12,"PM2.5",744,711
"CE",2025,1,"PRS",744,741
"CE",2025,2,"PRS",672,669
"CE",2025,3,"PRS",744,702
"CE",2025,4,"PRS",720,720
"CE",2025,5,"PRS",744,744
"CE",2025,6,"PRS",720,716
"CE",2025,7,"PRS",744,722
"CE",2025,8,"PRS",744,653
"CE",2025,9,"PRS",720,707
"CE",2025,10,"PRS",744,741
"CE",2025,11,"PRS",720,712
"CE",2025,12,"PRS",744,734
"CE",2025,1,"RAINF",744,740
"CE",2025,2,"RAINF",672,670
"CE",2025,3,"RAINF",744,702
"CE",2025,4,"RAINF",720,720
"CE",2025,5,"RAINF",744,744
"CE",2025,6,"RAINF",720,716
"CE",2025,7,"RAINF",744,723
"CE",2025,8,"RAINF",744,654
"CE",2025,9,"RAINF",720,709
"CE",2025,10,"RAINF",744,742
"CE",2025,11,"RAINF",720,714
"CE",2025,12,"RAINF",744,734
"CE",2025,1,"RH",744,709
"CE",2025,2,"RH",672,667
"CE",2025,3,"RH",744,702
"CE",2025,4,"RH",720,720
"CE",2025,5,"RH",744,744
"CE",2025,6,"RH",720,716
"CE",2025,7,"RH",744,723
"CE",2025,8,"RH",744,654
"CE",2025,9,"RH",720,709
"CE",2025,10,"RH",744,742
"CE",2025,11,"RH",720,709
"CE",2025,12,"RH",744,723
"CE",2025,1,"SO2",744,742
"CE",2025,2,"SO2",672,670
"CE",2025,3,"SO2",744,702
"CE",2025,4,"SO2",720,708
"CE",2025,5,"SO2",744,725
"CE",2025,6,"SO2",720,716
"CE",2025,7,"SO2",744,698
"CE",2025,8,"SO2",744,643
"CE",2025,9,"SO2",720,708
"CE",2025,10,"SO2",744,741
"CE",2025,11,"SO2",720,713
"CE",2025,12,"SO2",744,734
"CE",2025,1,"SR",744,743
"CE",2025,2,"SR",672,670
"CE",2025,3,"SR",744,739
"CE",2025,4,"SR",720,720
"CE",2025,5,"SR",744,742
"CE",2025,6,"SR",720,716
"CE",2025,7,"SR",744,742
"CE",2025,8,"SR",744,740
"CE",2025,9,"SR",720,716
"CE",2025,10,"SR",744,741
"CE",2025,11,"SR",720,720
"CE",2025,12,"SR",744,744
"CE",2025,1,"TOUT",744,742
"CE",2025,2,"TOUT",672,670
"CE",2025,3,"TOUT",744,702
"CE",2025,4,"TOUT",720,720
"CE",2025,5,"TOUT",744,743
"CE",2025,6,"TOUT",720,716
"CE",2025,7,"TOUT",744,722
"CE",2025,8,"TOUT",744,654
"CE",2025,9,"TOUT",720,709
"CE",2025,10,"TOUT",744,741
"CE",2025,11,"TOUT",720,714
"CE",2025,12,"TOUT",744,734
"CE",2025,1,"WSR",744,730
"CE",2025,2,"WSR",672,666
"CE",2025,3,"WSR",744,688
"CE",2025,4,"WSR",720,720
"CE",2025,5,"WSR",744,740
"CE",2025,6,"WSR",720,716
"CE",2025,7,"WSR",744,720
"CE",2025,8,"WSR",744,654
"CE",2025,9,"WSR",720,705
"CE",2025,10,"WSR",744,738
"CE",2025,11,"WSR",720,710
"CE",2025,12,"WSR",744,721
"CE",2025,1,"WDR",744,740
"CE",2025,2,"WDR",672,670
"CE",2025,3,"WDR",744,703
"CE",2025,4,"WDR",720,720
"CE",2025,5,"WDR",744,744
"CE",2025,6,"WDR",720,716
"CE",2025,7,"WDR",744,723
"CE",2025,8,"WDR",744,653
"CE",2025,9,"WDR",720,707
"CE",2025,10,"WDR",744,742
"CE",2025,11,"WDR",720,714
"CE",2025,12,"WDR",744,734
"NE",2025,1,"CO",744,744
"NE",2025,2,"CO",672,671
"NE",2025,3,"CO",744,727
"NE",2025,4,"CO",720,698
"NE",2025,5,"CO",744,720
"NE",2025,6,"CO",720,269
"NE",2025,7,"CO",744,535
"NE",2025,8,"CO",744,689
"NE",2025,9,"CO",720,682
"NE",2025,10,"CO",744,728
"NE",2025,11,"CO",720,696
"NE",2025,12,"CO",744,729
"NE",2025,1,"NO",744,737
"NE",2025,2,"NO",672,667
"NE",2025,3,"NO",744,727
"NE",2025,4,"NO",720,691
"NE",2025,5,"NO",744,700
"NE",2025,6,"NO",720,182
"NE",2025,7,"NO",744,444
"NE",2025,8,"NO",744,688
"NE",2025,9,"NO",720,677
"NE",2025,10,"NO",744,722
"NE",2025,11,"NO",720,643
"NE",2025,12,"NO",744,721
"NE",2025,1,"NO2",744,742
"NE",2025,2,"NO2",672,671
"NE",2025,3,"NO2",744,727
"NE",2025,4,"NO2",720,694
"NE",2025,5,"NO2",744,709
"NE",2025,6,"NO2",720,182
"NE",2025,7,"NO2",744,448
"NE",2025,8,"NO2",744,689
"NE",2025,9,"NO2",720,681
"NE",2025,10,"NO2",744,726
"NE",2025,11,"NO2",720,645
"NE",2025,12,"NO2",744,729
"NE",2025,1,"NOX",744,742
"NE",2025,2,"NOX",672,670
"NE",2025,3,"NOX",744,726
"NE",2025,4,"NOX",720,694
"NE",2025,5,"NOX",744,709
"NE",2025,6,"NOX",720,182
"NE",2025,7,"NOX",744,448
"NE",2025,8,"NOX",744,688
"NE",2025,9,"NOX",720,681
"NE",2025,10,"NOX",744,726
"NE",2025,11,"NOX",720,645
"NE",2025,12,"NOX",744,729
"NE",2025,1,"O3",744,729
"NE",2025,2,"O3",672,649
"NE",2025,3,"O3",744,722
"NE",2025,4,"O3",720,697
"NE",2025,5,"O3",744,708
"NE",2025,6,"O3",720,438
"NE",2025,7,"O3",744,448
"NE",2025,8,"O3",744,697
"NE",2025,9,"O3",720,707
"NE",2025,10,"O3",744,743
"NE",2025,11,"O3",720,658
"NE",2025,12,"O3",744,679
"NE",2025,1,"PM10",744,722
"NE",2025,2,"PM10",672,642
"NE",2025,3,"PM10",744,734
"NE",2025,4,"PM10",720,695
"NE",2025,5,"PM10",744,709
"NE",2025,6,"PM10",720,689
"NE",2025,7,"PM10",744,735
"NE",2025,8,"PM10",744,631
"NE",2025,9,"PM10",720,698
"NE",2025,10,"PM10",744,737
"NE",2025,11,"PM10",720,633
"NE",2025,12,"PM10",744,741
"NE",2025,1,"PM2.5",744,733
"NE",2025,2,"PM2.5",672,564
"NE",2025,3,"PM2.5",744,727
"NE",2025,4,"PM2.5",720,692
"NE",2025,5,"PM2.5",744,710
"NE",2025,6,"PM2.5",720,688
"NE",2025,7,"PM2.5",744,716
"NE",2025,8,"PM2.5",744,617
"NE",2025,9,"PM2.5",720,698
"NE",2025,10,"PM2.5",744,733
"NE",2025,11,"PM2.5",720,648
"NE",2025,12,"PM2.5",744,638
"NE",2025,1,"PRS",744,743
"NE",2025,2,"PRS",672,669
"NE",2025,3,"PRS",744,725
"NE",2025,4,"PRS",720,688
"NE",2025,5,"PRS",744,734
"NE",2025,6,"PRS",720,700
"NE",2025,7,"PRS",744,738
"NE",2025,8,"PRS",744,686
"NE",2025,9,"PRS",720,681
"NE",2025,10,"PRS",744,728
"NE",2025,11,"PRS",720,696
"NE",2025,12,"PRS",744,729
"NE",2025,1,"RAINF",744,743
"NE",2025,2,"RAINF",672,671
"NE",2025,3,"RAINF",744,727
"NE",2025,4,"RAINF",720,690
"NE",2025,5,"RAINF",744,735
"NE",2025,6,"RAINF",720,701
"NE",2025,7,"RAINF",744,740
"NE",2025,8,"RAINF",744,689
"NE",2025,9,"RAINF",720,682
"NE",2025,10,"RAINF",744,728
"NE",2025,11,"RAINF",720,696
"NE",2025,12,"RAINF",744,729
"NE",2025,1,"RH",744,736
"NE",2025,2,"RH",672,669
"NE",2025,3,"RH",744,721
"NE",2025,4,"RH",720,689
"NE",2025,5,"RH",744,735
"NE",2025,6,"RH",720,701
"NE",2025,7,"RH",744,740
"NE",2025,8,"RH",744,689
"NE",2025,9,"RH",720,680
"NE",2025,10,"RH",744,726
"NE",2025,11,"RH",720,694
"NE",2025,12,"RH",744,710
"NE",2025,1,"SO2",744,744
"NE",2025,2,"SO2",672,671
"NE",2025,3,"SO2",744,726
"NE",2025,4,"SO2",720,689
"NE",2025,5,"SO2",744,732
"NE",2025,6,"SO2",720,412
"NE",2025,7,"SO2",744,462
"NE",2025,8,"SO2",744,683
"NE",2025,9,"SO2",720,677
"NE",2025,10,"SO2",744,727
"NE",2025,11,"SO2",720,693
"NE",2025,12,"SO2",744,729
"NE",2025,1,"SR",744,739
"NE",2025,2,"SR",672,671
"NE",2025,3,"SR",744,726
"NE",2025,4,"SR",720,690
"NE",2025,5,"SR",744,738
"NE",2025,6,"SR",720,709
"NE",2025,7,"SR",744,742
"NE",2025,8,"SR",744,703
"NE",2025,9,"SR",720,693
"NE",2025,10,"SR",744,740
"NE",2025,11,"SR",720,706
"NE",2025,12,"SR",744,741
"NE",2025,1,"TOUT",744,1
"NE",2025,2,"TOUT",672,1
"NE",2025,3,"TOUT",744,17
"NE",2025,4,"TOUT",720,1
"NE",2025,5,"TOUT",744,1
"NE",2025,6,"TOUT",720,0
"NE",2025,7,"TOUT",744,392
"NE",2025,8,"TOUT",744,198
"NE",2025,9,"TOUT",720,35
"NE",2025,10,"TOUT",744,0
"NE",2025,11,"TOUT",720,0
"NE",2025,12,"TOUT",744,0
"NE",2025,1,"WSR",744,737
"NE",2025,2,"WSR",672,670
"NE",2025,3,"WSR",744,726
"NE",2025,4,"WSR",720,690
"NE",2025,5,"WSR",744,735
"NE",2025,6,"WSR",720,701
"NE",2025,7,"WSR",744,740
"NE",2025,8,"WSR",744,689
"NE",2025,9,"WSR",720,680
"NE",2025,10,"WSR",744,711
"NE",2025,11,"WSR",720,660
"NE",2025,12,"WSR",744,693
"NE",2025,1,"WDR",744,743
"NE",2025,2,"WDR",672,670
"NE",2025,3,"WDR",744,726
"NE",2025,4,"WDR",720,688
"NE",2025,5,"WDR",744,735
"NE",2025,6,"WDR",720,701
"NE",2025,7,"WDR",744,741
"NE",2025,8,"WDR",744,689
"NE",2025,9,"WDR",720,682
"NE",2025,10,"WDR",744,728
"NE",2025,11,"WDR",720,695
"NE",2025,12,"WDR",744,727
"NE2",2025,1,"CO",744,737
"NE2",2025,2,"CO",672,590
"NE2",2025,3,"CO",744,0
"NE2",2025,4,"CO",720,511
"NE2",2025,5,"CO",744,588
"NE2",2025,6,"CO",720,388
"NE2",2025,7,"CO",744,331
"NE2",2025,8,"CO",744,684
"NE2",2025,9,"CO",720,705
"NE2",2025,10,"CO",744,727
"NE2",2025,11,"CO",720,687
"NE2",2025,12,"CO",744,686
"NE2",2025,1,"NO",744,701
"NE2",2025,2,"NO",672,613
"NE2",2025,3,"NO",744,720
"NE2",2025,4,"NO",720,0
"NE2",2025,5,"NO",744,0
"NE2",2025,6,"NO",720,0
"NE2",2025,7,"NO",744,0
"NE2",2025,8,"NO",744,279
"NE2",2025,9,"NO",720,712
"NE2",2025,10,"NO",744,726
"NE2",2025,11,"NO",720,708
"NE2",2025,12,"NO",744,695
"NE2",2025,1,"NO2",744,701
"NE2",2025,2,"NO2",672,613
"NE2",2025,3,"NO2",744,720
"NE2",2025,4,"NO2",720,0
"NE2",2025,5,"NO2",744,0
"NE2",2025,6,"NO2",720,0
"NE2",2025,7,"NO2",744,0
"NE2",2025,8,"NO2",744,300
"NE2",2025,9,"NO2",720,714
"NE2",2025,10,"NO2",744,727
"NE2",2025,11,"NO2",720,710
"NE2",2025,12,"NO2",744,696
"NE2",2025,1,"NOX",744,700
"NE2",2025,2,"NOX",672,613
"NE2",2025,3,"NOX",744,720
"NE2",2025,4,"NOX",720,0
"NE2",2025,5,"NOX",744,0
"NE2",2025,6,"NOX",720,0
"NE2",2025,7,"NOX",744,0
"NE2",2025,8,"NOX",744,337
"NE2",2025,9,"NOX",720,712
"NE2",2025,10,"NOX",744,727
"NE2",2025,11,"NOX",720,710
"NE2",2025,12,"NOX",744,696
"NE2",2025,1,"O3",744,708
"NE2",2025,2,"O3",672,590
"NE2",2025,3,"O3",744,709
"NE2",2025,4,"O3",720,711
"NE2",2025,5,"O3",744,727
"NE2",2025,6,"O3",720,516
"NE2",2025,7,"O3",744,725
"NE2",2025,8,"O3",744,698
"NE2",2025,9,"O3",720,714
"NE2",2025,10,"O3",744,739
"NE2",2025,11,"O3",720,700
"NE2",2025,12,"O3",744,697
"NE2",2025,1,"PM10",744,675
"NE2",2025,2,"PM10",672,612
"NE2",2025,3,"PM10",744,708
"NE2",2025,4,"PM10",720,690
"NE2",2025,5,"PM10",744,656
"NE2",2025,6,"PM10",720,712
"NE2",2025,7,"PM10",744,731
"NE2",2025,8,"PM10",744,717
"NE2",2025,9,"PM10",720,712
"NE2",2025,10,"PM10",744,741
"NE2",2025,11,"PM10",720,672
"NE2",2025,12,"PM10",744,739
"NE2",2025,1,"PM2.5",744,0
"NE2",2025,2,"PM2.5",672,0
"NE2",2025,3,"PM2.5",744,0
"NE2",2025,4,"PM2.5",720,0
"NE2",2025,5,"PM2.5",744,0
"NE2",2025,6,"PM2.5",720,0
"NE2",2025,7,"PM2.5",744,0
"NE2",2025,8,"PM2.5",744,0
"NE2",2025,9,"PM2.5",720,0
"NE2",2025,10,"PM2.5",744,6
"NE2",2025,11,"PM2.5",720,0
"NE2",2025,12,"PM2.5",744,358
"NE2",2025,1,"PRS",744,737
"NE2",2025,2,"PRS",672,613
"NE2",2025,3,"PRS",744,713
"NE2",2025,4,"PRS",720,698
"NE2",2025,5,"PRS",744,744
"NE2",2025,6,"PRS",720,715
"NE2",2025,7,"PRS",744,727
"NE2",2025,8,"PRS",744,725
"NE2",2025,9,"PRS",720,716
"NE2",2025,10,"PRS",744,727
"NE2",2025,11,"PRS",720,718
"NE2",2025,12,"PRS",744,697
"NE2",2025,1,"RAINF",744,737
"NE2",2025,2,"RAINF",672,605
"NE2",2025,3,"RAINF",744,739
"NE2",2025,4,"RAINF",720,715
"NE2",2025,5,"RAINF",744,744
"NE2",2025,6,"RAINF",720,716
"NE2",2025,7,"RAINF",744,728
"NE2",2025,8,"RAINF",744,739
"NE2",2025,9,"RAINF",720,716
"NE2",2025,10,"RAINF",744,727
"NE2",2025,11,"RAINF",720,718
"NE2",2025,12,"RAINF",744,697
"NE2",2025,1,"RH",744,727
"NE2",2025,2,"RH",672,605
"NE2",2025,3,"RH",744,696
"NE2",2025,4,"RH",720,692
"NE2",2025,5,"RH",744,742
"NE2",2025,6,"RH",720,715
"NE2",2025,7,"RH",744,728
"NE2",2025,8,"RH",744,725
"NE2",2025,9,"RH",720,716
"NE2",2025,10,"RH",744,727
"NE2",2025,11,"RH",720,718
"NE2",2025,12,"RH",744,688
"NE2",2025,1,"SO2",744,737
"NE2",2025,2,"SO2",672,613
"NE2",2025,3,"SO2",744,720
"NE2",2025,4,"SO2",720,715
"NE2",2025,5,"SO2",744,739
"NE2",2025,6,"SO2",720,716
"NE2",2025,7,"SO2",744,727
"NE2",2025,8,"SO2",744,734
"NE2",2025,9,"SO2",720,716
"NE2",2025,10,"SO2",744,726
"NE2",2025,11,"SO2",720,708
"NE2",2025,12,"SO2",744,697
"NE2",2025,1,"SR",744,743
"NE2",2025,2,"SR",672,645
"NE2",2025,3,"SR",744,739
"NE2",2025,4,"SR",720,718
"NE2",2025,5,"SR",744,743
"NE2",2025,6,"SR",720,719
"NE2",2025,7,"SR",744,731
"NE2",2025,8,"SR",744,744
"NE2",2025,9,"SR",720,719
"NE2",2025,10,"SR",744,742
"NE2",2025,11,"SR",720,720
"NE2",2025,12,"SR",744,744
"NE2",2025,1,"TOUT",744,737
"NE2",2025,2,"TOUT",672,605
"NE2",2025,3,"TOUT",744,722
"NE2",2025,4,"TOUT",720,698
"NE2",2025,5,"TOUT",744,744
"NE2",2025,6,"TOUT",720,716
"NE2",2025,7,"TOUT",744,727
"NE2",2025,8,"TOUT",744,727
"NE2",2025,9,"TOUT",720,716
"NE2",2025,10,"TOUT",744,727
"NE2",2025,11,"TOUT",720,718
"NE2",2025,12,"TOUT",744,697
"NE2",2025,1,"WSR",744,737
"NE2",2025,2,"WSR",672,604
"NE2",2025,3,"WSR",744,724
"NE2",2025,4,"WSR",720,698
"NE2",2025,5,"WSR",744,744
"NE2",2025,6,"WSR",720,715
"NE2",2025,7,"WSR",744,704
"NE2",2025,8,"WSR",744,725
"NE2",2025,9,"WSR",720,716
"NE2",2025,10,"WSR",744,727
"NE2",2025,11,"WSR",720,718
"NE2",2025,12,"WSR",744,697
"NE2",2025,1,"WDR",744,737
"NE2",2025,2,"WDR",672,605
"NE2",2025,3,"WDR",744,723
"NE2",2025,4,"WDR",720,697
"NE2",2025,5,"WDR",744,744
"NE2",2025,6,"WDR",720,715
"NE2",2025,7,"WDR",744,706
"NE2",2025,8,"WDR",744,725
"NE2",2025,9,"WDR",720,449
"NE2",2025,10,"WDR",744,727
"NE2",2025,11,"WDR",720,715
"NE2",2025,12,"WDR",744,697
"NE3",2025,1,"CO",744,701
"NE3",2025,2,"CO",672,611
"NE3",2025,3,"CO",744,705
"NE3",2025,4,"CO",720,698
"NE3",2025,5,"CO",744,742
"NE3",2025,6,"CO",720,276
"NE3",2025,7,"CO",744,696
"NE3",2025,8,"CO",744,724
"NE3",2025,9,"CO",720,695
"NE3",2025,10,"CO",744,717
"NE3",2025,11,"CO",720,0
"NE3",2025,12,"CO",744,0
"NE3",2025,1,"NO",744,694
"NE3",2025,2,"NO",672,605
"NE3",2025,3,"NO",744,695
"NE3",2025,4,"NO",720,676
"NE3",2025,5,"NO",744,725
"NE3",2025,6,"NO",720,191
"NE3",2025,7,"NO",744,8
"NE3",2025,8,"NO",744,717
"NE3",2025,9,"NO",720,691
"NE3",2025,10,"NO",744,725
"NE3",2025,11,"NO",720,707
"NE3",2025,12,"NO",744,732
"NE3",2025,1,"NO2",744,700
"NE3",2025,2,"NO2",672,606
"NE3",2025,3,"NO2",744,703
"NE3",2025,4,"NO2",720,693
"NE3",2025,5,"NO2",744,741
"NE3",2025,6,"NO2",720,199
"NE3",2025,7,"NO2",744,8
"NE3",2025,8,"NO2",744,723
"NE3",2025,9,"NO2",720,695
"NE3",2025,10,"NO2",744,729
"NE3",2025,11,"NO2",720,716
"NE3",2025,12,"NO2",744,736
"NE3",2025,1,"NOX",744,700
"NE3",2025,2,"NOX",672,606
"NE3",2025,3,"NOX",744,703
"NE3",2025,4,"NOX",720,691
"NE3",2025,5,"NOX",744,740
"NE3",2025,6,"NOX",720,199
"NE3",2025,7,"NOX",744,8
"NE3",2025,8,"NOX",744,722
"NE3",2025,9,"NOX",720,693
"NE3",2025,10,"NOX",744,727
"NE3",2025,11,"NOX",720,716
"NE3",2025,12,"NOX",744,736
"NE3",2025,1,"O3",744,701
"NE3",2025,2,"O3",672,296
"NE3",2025,3,"O3",744,656
"NE3",2025,4,"O3",720,698
"NE3",2025,5,"O3",744,742
"NE3",2025,6,"O3",720,692
"NE3",2025,7,"O3",744,724
"NE3",2025,8,"O3",744,721
"NE3",2025,9,"O3",720,693
"NE3",2025,10,"O3",744,729
"NE3",2025,11,"O3",720,715
"NE3",2025,12,"O3",744,728
"NE3",2025,1,"PM10",744,700
"NE3",2025,2,"PM10",672,607
"NE3",2025,3,"PM10",744,694
"NE3",2025,4,"PM10",720,695
"NE3",2025,5,"PM10",744,725
"NE3",2025,6,"PM10",720,544
"NE3",2025,7,"PM10",744,724
"NE3",2025,8,"PM10",744,721
"NE3",2025,9,"PM10",720,691
"NE3",2025,10,"PM10",744,729
"NE3",2025,11,"PM10",720,675
"NE3",2025,12,"PM10",744,739
"NE3",2025,1,"PM2.5",744,0
"NE3",2025,2,"PM2.5",672,0
"NE3",2025,3,"PM2.5",744,0
"NE3",2025,4,"PM2.5",720,0
"NE3",2025,5,"PM2.5",744,0
"NE3",2025,6,"PM2.5",720,0
"NE3",2025,7,"PM2.5",744,0
"NE3",2025,8,"PM2.5",744,0
"NE3",2025,9,"PM2.5",720,156
"NE3",2025,10,"PM2.5",744,684
"NE3",2025,11,"PM2.5",720,683
"NE3",2025,12,"PM2.5",744,684
"NE3",2025,1,"PRS",744,630
"NE3",2025,2,"PRS",672,594
"NE3",2025,3,"PRS",744,699
"NE3",2025,4,"PRS",720,696
"NE3",2025,5,"PRS",744,742
"NE3",2025,6,"PRS",720,692
"NE3",2025,7,"PRS",744,724
"NE3",2025,8,"PRS",744,721
"NE3",2025,9,"PRS",720,693
"NE3",2025,10,"PRS",744,725
"NE3",2025,11,"PRS",720,689
"NE3",2025,12,"PRS",744,695
"NE3",2025,1,"RAINF",744,699
"NE3",2025,2,"RAINF",672,598
"NE3",2025,3,"RAINF",744,701
"NE3",2025,4,"RAINF",720,697
"NE3",2025,5,"RAINF",744,742
"NE3",2025,6,"RAINF",720,681
"NE3",2025,7,"RAINF",744,727
"NE3",2025,8,"RAINF",744,721
"NE3",2025,9,"RAINF",720,693
"NE3",2025,10,"RAINF",744,729
"NE3",2025,11,"RAINF",720,716
"NE3",2025,12,"RAINF",744,737
"NE3",2025,1,"RH",744,691
"NE3",2025,2,"RH",672,599
"NE3",2025,3,"RH",744,698
"NE3",2025,4,"RH",720,698
"NE3",2025,5,"RH",744,743
"NE3",2025,6,"RH",720,692
"NE3",2025,7,"RH",744,727
"NE3",2025,8,"RH",744,724
"NE3",2025,9,"RH",720,692
"NE3",2025,10,"RH",744,730
"NE3",2025,11,"RH",720,716
"NE3",2025,12,"RH",744,728
"NE3",2025,1,"SO2",744,27
"NE3",2025,2,"SO2",672,64
"NE3",2025,3,"SO2",744,188
"NE3",2025,4,"SO2",720,132
"NE3",2025,5,"SO2",744,52
"NE3",2025,6,"SO2",720,70
"NE3",2025,7,"SO2",744,8
"NE3",2025,8,"SO2",744,721
"NE3",2025,9,"SO2",720,693
"NE3",2025,10,"SO2",744,726
"NE3",2025,11,"SO2",720,716
"NE3",2025,12,"SO2",744,737
"NE3",2025,1,"SR",744,690
"NE3",2025,2,"SR",672,557
"NE3",2025,3,"SR",744,541
"NE3",2025,4,"SR",720,580
"NE3",2025,5,"SR",744,722
"NE3",2025,6,"SR",720,666
"NE3",2025,7,"SR",744,741
"NE3",2025,8,"SR",744,679
"NE3",2025,9,"SR",720,701
"NE3",2025,10,"SR",744,677
"NE3",2025,11,"SR",720,697
"NE3",2025,12,"SR",744,702
"NE3",2025,1,"TOUT",744,686
"NE3",2025,2,"TOUT",672,597
"NE3",2025,3,"TOUT",744,700
"NE3",2025,4,"TOUT",720,694
"NE3",2025,5,"TOUT",744,728
"NE3",2025,6,"TOUT",720,678
"NE3",2025,7,"TOUT",744,721
"NE3",2025,8,"TOUT",744,717
"NE3",2025,9,"TOUT",720,689
"NE3",2025,10,"TOUT",744,726
"NE3",2025,11,"TOUT",720,708
"NE3",2025,12,"TOUT",744,731
"NE3",2025,1,"WSR",744,687
"NE3",2025,2,"WSR",672,596
"NE3",2025,3,"WSR",744,694
"NE3",2025,4,"WSR",720,694
"NE3",2025,5,"WSR",744,732
"NE3",2025,6,"WSR",720,676
"NE3",2025,7,"WSR",744,725
"NE3",2025,8,"WSR",744,718
"NE3",2025,9,"WSR",720,659
"NE3",2025,10,"WSR",744,661
"NE3",2025,11,"WSR",720,635
"NE3",2025,12,"WSR",744,697
"NE3",2025,1,"WDR",744,697
"NE3",2025,2,"WDR",672,602
"NE3",2025,3,"WDR",744,701
"NE3",2025,4,"WDR",720,695
"NE3",2025,5,"WDR",744,733
"NE3",2025,6,"WDR",720,678
"NE3",2025,7,"WDR",744,726
"NE3",2025,8,"WDR",744,721
"NE3",2025,9,"WDR",720,692
"NE3",2025,10,"WDR",744,727
"NE3",2025,11,"WDR",720,716
"NE3",2025,12,"WDR",744,737
"NO",2025,1,"CO",744,737
"NO",2025,2,"CO",672,625
"NO",2025,3,"CO",744,614
"NO",2025,4,"CO",720,679
"NO",2025,5,"CO",744,723
"NO",2025,6,"CO",720,715
"NO",2025,7,"CO",744,742
"NO",2025,8,"CO",744,738
"NO",2025,9,"CO",720,695
"NO",2025,10,"CO",744,741
"NO",2025,11,"CO",720,499
"NO",2025,12,"CO",744,668
"NO",2025,1,"NO",744,708
"NO",2025,2,"NO",672,507
"NO",2025,3,"NO",744,567
"NO",2025,4,"NO",720,638
"NO",2025,5,"NO",744,665
"NO",2025,6,"NO",720,654
"NO",2025,7,"NO",744,620
"NO",2025,8,"NO",744,714
"NO",2025,9,"NO",720,675
"NO",2025,10,"NO",744,734
"NO",2025,11,"NO",720,692
"NO",2025,12,"NO",744,333
"NO",2025,1,"NO2",744,714
"NO",2025,2,"NO2",672,451
"NO",2025,3,"NO2",744,544
"NO",2025,4,"NO2",720,676
"NO",2025,5,"NO2",744,720
"NO",2025,6,"NO2",720,711
"NO",2025,7,"NO2",744,727
"NO",2025,8,"NO2",744,733
"NO",2025,9,"NO2",720,695
"NO",2025,10,"NO2",744,740
"NO",2025,11,"NO2",720,692
"NO",2025,12,"NO2",744,379
"NO",2025,1,"NOX",744,714
"NO",2025,2,"NOX",672,485
"NO",2025,3,"NOX",744,574
"NO",2025,4,"NOX",720,676
"NO",2025,5,"NOX",744,720
"NO",2025,6,"NOX",720,713
"NO",2025,7,"NOX",744,731
"NO",2025,8,"NOX",744,732
"NO",2025,9,"NOX",720,695
"NO",2025,10,"NOX",744,741
"NO",2025,11,"NOX",720,692
"NO",2025,12,"NOX",744,62
"NO",2025,1,"O3",744,689
"NO",2025,2,"O3",672,612
"NO",2025,3,"O3",744,663
"NO",2025,4,"O3",720,679
"NO",2025,5,"O3",744,732
"NO",2025,6,"O3",720,713
"NO",2025,7,"O3",744,524
"NO",2025,8,"O3",744,735
"NO",2025,9,"O3",720,714
"NO",2025,10,"O3",744,721
"NO",2025,11,"O3",720,682
"NO",2025,12,"O3",744,644
"NO",2025,1,"PM10",744,726
"NO",2025,2,"PM10",672,640
"NO",2025,3,"PM10",744,715
"NO",2025,4,"PM10",720,717
"NO",2025,5,"PM10",744,728
"NO",2025,6,"PM10",720,705
"NO",2025,7,"PM10",744,740
"NO",2025,8,"PM10",744,734
"NO",2025,9,"PM10",720,710
"NO",2025,10,"PM10",744,737
"NO",2025,11,"PM10",720,715
"NO",2025,12,"PM10",744,732
"NO",2025,1,"PM2.5",744,0
"NO",2025,2,"PM2.5",672,0
"NO",2025,3,"PM2.5",744,0
"NO",2025,4,"PM2.5",720,0
"NO",2025,5,"PM2.5",744,0
"NO",2025,6,"PM2.5",720,0
"NO",2025,7,"PM2.5",744,0
"NO",2025,8,"PM2.5",744,215
"NO",2025,9,"PM2.5",720,82
"NO",2025,10,"PM2.5",744,0
"NO",2025,11,"PM2.5",720,0
"NO",2025,12,"PM2.5",744,0
"NO",2025,1,"PRS",744,722
"NO",2025,2,"PRS",672,628
"NO",2025,3,"PRS",744,685
"NO",2025,4,"PRS",720,719
"NO",2025,5,"PRS",744,723
"NO",2025,6,"PRS",720,712
"NO",2025,7,"PRS",744,743
"NO",2025,8,"PRS",744,741
"NO",2025,9,"PRS",720,695
"NO",2025,10,"PRS",744,740
"NO",2025,11,"PRS",720,715
"NO",2025,12,"PRS",744,728
"NO",2025,1,"RAINF",744,722
"NO",2025,2,"RAINF",672,628
"NO",2025,3,"RAINF",744,684
"NO",2025,4,"RAINF",720,718
"NO",2025,5,"RAINF",744,723
"NO",2025,6,"RAINF",720,710
"NO",2025,7,"RAINF",744,743
"NO",2025,8,"RAINF",744,741
"NO",2025,9,"RAINF",720,695
"NO",2025,10,"RAINF",744,740
"NO",2025,11,"RAINF",720,715
"NO",2025,12,"RAINF",744,728
"NO",2025,1,"RH",744,81
"NO",2025,2,"RH",672,627
"NO",2025,3,"RH",744,682
"NO",2025,4,"RH",720,718
"NO",2025,5,"RH",744,723
"NO",2025,6,"RH",720,709
"NO",2025,7,"RH",744,743
"NO",2025,8,"RH",744,741
"NO",2025,9,"RH",720,695
"NO",2025,10,"RH",744,740
"NO",2025,11,"RH",720,715
"NO",2025,12,"RH",744,728
"NO",2025,1,"SO2",744,723
"NO",2025,2,"SO2",672,628
"NO",2025,3,"SO2",744,628
"NO",2025,4,"SO2",720,680
"NO",2025,5,"SO2",744,723
"NO",2025,6,"SO2",720,712
"NO",2025,7,"SO2",744,742
"NO",2025,8,"SO2",744,737
"NO",2025,9,"SO2",720,691
"NO",2025,10,"SO2",744,739
"NO",2025,11,"SO2",720,648
"NO",2025,12,"SO2",744,601
"NO",2025,1,"SR",744,723
"NO",2025,2,"SR",672,636
"NO",2025,3,"SR",744,695
"NO",2025,4,"SR",720,720
"NO",2025,5,"SR",744,738
"NO",2025,6,"SR",720,717
"NO",2025,7,"SR",744,743
"NO",2025,8,"SR",744,743
"NO",2025,9,"SR",720,717
"NO",2025,10,"SR",744,742
"NO",2025,11,"SR",720,720
"NO",2025,12,"SR",744,738
"NO",2025,1,"TOUT",744,82
"NO",2025,2,"TOUT",672,628
"NO",2025,3,"TOUT",744,694
"NO",2025,4,"TOUT",720,717
"NO",2025,5,"TOUT",744,723
"NO",2025,6,"TOUT",720,712
"NO",2025,7,"TOUT",744,742
"NO",2025,8,"TOUT",744,741
"NO",2025,9,"TOUT",720,695
"NO",2025,10,"TOUT",744,740
"NO",2025,11,"TOUT",720,715
"NO",2025,12,"TOUT",744,728
"NO",2025,1,"WSR",744,723
"NO",2025,2,"WSR",672,628
"NO",2025,3,"WSR",744,696
"NO",2025,4,"WSR",720,718
"NO",2025,5,"WSR",744,723
"NO",2025,6,"WSR",720,709
"NO",2025,7,"WSR",744,742
"NO",2025,8,"WSR",744,741
"NO",2025,9,"WSR",720,695
"NO",2025,10,"WSR",744,740
"NO",2025,11,"WSR",720,714
"NO",2025,12,"WSR",744,728
"NO",2025,1,"WDR",744,721
"NO",2025,2,"WDR",672,635
"NO",2025,3,"WDR",744,683
"NO",2025,4,"WDR",720,717
"NO",2025,5,"WDR",744,721
"NO",2025,6,"WDR",720,710
"NO",2025,7,"WDR",744,743
"NO",2025,8,"WDR",744,741
"NO",2025,9,"WDR",720,694
"NO",2025,10,"WDR",744,740
"NO",2025,11,"WDR",720,715
"NO",2025,12,"WDR",744,728
"NO2",2025,1,"CO",744,742
"NO2",2025,2,"CO",672,661
"NO2",2025,3,"CO",744,732
"NO2",2025,4,"CO",720,706
"NO2",2025,5,"CO",744,740
"NO2",2025,6,"CO",720,500
"NO2",2025,7,"CO",744,733
"NO2",2025,8,"CO",744,739
"NO2",2025,9,"CO",720,716
"NO2",2025,10,"CO",744,741
"NO2",2025,11,"CO",720,711
"NO2",2025,12,"CO",744,743
"NO2",2025,1,"NO",744,739
"NO2",2025,2,"NO",672,660
"NO2",2025,3,"NO",744,47
"NO2",2025,4,"NO",720,0
"NO2",2025,5,"NO",744,0
"NO2",2025,6,"NO",720,259
"NO2",2025,7,"NO",744,726
"NO2",2025,8,"NO",744,727
"NO2",2025,9,"NO",720,699
"NO2",2025,10,"NO",744,719
"NO2",2025,11,"NO",720,706
"NO2",2025,12,"NO",744,741
"NO2",2025,1,"NO2",744,741
"NO2",2025,2,"NO2",672,661
"NO2",2025,3,"NO2",744,50
"NO2",2025,4,"NO2",720,0
"NO2",2025,5,"NO2",744,0
"NO2",2025,6,"NO2",720,306
"NO2",2025,7,"NO2",744,733
"NO2",2025,8,"NO2",744,739
"NO2",2025,9,"NO2",720,715
"NO2",2025,10,"NO2",744,724
"NO2",2025,11,"NO2",720,711
"NO2",2025,12,"NO2",744,743
"NO2",2025,1,"NOX",744,741
"NO2",2025,2,"NOX",672,661
"NO2",2025,3,"NOX",744,56
"NO2",2025,4,"NOX",720,0
"NO2",2025,5,"NOX",744,0
"NO2",2025,6,"NOX",720,306
"NO2",2025,7,"NOX",744,732
"NO2",2025,8,"NOX",744,739
"NO2",2025,9,"NOX",720,715
"NO2",2025,10,"NOX",744,724
"NO2",2025,11,"NOX",720,711
"NO2",2025,12,"NOX",744,743
"NO2",2025,1,"O3",744,704
"NO2",2025,2,"O3",672,628
"NO2",2025,3,"O3",744,732
"NO2",2025,4,"O3",720,707
"NO2",2025,5,"O3",744,737
"NO2",2025,6,"O3",720,497
"NO2",2025,7,"O3",744,737
"NO2",2025,8,"O3",744,736
"NO2",2025,9,"O3",720,716
"NO2",2025,10,"O3",744,742
"NO2",2025,11,"O3",720,709
"NO2",2025,12,"O3",744,703
"NO2",2025,1,"PM10",744,730
"NO2",2025,2,"PM10",672,642
"NO2",2025,3,"PM10",744,719
"NO2",2025,4,"PM10",720,705
"NO2",2025,5,"PM10",744,726
"NO2",2025,6,"PM10",720,677
"NO2",2025,7,"PM10",744,737
"NO2",2025,8,"PM10",744,732
"NO2",2025,9,"PM10",720,711
"NO2",2025,10,"PM10",744,736
"NO2",2025,11,"PM10",720,709
"NO2",2025,12,"PM10",744,743
"NO2",2025,1,"PM2.5",744,712
"NO2",2025,2,"PM2.5",672,435
"NO2",2025,3,"PM2.5",744,645
"NO2",2025,4,"PM2.5",720,649
"NO2",2025,5,"PM2.5",744,525
"NO2",2025,6,"PM2.5",720,602
"NO2",2025,7,"PM2.5",744,632
"NO2",2025,8,"PM2.5",744,665
"NO2",2025,9,"PM2.5",720,705
"NO2",2025,10,"PM2.5",744,694
"NO2",2025,11,"PM2.5",720,535
"NO2",2025,12,"PM2.5",744,671
"NO2",2025,1,"PRS",744,740
"NO2",2025,2,"PRS",672,661
"NO2",2025,3,"PRS",744,732
"NO2",2025,4,"PRS",720,706
"NO2",2025,5,"PRS",744,739
"NO2",2025,6,"PRS",720,712
"NO2",2025,7,"PRS",744,733
"NO2",2025,8,"PRS",744,739
"NO2",2025,9,"PRS",720,716
"NO2",2025,10,"PRS",744,739
"NO2",2025,11,"PRS",720,708
"NO2",2025,12,"PRS",744,743
"NO2",2025,1,"RAINF",744,741
"NO2",2025,2,"RAINF",672,661
"NO2",2025,3,"RAINF",744,733
"NO2",2025,4,"RAINF",720,706
"NO2",2025,5,"RAINF",744,740
"NO2",2025,6,"RAINF",720,713
"NO2",2025,7,"RAINF",744,735
"NO2",2025,8,"RAINF",744,739
"NO2",2025,9,"RAINF",720,716
"NO2",2025,10,"RAINF",744,740
"NO2",2025,11,"RAINF",720,709
"NO2",2025,12,"RAINF",744,743
"NO2",2025,1,"RH",744,723
"NO2",2025,2,"RH",672,660
"NO2",2025,3,"RH",744,726
"NO2",2025,4,"RH",720,706
"NO2",2025,5,"RH",744,739
"NO2",2025,6,"RH",720,713
"NO2",2025,7,"RH",744,735
"NO2",2025,8,"RH",744,739
"NO2",2025,9,"RH",720,716
"NO2",2025,10,"RH",744,740
"NO2",2025,11,"RH",720,707
"NO2",2025,12,"RH",744,743
"NO2",2025,1,"SO2",744,742
"NO2",2025,2,"SO2",672,661
"NO2",2025,3,"SO2",744,729
"NO2",2025,4,"SO2",720,705
"NO2",2025,5,"SO2",744,740
"NO2",2025,6,"SO2",720,500
"NO2",2025,7,"SO2",744,728
"NO2",2025,8,"SO2",744,737
"NO2",2025,9,"SO2",720,712
"NO2",2025,10,"SO2",744,739
"NO2",2025,11,"SO2",720,708
"NO2",2025,12,"SO2",744,743
"NO2",2025,1,"SR",744,619
"NO2",2025,2,"SR",672,465
"NO2",2025,3,"SR",744,572
"NO2",2025,4,"SR",720,499
"NO2",2025,5,"SR",744,583
"NO2",2025,6,"SR",720,510
"NO2",2025,7,"SR",744,692
"NO2",2025,8,"SR",744,669
"NO2",2025,9,"SR",720,649
"NO2",2025,10,"SR",744,332
"NO2",2025,11,"SR",720,653
"NO2",2025,12,"SR",744,706
"NO2",2025,1,"TOUT",744,742
"NO2",2025,2,"TOUT",672,661
"NO2",2025,3,"TOUT",744,733
"NO2",2025,4,"TOUT",720,705
"NO2",2025,5,"TOUT",744,740
"NO2",2025,6,"TOUT",720,713
"NO2",2025,7,"TOUT",744,734
"NO2",2025,8,"TOUT",744,739
"NO2",2025,9,"TOUT",720,716
"NO2",2025,10,"TOUT",744,740
"NO2",2025,11,"TOUT",720,708
"NO2",2025,12,"TOUT",744,743
"NO2",2025,1,"WSR",744,737
"NO2",2025,2,"WSR",672,661
"NO2",2025,3,"WSR",744,733
"NO2",2025,4,"WSR",720,705
"NO2",2025,5,"WSR",744,738
"NO2",2025,6,"WSR",720,713
"NO2",2025,7,"WSR",744,729
"NO2",2025,8,"WSR",744,739
"NO2",2025,9,"WSR",720,716
"NO2",2025,10,"WSR",744,738
"NO2",2025,11,"WSR",720,709
"NO2",2025,12,"WSR",744,743
"NO2",2025,1,"WDR",744,740
"NO2",2025,2,"WDR",672,661
"NO2",2025,3,"WDR",744,733
"NO2",2025,4,"WDR",720,705
"NO2",2025,5,"WDR",744,740
"NO2",2025,6,"WDR",720,713
"NO2",2025,7,"WDR",744,735
"NO2",2025,8,"WDR",744,739
"NO2",2025,9,"WDR",720,716
"NO2",2025,10,"WDR",744,740
"NO2",2025,11,"WDR",720,708
"NO2",2025,12,"WDR",744,743
"NO3",2025,1,"CO",744,741
"NO3",2025,2,"CO",672,669
"NO3",2025,3,"CO",744,724
"NO3",2025,4,"CO",720,478
"NO3",2025,5,"CO",744,0
"NO3",2025,6,"CO",720,0
"NO3",2025,7,"CO",744,0
"NO3",2025,8,"CO",744,735
"NO3",2025,9,"CO",720,702
"NO3",2025,10,"CO",744,743
"NO3",2025,11,"CO",720,718
"NO3",2025,12,"CO",744,743
"NO3",2025,1,"NO",744,0
"NO3",2025,2,"NO",672,0
"NO3",2025,3,"NO",744,0
"NO3",2025,4,"NO",720,0
"NO3",2025,5,"NO",744,0
"NO3",2025,6,"NO",720,0
"NO3",2025,7,"NO",744,0
"NO3",2025,8,"NO",744,735
"NO3",2025,9,"NO",720,702
"NO3",2025,10,"NO",744,743
"NO3",2025,11,"NO",720,718
"NO3",2025,12,"NO",744,743
"NO3",2025,1,"NO2",744,0
"NO3",2025,2,"NO2",672,0
"NO3",2025,3,"NO2",744,0
"NO3",2025,4,"NO2",720,0
"NO3",2025,5,"NO2",744,0
"NO3",2025,6,"NO2",720,0
"NO3",2025,7,"NO2",744,0
"NO3",2025,8,"NO2",744,735
"NO3",2025,9,"NO2",720,702
"NO3",2025,10,"NO2",744,743
"NO3",2025,11,"NO2",720,718
"NO3",2025,12,"NO2",744,743
"NO3",2025,1,"NOX",744,0
"NO3",2025,2,"NOX",672,0
"NO3",2025,3,"NOX",744,0
"NO3",2025,4,"NOX",720,0
"NO3",2025,5,"NOX",744,0
"NO3",2025,6,"NOX",720,0
"NO3",2025,7,"NOX",744,0
"NO3",2025,8,"NOX",744,735
"NO3",2025,9,"NOX",720,702
"NO3",2025,10,"NOX",744,743
"NO3",2025,11,"NOX",720,718
"NO3",2025,12,"NOX",744,743
"NO3",2025,1,"O3",744,708
"NO3",2025,2,"O3",672,665
"NO3",2025,3,"O3",744,721
"NO3",2025,4,"O3",720,478
"NO3",2025,5,"O3",744,0
"NO3",2025,6,"O3",720,0
"NO3",2025,7,"O3",744,0
"NO3",2025,8,"O3",744,734
"NO3",2025,9,"O3",720,693
"NO3",2025,10,"O3",744,743
"NO3",2025,11,"O3",720,684
"NO3",2025,12,"O3",744,678
"NO3",2025,1,"PM10",744,737
"NO3",2025,2,"PM10",672,666
"NO3",2025,3,"PM10",744,715
"NO3",2025,4,"PM10",720,473
"NO3",2025,5,"PM10",744,0
"NO3",2025,6,"PM10",720,0
"NO3",2025,7,"PM10",744,0
"NO3",2025,8,"PM10",744,725
"NO3",2025,9,"PM10",720,695
"NO3",2025,10,"PM10",744,740
"NO3",2025,11,"PM10",720,715
"NO3",2025,12,"PM10",744,741
"NO3",2025,1,"PM2.5",744,0
"NO3",2025,2,"PM2.5",672,0
"NO3",2025,3,"PM2.5",744,0
"NO3",2025,4,"PM2.5",720,0
"NO3",2025,5,"PM2.5",744,0
"NO3",2025,6,"PM2.5",720,0
"NO3",2025,7,"PM2.5",744,0
"NO3",2025,8,"PM2.5",744,361
"NO3",2025,9,"PM2.5",720,81
"NO3",2025,10,"PM2.5",744,163
"NO3",2025,11,"PM2.5",720,0
"NO3",2025,12,"PM2.5",744,609
"NO3",2025,1,"PRS",744,741
"NO3",2025,2,"PRS",672,669
"NO3",2025,3,"PRS",744,722
"NO3",2025,4,"PRS",720,478
"NO3",2025,5,"PRS",744,0
"NO3",2025,6,"PRS",720,0
"NO3",2025,7,"PRS",744,0
"NO3",2025,8,"PRS",744,729
"NO3",2025,9,"PRS",720,700
"NO3",2025,10,"PRS",744,743
"NO3",2025,11,"PRS",720,718
"NO3",2025,12,"PRS",744,743
"NO3",2025,1,"RAINF",744,741
"NO3",2025,2,"RAINF",672,669
"NO3",2025,3,"RAINF",744,723
"NO3",2025,4,"RAINF",720,478
"NO3",2025,5,"RAINF",744,0
"NO3",2025,6,"RAINF",720,0
"NO3",2025,7,"RAINF",744,0
"NO3",2025,8,"RAINF",744,712
"NO3",2025,9,"RAINF",720,702
"NO3",2025,10,"RAINF",744,743
"NO3",2025,11,"RAINF",720,718
"NO3",2025,12,"RAINF",744,743
"NO3",2025,1,"RH",744,739
"NO3",2025,2,"RH",672,669
"NO3",2025,3,"RH",744,709
"NO3",2025,4,"RH",720,477
"NO3",2025,5,"RH",744,0
"NO3",2025,6,"RH",720,0
"NO3",2025,7,"RH",744,0
"NO3",2025,8,"RH",744,712
"NO3",2025,9,"RH",720,700
"NO3",2025,10,"RH",744,740
"NO3",2025,11,"RH",720,707
"NO3",2025,12,"RH",744,743
"NO3",2025,1,"SO2",744,741
"NO3",2025,2,"SO2",672,669
"NO3",2025,3,"SO2",744,724
"NO3",2025,4,"SO2",720,478
"NO3",2025,5,"SO2",744,0
"NO3",2025,6,"SO2",720,0
"NO3",2025,7,"SO2",744,0
"NO3",2025,8,"SO2",744,711
"NO3",2025,9,"SO2",720,702
"NO3",2025,10,"SO2",744,743
"NO3",2025,11,"SO2",720,718
"NO3",2025,12,"SO2",744,743
"NO3",2025,1,"SR",744,741
"NO3",2025,2,"SR",672,669
"NO3",2025,3,"SR",744,724
"NO3",2025,4,"SR",720,718
"NO3",2025,5,"SR",744,742
"NO3",2025,6,"SR",720,640
"NO3",2025,7,"SR",744,743
"NO3",2025,8,"SR",744,723
"NO3",2025,9,"SR",720,694
"NO3",2025,10,"SR",744,733
"NO3",2025,11,"SR",720,617
"NO3",2025,12,"SR",744,710
"NO3",2025,1,"TOUT",744,741
"NO3",2025,2,"TOUT",672,669
"NO3",2025,3,"TOUT",744,722
"NO3",2025,4,"TOUT",720,478
"NO3",2025,5,"TOUT",744,0
"NO3",2025,6,"TOUT",720,0
"NO3",2025,7,"TOUT",744,0
"NO3",2025,8,"TOUT",744,712
"NO3",2025,9,"TOUT",720,702
"NO3",2025,10,"TOUT",744,743
"NO3",2025,11,"TOUT",720,717
"NO3",2025,12,"TOUT",744,743
"NO3",2025,1,"WSR",744,721
"NO3",2025,2,"WSR",672,665
"NO3",2025,3,"WSR",744,723
"NO3",2025,4,"WSR",720,718
"NO3",2025,5,"WSR",744,741
"NO3",2025,6,"WSR",720,633
"NO3",2025,7,"WSR",744,736
"NO3",2025,8,"WSR",744,703
"NO3",2025,9,"WSR",720,672
"NO3",2025,10,"WSR",744,716
"NO3",2025,11,"WSR",720,655
"NO3",2025,12,"WSR",744,736
"NO3",2025,1,"WDR",744,741
"NO3",2025,2,"WDR",672,667
"NO3",2025,3,"WDR",744,725
"NO3",2025,4,"WDR",720,718
"NO3",2025,5,"WDR",744,741
"NO3",2025,6,"WDR",720,634
"NO3",2025,7,"WDR",744,735
"NO3",2025,8,"WDR",744,704
"NO3",2025,9,"WDR",720,694
"NO3",2025,10,"WDR",744,739
"NO3",2025,11,"WDR",720,707
"NO3",2025,12,"WDR",744,743
"NTE",2025,1,"CO",744,744
"NTE",2025,2,"CO",672,658
"NTE",2025,3,"CO",744,694
"NTE",2025,4,"CO",720,709
"NTE",2025,5,"CO",744,738
"NTE",2025,6,"CO",720,681
"NTE",2025,7,"CO",744,737
"NTE",2025,8,"CO",744,744
"NTE",2025,9,"CO",720,718
"NTE",2025,10,"CO",744,736
"NTE",2025,11,"CO",720,708
"NTE",2025,12,"CO",744,738
"NTE",2025,1,"NO",744,727
"NTE",2025,2,"NO",672,650
"NTE",2025,3,"NO",744,692
"NTE",2025,4,"NO",720,693
"NTE",2025,5,"NO",744,715
"NTE",2025,6,"NO",720,703
"NTE",2025,7,"NO",744,711
"NTE",2025,8,"NO",744,727
"NTE",2025,9,"NO",720,703
"NTE",2025,10,"NO",744,722
"NTE",2025,11,"NO",720,703
"NTE",2025,12,"NO",744,724
"NTE",2025,1,"NO2",744,744
"NTE",2025,2,"NO2",672,658
"NTE",2025,3,"NO2",744,693
"NTE",2025,4,"NO2",720,698
"NTE",2025,5,"NO2",744,738
"NTE",2025,6,"NO2",720,715
"NTE",2025,7,"NO2",744,737
"NTE",2025,8,"NO2",744,744
"NTE",2025,9,"NO2",720,718
"NTE",2025,10,"NO2",744,726
"NTE",2025,11,"NO2",720,708
"NTE",2025,12,"NO2",744,737
"NTE",2025,1,"NOX",744,744
"NTE",2025,2,"NOX",672,658
"NTE",2025,3,"NOX",744,692
"NTE",2025,4,"NOX",720,697
"NTE",2025,5,"NOX",744,738
"NTE",2025,6,"NOX",720,715
"NTE",2025,7,"NOX",744,737
"NTE",2025,8,"NOX",744,744
"NTE",2025,9,"NOX",720,717
"NTE",2025,10,"NOX",744,726
"NTE",2025,11,"NOX",720,708
"NTE",2025,12,"NOX",744,737
"NTE",2025,1,"O3",744,697
"NTE",2025,2,"O3",672,639
"NTE",2025,3,"O3",744,677
"NTE",2025,4,"O3",720,707
"NTE",2025,5,"O3",744,733
"NTE",2025,6,"O3",720,717
"NTE",2025,7,"O3",744,736
"NTE",2025,8,"O3",744,743
"NTE",2025,9,"O3",720,709
"NTE",2025,10,"O3",744,712
"NTE",2025,11,"O3",720,689
"NTE",2025,12,"O3",744,630
"NTE",2025,1,"PM10",744,738
"NTE",2025,2,"PM10",672,633
"NTE",2025,3,"PM10",744,674
"NTE",2025,4,"PM10",720,701
"NTE",2025,5,"PM10",744,730
"NTE",2025,6,"PM10",720,685
"NTE",2025,7,"PM10",744,738
"NTE",2025,8,"PM10",744,740
"NTE",2025,9,"PM10",720,711
"NTE",2025,10,"PM10",744,722
"NTE",2025,11,"PM10",720,678
"NTE",2025,12,"PM10",744,733
"NTE",2025,1,"PM2.5",744,697
"NTE",2025,2,"PM2.5",672,603
"NTE",2025,3,"PM2.5",744,647
"NTE",2025,4,"PM2.5",720,690
"NTE",2025,5,"PM2.5",744,727
"NTE",2025,6,"PM2.5",720,645
"NTE",2025,7,"PM2.5",744,487
"NTE",2025,8,"PM2.5",744,592
"NTE",2025,9,"PM2.5",720,632
"NTE",2025,10,"PM2.5",744,606
"NTE",2025,11,"PM2.5",720,641
"NTE",2025,12,"PM2.5",744,713
"NTE",2025,1,"PRS",744,742
"NTE",2025,2,"PRS",672,658
"NTE",2025,3,"PRS",744,692
"NTE",2025,4,"PRS",720,707
"NTE",2025,5,"PRS",744,738
"NTE",2025,6,"PRS",720,718
"NTE",2025,7,"PRS",744,741
"NTE",2025,8,"PRS",744,744
"NTE",2025,9,"PRS",720,718
"NTE",2025,10,"PRS",744,733
"NTE",2025,11,"PRS",720,708
"NTE",2025,12,"PRS",744,738
"NTE",2025,1,"RAINF",744,743
"NTE",2025,2,"RAINF",672,658
"NTE",2025,3,"RAINF",744,647
"NTE",2025,4,"RAINF",720,706
"NTE",2025,5,"RAINF",744,738
"NTE",2025,6,"RAINF",720,718
"NTE",2025,7,"RAINF",744,741
"NTE",2025,8,"RAINF",744,744
"NTE",2025,9,"RAINF",720,718
"NTE",2025,10,"RAINF",744,736
"NTE",2025,11,"RAINF",720,708
"NTE",2025,12,"RAINF",744,738
"NTE",2025,1,"RH",744,0
"NTE",2025,2,"RH",672,7
"NTE",2025,3,"RH",744,0
"NTE",2025,4,"RH",720,0
"NTE",2025,5,"RH",744,0
"NTE",2025,6,"RH",720,0
"NTE",2025,7,"RH",744,0
"NTE",2025,8,"RH",744,1
"NTE",2025,9,"RH",720,0
"NTE",2025,10,"RH",744,0
"NTE",2025,11,"RH",720,36
"NTE",2025,12,"RH",744,13
"NTE",2025,1,"SO2",744,744
"NTE",2025,2,"SO2",672,658
"NTE",2025,3,"SO2",744,0
"NTE",2025,4,"SO2",720,464
"NTE",2025,5,"SO2",744,738
"NTE",2025,6,"SO2",720,718
"NTE",2025,7,"SO2",744,737
"NTE",2025,8,"SO2",744,289
"NTE",2025,9,"SO2",720,700
"NTE",2025,10,"SO2",744,381
"NTE",2025,11,"SO2",720,707
"NTE",2025,12,"SO2",744,738
"NTE",2025,1,"SR",744,654
"NTE",2025,2,"SR",672,597
"NTE",2025,3,"SR",744,397
"NTE",2025,4,"SR",720,420
"NTE",2025,5,"SR",744,616
"NTE",2025,6,"SR",720,411
"NTE",2025,7,"SR",744,685
"NTE",2025,8,"SR",744,694
"NTE",2025,9,"SR",720,624
"NTE",2025,10,"SR",744,618
"NTE",2025,11,"SR",720,544
"NTE",2025,12,"SR",744,700
"NTE",2025,1,"TOUT",744,744
"NTE",2025,2,"TOUT",672,658
"NTE",2025,3,"TOUT",744,695
"NTE",2025,4,"TOUT",720,707
"NTE",2025,5,"TOUT",744,738
"NTE",2025,6,"TOUT",720,718
"NTE",2025,7,"TOUT",744,740
"NTE",2025,8,"TOUT",744,744
"NTE",2025,9,"TOUT",720,717
"NTE",2025,10,"TOUT",744,736
"NTE",2025,11,"TOUT",720,708
"NTE",2025,12,"TOUT",744,738
"NTE",2025,1,"WSR",744,744
"NTE",2025,2,"WSR",672,658
"NTE",2025,3,"WSR",744,694
"NTE",2025,4,"WSR",720,709
"NTE",2025,5,"WSR",744,738
"NTE",2025,6,"WSR",720,718
"NTE",2025,7,"WSR",744,742
"NTE",2025,8,"WSR",744,744
"NTE",2025,9,"WSR",720,718
"NTE",2025,10,"WSR",744,734
"NTE",2025,11,"WSR",720,708
"NTE",2025,12,"WSR",744,738
"NTE",2025,1,"WDR",744,741
"NTE",2025,2,"WDR",672,656
"NTE",2025,3,"WDR",744,690
"NTE",2025,4,"WDR",720,710
"NTE",2025,5,"WDR",744,738
"NTE",2025,6,"WDR",720,718
"NTE",2025,7,"WDR",744,742
"NTE",2025,8,"WDR",744,744
"NTE",2025,9,"WDR",720,718
"NTE",2025,10,"WDR",744,736
"NTE",2025,11,"WDR",720,707
"NTE",2025,12,"WDR",744,738
"NTE2",2025,1,"CO",744,742
"NTE2",2025,2,"CO",672,664
"NTE2",2025,3,"CO",744,726
"NTE2",2025,4,"CO",720,701
"NTE2",2025,5,"CO",744,735
"NTE2",2025,6,"CO",720,697
"NTE2",2025,7,"CO",744,737
"NTE2",2025,8,"CO",744,712
"NTE2",2025,9,"CO",720,719
"NTE2",2025,10,"CO",744,735
"NTE2",2025,11,"CO",720,667
"NTE2",2025,12,"CO",744,705
"NTE2",2025,1,"NO",744,742
"NTE2",2025,2,"NO",672,667
"NTE2",2025,3,"NO",744,735
"NTE2",2025,4,"NO",720,700
"NTE2",2025,5,"NO",744,737
"NTE2",2025,6,"NO",720,715
"NTE2",2025,7,"NO",744,739
"NTE2",2025,8,"NO",744,709
"NTE2",2025,9,"NO",720,718
"NTE2",2025,10,"NO",744,742
"NTE2",2025,11,"NO",720,688
"NTE2",2025,12,"NO",744,734
"NTE2",2025,1,"NO2",744,742
"NTE2",2025,2,"NO2",672,667
"NTE2",2025,3,"NO2",744,736
"NTE2",2025,4,"NO2",720,701
"NTE2",2025,5,"NO2",744,734
"NTE2",2025,6,"NO2",720,716
"NTE2",2025,7,"NO2",744,737
"NTE2",2025,8,"NO2",744,709
"NTE2",2025,9,"NO2",720,719
"NTE2",2025,10,"NO2",744,743
"NTE2",2025,11,"NO2",720,690
"NTE2",2025,12,"NO2",744,735
"NTE2",2025,1,"NOX",744,742
"NTE2",2025,2,"NOX",672,667
"NTE2",2025,3,"NOX",744,736
"NTE2",2025,4,"NOX",720,701
"NTE2",2025,5,"NOX",744,734
"NTE2",2025,6,"NOX",720,715
"NTE2",2025,7,"NOX",744,737
"NTE2",2025,8,"NOX",744,709
"NTE2",2025,9,"NOX",720,719
"NTE2",2025,10,"NOX",744,743
"NTE2",2025,11,"NOX",720,690
"NTE2",2025,12,"NOX",744,735
"NTE2",2025,1,"O3",744,731
"NTE2",2025,2,"O3",672,651
"NTE2",2025,3,"O3",744,734
"NTE2",2025,4,"O3",720,700
"NTE2",2025,5,"O3",744,735
"NTE2",2025,6,"O3",720,713
"NTE2",2025,7,"O3",744,738
"NTE2",2025,8,"O3",744,512
"NTE2",2025,9,"O3",720,696
"NTE2",2025,10,"O3",744,743
"NTE2",2025,11,"O3",720,690
"NTE2",2025,12,"O3",744,709
"NTE2",2025,1,"PM10",744,736
"NTE2",2025,2,"PM10",672,665
"NTE2",2025,3,"PM10",744,697
"NTE2",2025,4,"PM10",720,694
"NTE2",2025,5,"PM10",744,712
"NTE2",2025,6,"PM10",720,717
"NTE2",2025,7,"PM10",744,741
"NTE2",2025,8,"PM10",744,677
"NTE2",2025,9,"PM10",720,716
"NTE2",2025,10,"PM10",744,741
"NTE2",2025,11,"PM10",720,688
"NTE2",2025,12,"PM10",744,740
"NTE2",2025,1,"PM2.5",744,658
"NTE2",2025,2,"PM2.5",672,616
"NTE2",2025,3,"PM2.5",744,702
"NTE2",2025,4,"PM2.5",720,667
"NTE2",2025,5,"PM2.5",744,649
"NTE2",2025,6,"PM2.5",720,666
"NTE2",2025,7,"PM2.5",744,680
"NTE2",2025,8,"PM2.5",744,639
"NTE2",2025,9,"PM2.5",720,671
"NTE2",2025,10,"PM2.5",744,727
"NTE2",2025,11,"PM2.5",720,663
"NTE2",2025,12,"PM2.5",744,578
"NTE2",2025,1,"PRS",744,740
"NTE2",2025,2,"PRS",672,668
"NTE2",2025,3,"PRS",744,735
"NTE2",2025,4,"PRS",720,701
"NTE2",2025,5,"PRS",744,737
"NTE2",2025,6,"PRS",720,715
"NTE2",2025,7,"PRS",744,741
"NTE2",2025,8,"PRS",744,706
"NTE2",2025,9,"PRS",720,716
"NTE2",2025,10,"PRS",744,741
"NTE2",2025,11,"PRS",720,690
"NTE2",2025,12,"PRS",744,735
"NTE2",2025,1,"RAINF",744,740
"NTE2",2025,2,"RAINF",672,668
"NTE2",2025,3,"RAINF",744,736
"NTE2",2025,4,"RAINF",720,701
"NTE2",2025,5,"RAINF",744,738
"NTE2",2025,6,"RAINF",720,716
"NTE2",2025,7,"RAINF",744,741
"NTE2",2025,8,"RAINF",744,698
"NTE2",2025,9,"RAINF",720,715
"NTE2",2025,10,"RAINF",744,742
"NTE2",2025,11,"RAINF",720,689
"NTE2",2025,12,"RAINF",744,735
"NTE2",2025,1,"RH",744,731
"NTE2",2025,2,"RH",672,668
"NTE2",2025,3,"RH",744,718
"NTE2",2025,4,"RH",720,698
"NTE2",2025,5,"RH",744,737
"NTE2",2025,6,"RH",720,716
"NTE2",2025,7,"RH",744,742
"NTE2",2025,8,"RH",744,698
"NTE2",2025,9,"RH",720,715
"NTE2",2025,10,"RH",744,742
"NTE2",2025,11,"RH",720,689
"NTE2",2025,12,"RH",744,714
"NTE2",2025,1,"SO2",744,741
"NTE2",2025,2,"SO2",672,668
"NTE2",2025,3,"SO2",744,735
"NTE2",2025,4,"SO2",720,700
"NTE2",2025,5,"SO2",744,735
"NTE2",2025,6,"SO2",720,715
"NTE2",2025,7,"SO2",744,737
"NTE2",2025,8,"SO2",744,703
"NTE2",2025,9,"SO2",720,715
"NTE2",2025,10,"SO2",744,742
"NTE2",2025,11,"SO2",720,690
"NTE2",2025,12,"SO2",744,734
"NTE2",2025,1,"SR",744,742
"NTE2",2025,2,"SR",672,668
"NTE2",2025,3,"SR",744,740
"NTE2",2025,4,"SR",720,718
"NTE2",2025,5,"SR",744,744
"NTE2",2025,6,"SR",720,717
"NTE2",2025,7,"SR",744,742
"NTE2",2025,8,"SR",744,738
"NTE2",2025,9,"SR",720,719
"NTE2",2025,10,"SR",744,742
"NTE2",2025,11,"SR",720,708
"NTE2",2025,12,"SR",744,739
"NTE2",2025,1,"TOUT",744,741
"NTE2",2025,2,"TOUT",672,668
"NTE2",2025,3,"TOUT",744,736
"NTE2",2025,4,"TOUT",720,701
"NTE2",2025,5,"TOUT",744,737
"NTE2",2025,6,"TOUT",720,716
"NTE2",2025,7,"TOUT",744,741
"NTE2",2025,8,"TOUT",744,701
"NTE2",2025,9,"TOUT",720,716
"NTE2",2025,10,"TOUT",744,743
"NTE2",2025,11,"TOUT",720,690
"NTE2",2025,12,"TOUT",744,735
"NTE2",2025,1,"WSR",744,741
"NTE2",2025,2,"WSR",672,668
"NTE2",2025,3,"WSR",744,736
"NTE2",2025,4,"WSR",720,701
"NTE2",2025,5,"WSR",744,738
"NTE2",2025,6,"WSR",720,716
"NTE2",2025,7,"WSR",744,742
"NTE2",2025,8,"WSR",744,699
"NTE2",2025,9,"WSR",720,716
"NTE2",2025,10,"WSR",744,743
"NTE2",2025,11,"WSR",720,689
"NTE2",2025,12,"WSR",744,735
"NTE2",2025,1,"WDR",744,736
"NTE2",2025,2,"WDR",672,668
"NTE2",2025,3,"WDR",744,736
"NTE2",2025,4,"WDR",720,701
"NTE2",2025,5,"WDR",744,738
"NTE2",2025,6,"WDR",720,716
"NTE2",2025,7,"WDR",744,742
"NTE2",2025,8,"WDR",744,699
"NTE2",2025,9,"WDR",720,716
"NTE2",2025,10,"WDR",744,742
"NTE2",2025,11,"WDR",720,687
"NTE2",2025,12,"WDR",744,734
"SE",2025,1,"CO",744,0
"SE",2025,2,"CO",672,0
"SE",2025,3,"CO",744,0
"SE",2025,4,"CO",720,552
"SE",2025,5,"CO",744,738
"SE",2025,6,"CO",720,719
"SE",2025,7,"CO",744,732
"SE",2025,8,"CO",744,647
"SE",2025,9,"CO",720,681
"SE",2025,10,"CO",744,727
"SE",2025,11,"CO",720,719
"SE",2025,12,"CO",744,691
"SE",2025,1,"NO",744,713
"SE",2025,2,"NO",672,668
"SE",2025,3,"NO",744,697
"SE",2025,4,"NO",720,682
"SE",2025,5,"NO",744,716
"SE",2025,6,"NO",720,675
"SE",2025,7,"NO",744,686
"SE",2025,8,"NO",744,611
"SE",2025,9,"NO",720,678
"SE",2025,10,"NO",744,722
"SE",2025,11,"NO",720,701
"SE",2025,12,"NO",744,691
"SE",2025,1,"NO2",744,713
"SE",2025,2,"NO2",672,670
"SE",2025,3,"NO2",744,700
"SE",2025,4,"NO2",720,706
"SE",2025,5,"NO2",744,735
"SE",2025,6,"NO2",720,718
"SE",2025,7,"NO2",744,725
"SE",2025,8,"NO2",744,646
"SE",2025,9,"NO2",720,681
"SE",2025,10,"NO2",744,725
"SE",2025,11,"NO2",720,719
"SE",2025,12,"NO2",744,691
"SE",2025,1,"NOX",744,713
"SE",2025,2,"NOX",672,670
"SE",2025,3,"NOX",744,700
"SE",2025,4,"NOX",720,707
"SE",2025,5,"NOX",744,736
"SE",2025,6,"NOX",720,719
"SE",2025,7,"NOX",744,727
"SE",2025,8,"NOX",744,646
"SE",2025,9,"NOX",720,681
"SE",2025,10,"NOX",744,727
"SE",2025,11,"NOX",720,719
"SE",2025,12,"NOX",744,691
"SE",2025,1,"O3",744,693
"SE",2025,2,"O3",672,662
"SE",2025,3,"O3",744,695
"SE",2025,4,"O3",720,711
"SE",2025,5,"O3",744,735
"SE",2025,6,"O3",720,709
"SE",2025,7,"O3",744,733
"SE",2025,8,"O3",744,718
"SE",2025,9,"O3",720,715
"SE",2025,10,"O3",744,734
"SE",2025,11,"O3",720,695
"SE",2025,12,"O3",744,697
"SE",2025,1,"PM10",744,683
"SE",2025,2,"PM10",672,669
"SE",2025,3,"PM10",744,693
"SE",2025,4,"PM10",720,710
"SE",2025,5,"PM10",744,730
"SE",2025,6,"PM10",720,718
"SE",2025,7,"PM10",744,733
"SE",2025,8,"PM10",744,716
"SE",2025,9,"PM10",720,688
"SE",2025,10,"PM10",744,728
"SE",2025,11,"PM10",720,709
"SE",2025,12,"PM10",744,737
"SE",2025,1,"PM2.5",744,628
"SE",2025,2,"PM2.5",672,483
"SE",2025,3,"PM2.5",744,658
"SE",2025,4,"PM2.5",720,637
"SE",2025,5,"PM2.5",744,711
"SE",2025,6,"PM2.5",720,708
"SE",2025,7,"PM2.5",744,649
"SE",2025,8,"PM2.5",744,689
"SE",2025,9,"PM2.5",720,599
"SE",2025,10,"PM2.5",744,624
"SE",2025,11,"PM2.5",720,615
"SE",2025,12,"PM2.5",744,710
"SE",2025,1,"PRS",744,714
"SE",2025,2,"PRS",672,670
"SE",2025,3,"PRS",744,700
"SE",2025,4,"PRS",720,712
"SE",2025,5,"PRS",744,736
"SE",2025,6,"PRS",720,719
"SE",2025,7,"PRS",744,737
"SE",2025,8,"PRS",744,647
"SE",2025,9,"PRS",720,679
"SE",2025,10,"PRS",744,723
"SE",2025,11,"PRS",720,719
"SE",2025,12,"PRS",744,692
"SE",2025,1,"RAINF",744,713
"SE",2025,2,"RAINF",672,671
"SE",2025,3,"RAINF",744,701
"SE",2025,4,"RAINF",720,713
"SE",2025,5,"RAINF",744,738
"SE",2025,6,"RAINF",720,719
"SE",2025,7,"RAINF",744,740
"SE",2025,8,"RAINF",744,647
"SE",2025,9,"RAINF",720,681
"SE",2025,10,"RAINF",744,727
"SE",2025,11,"RAINF",720,719
"SE",2025,12,"RAINF",744,692
"SE",2025,1,"RH",744,697
"SE",2025,2,"RH",672,671
"SE",2025,3,"RH",744,701
"SE",2025,4,"RH",720,712
"SE",2025,5,"RH",744,737
"SE",2025,6,"RH",720,719
"SE",2025,7,"RH",744,740
"SE",2025,8,"RH",744,647
"SE",2025,9,"RH",720,681
"SE",2025,10,"RH",744,727
"SE",2025,11,"RH",720,715
"SE",2025,12,"RH",744,683
"SE",2025,1,"SO2",744,714
"SE",2025,2,"SO2",672,670
"SE",2025,3,"SO2",744,701
"SE",2025,4,"SO2",720,712
"SE",2025,5,"SO2",744,738
"SE",2025,6,"SO2",720,719
"SE",2025,7,"SO2",744,735
"SE",2025,8,"SO2",744,647
"SE",2025,9,"SO2",720,681
"SE",2025,10,"SO2",744,726
"SE",2025,11,"SO2",720,719
"SE",2025,12,"SO2",744,691
"SE",2025,1,"SR",744,727
"SE",2025,2,"SR",672,672
"SE",2025,3,"SR",744,727
"SE",2025,4,"SR",720,712
"SE",2025,5,"SR",744,740
"SE",2025,6,"SR",720,719
"SE",2025,7,"SR",744,741
"SE",2025,8,"SR",744,721
"SE",2025,9,"SR",720,715
"SE",2025,10,"SR",744,733
"SE",2025,11,"SR",720,720
"SE",2025,12,"SR",744,743
"SE",2025,1,"TOUT",744,714
"SE",2025,2,"TOUT",672,670
"SE",2025,3,"TOUT",744,701
"SE",2025,4,"TOUT",720,712
"SE",2025,5,"TOUT",744,737
"SE",2025,6,"TOUT",720,719
"SE",2025,7,"TOUT",744,739
"SE",2025,8,"TOUT",744,647
"SE",2025,9,"TOUT",720,681
"SE",2025,10,"TOUT",744,727
"SE",2025,11,"TOUT",720,719
"SE",2025,12,"TOUT",744,692
"SE",2025,1,"WSR",744,709
"SE",2025,2,"WSR",672,670
"SE",2025,3,"WSR",744,701
"SE",2025,4,"WSR",720,712
"SE",2025,5,"WSR",744,732
"SE",2025,6,"WSR",720,719
"SE",2025,7,"WSR",744,738
"SE",2025,8,"WSR",744,647
"SE",2025,9,"WSR",720,681
"SE",2025,10,"WSR",744,720
"SE",2025,11,"WSR",720,719
"SE",2025,12,"WSR",744,692
"SE",2025,1,"WDR",744,714
"SE",2025,2,"WDR",672,669
"SE",2025,3,"WDR",744,701
"SE",2025,4,"WDR",720,712
"SE",2025,5,"WDR",744,738
"SE",2025,6,"WDR",720,719
"SE",2025,7,"WDR",744,739
"SE",2025,8,"WDR",744,646
"SE",2025,9,"WDR",720,675
"SE",2025,10,"WDR",744,727
"SE",2025,11,"WDR",720,719
"SE",2025,12,"WDR",744,691
"SE2",2025,1,"CO",744,743
"SE2",2025,2,"CO",672,662
"SE2",2025,3,"CO",744,716
"SE2",2025,4,"CO",720,701
"SE2",2025,5,"CO",744,531
"SE2",2025,6,"CO",720,0
"SE2",2025,7,"CO",744,63
"SE2",2025,8,"CO",744,730
"SE2",2025,9,"CO",720,719
"SE2",2025,10,"CO",744,731
"SE2",2025,11,"CO",720,655
"SE2",2025,12,"CO",744,642
"SE2",2025,1,"NO",744,729
"SE2",2025,2,"NO",672,645
"SE2",2025,3,"NO",744,701
"SE2",2025,4,"NO",720,661
"SE2",2025,5,"NO",744,675
"SE2",2025,6,"NO",720,655
"SE2",2025,7,"NO",744,639
"SE2",2025,8,"NO",744,713
"SE2",2025,9,"NO",720,719
"SE2",2025,10,"NO",744,726
"SE2",2025,11,"NO",720,646
"SE2",2025,12,"NO",744,738
"SE2",2025,1,"NO2",744,743
"SE2",2025,2,"NO2",672,661
"SE2",2025,3,"NO2",744,723
"SE2",2025,4,"NO2",720,717
"SE2",2025,5,"NO2",744,703
"SE2",2025,6,"NO2",720,696
"SE2",2025,7,"NO2",744,707
"SE2",2025,8,"NO2",744,727
"SE2",2025,9,"NO2",720,719
"SE2",2025,10,"NO2",744,726
"SE2",2025,11,"NO2",720,648
"SE2",2025,12,"NO2",744,738
"SE2",2025,1,"NOX",744,743
"SE2",2025,2,"NOX",672,661
"SE2",2025,3,"NOX",744,723
"SE2",2025,4,"NOX",720,717
"SE2",2025,5,"NOX",744,703
"SE2",2025,6,"NOX",720,696
"SE2",2025,7,"NOX",744,707
"SE2",2025,8,"NOX",744,727
"SE2",2025,9,"NOX",720,719
"SE2",2025,10,"NOX",744,726
"SE2",2025,11,"NOX",720,648
"SE2",2025,12,"NOX",744,738
"SE2",2025,1,"O3",744,710
"SE2",2025,2,"O3",672,644
"SE2",2025,3,"O3",744,719
"SE2",2025,4,"O3",720,717
"SE2",2025,5,"O3",744,700
"SE2",2025,6,"O3",720,696
"SE2",2025,7,"O3",744,431
"SE2",2025,8,"O3",744,727
"SE2",2025,9,"O3",720,717
"SE2",2025,10,"O3",744,402
"SE2",2025,11,"O3",720,705
"SE2",2025,12,"O3",744,714
"SE2",2025,1,"PM10",744,740
"SE2",2025,2,"PM10",672,659
"SE2",2025,3,"PM10",744,720
"SE2",2025,4,"PM10",720,712
"SE2",2025,5,"PM10",744,726
"SE2",2025,6,"PM10",720,695
"SE2",2025,7,"PM10",744,742
"SE2",2025,8,"PM10",744,705
"SE2",2025,9,"PM10",720,719
"SE2",2025,10,"PM10",744,731
"SE2",2025,11,"PM10",720,652
"SE2",2025,12,"PM10",744,706
"SE2",2025,1,"PM2.5",744,702
"SE2",2025,2,"PM2.5",672,648
"SE2",2025,3,"PM2.5",744,709
"SE2",2025,4,"PM2.5",720,692
"SE2",2025,5,"PM2.5",744,703
"SE2",2025,6,"PM2.5",720,651
"SE2",2025,7,"PM2.5",744,698
"SE2",2025,8,"PM2.5",744,677
"SE2",2025,9,"PM2.5",720,688
"SE2",2025,10,"PM2.5",744,705
"SE2",2025,11,"PM2.5",720,685
"SE2",2025,12,"PM2.5",744,727
"SE2",2025,1,"PRS",744,742
"SE2",2025,2,"PRS",672,659
"SE2",2025,3,"PRS",744,725
"SE2",2025,4,"PRS",720,719
"SE2",2025,5,"PRS",744,732
"SE2",2025,6,"PRS",720,698
"SE2",2025,7,"PRS",744,735
"SE2",2025,8,"PRS",744,733
"SE2",2025,9,"PRS",720,719
"SE2",2025,10,"PRS",744,731
"SE2",2025,11,"PRS",720,654
"SE2",2025,12,"PRS",744,740
"SE2",2025,1,"RAINF",744,744
"SE2",2025,2,"RAINF",672,672
"SE2",2025,3,"RAINF",744,737
"SE2",2025,4,"RAINF",720,720
"SE2",2025,5,"RAINF",744,744
"SE2",2025,6,"RAINF",720,718
"SE2",2025,7,"RAINF",744,744
"SE2",2025,8,"RAINF",744,744
"SE2",2025,9,"RAINF",720,719
"SE2",2025,10,"RAINF",744,739
"SE2",2025,11,"RAINF",720,655
"SE2",2025,12,"RAINF",744,743
"SE2",2025,1,"RH",744,734
"SE2",2025,2,"RH",672,657
"SE2",2025,3,"RH",744,725
"SE2",2025,4,"RH",720,719
"SE2",2025,5,"RH",744,732
"SE2",2025,6,"RH",720,698
"SE2",2025,7,"RH",744,735
"SE2",2025,8,"RH",744,672
"SE2",2025,9,"RH",720,15
"SE2",2025,10,"RH",744,53
"SE2",2025,11,"RH",720,13
"SE2",2025,12,"RH",744,721
"SE2",2025,1,"SO2",744,743
"SE2",2025,2,"SO2",672,662
"SE2",2025,3,"SO2",744,725
"SE2",2025,4,"SO2",720,719
"SE2",2025,5,"SO2",744,704
"SE2",2025,6,"SO2",720,697
"SE2",2025,7,"SO2",744,704
"SE2",2025,8,"SO2",744,729
"SE2",2025,9,"SO2",720,710
"SE2",2025,10,"SO2",744,730
"SE2",2025,11,"SO2",720,654
"SE2",2025,12,"SO2",744,740
"SE2",2025,1,"SR",744,743
"SE2",2025,2,"SR",672,670
"SE2",2025,3,"SR",744,729
"SE2",2025,4,"SR",720,719
"SE2",2025,5,"SR",744,742
"SE2",2025,6,"SR",720,703
"SE2",2025,7,"SR",744,744
"SE2",2025,8,"SR",744,734
"SE2",2025,9,"SR",720,720
"SE2",2025,10,"SR",744,731
"SE2",2025,11,"SR",720,719
"SE2",2025,12,"SR",744,741
"SE2",2025,1,"TOUT",744,743
"SE2",2025,2,"TOUT",672,658
"SE2",2025,3,"TOUT",744,725
"SE2",2025,4,"TOUT",720,719
"SE2",2025,5,"TOUT",744,732
"SE2",2025,6,"TOUT",720,699
"SE2",2025,7,"TOUT",744,736
"SE2",2025,8,"TOUT",744,733
"SE2",2025,9,"TOUT",720,719
"SE2",2025,10,"TOUT",744,731
"SE2",2025,11,"TOUT",720,654
"SE2",2025,12,"TOUT",744,740
"SE2",2025,1,"WSR",744,743
"SE2",2025,2,"WSR",672,662
"SE2",2025,3,"WSR",744,725
"SE2",2025,4,"WSR",720,719
"SE2",2025,5,"WSR",744,732
"SE2",2025,6,"WSR",720,698
"SE2",2025,7,"WSR",744,735
"SE2",2025,8,"WSR",744,733
"SE2",2025,9,"WSR",720,719
"SE2",2025,10,"WSR",744,731
"SE2",2025,11,"WSR",720,654
"SE2",2025,12,"WSR",744,738
"SE2",2025,1,"WDR",744,741
"SE2",2025,2,"WDR",672,662
"SE2",2025,3,"WDR",744,724
"SE2",2025,4,"WDR",720,716
"SE2",2025,5,"WDR",744,732
"SE2",2025,6,"WDR",720,698
"SE2",2025,7,"WDR",744,736
"SE2",2025,8,"WDR",744,733
"SE2",2025,9,"WDR",720,719
"SE2",2025,10,"WDR",744,729
"SE2",2025,11,"WDR",720,654
"SE2",2025,12,"WDR",744,740
"SE3",2025,1,"CO",744,744
"SE3",2025,2,"CO",672,672
"SE3",2025,3,"CO",744,726
"SE3",2025,4,"CO",720,719
"SE3",2025,5,"CO",744,743
"SE3",2025,6,"CO",720,718
"SE3",2025,7,"CO",744,740
"SE3",2025,8,"CO",744,743
"SE3",2025,9,"CO",720,653
"SE3",2025,10,"CO",744,738
"SE3",2025,11,"CO",720,719
"SE3",2025,12,"CO",744,7
"SE3",2025,1,"NO",744,738
"SE3",2025,2,"NO",672,659
"SE3",2025,3,"NO",744,732
"SE3",2025,4,"NO",720,719
"SE3",2025,5,"NO",744,727
"SE3",2025,6,"NO",720,705
"SE3",2025,7,"NO",744,726
"SE3",2025,8,"NO",744,721
"SE3",2025,9,"NO",720,648
"SE3",2025,10,"NO",744,730
"SE3",2025,11,"NO",720,711
"SE3",2025,12,"NO",744,738
"SE3",2025,1,"NO2",744,738
"SE3",2025,2,"NO2",672,659
"SE3",2025,3,"NO2",744,732
"SE3",2025,4,"NO2",720,719
"SE3",2025,5,"NO2",744,727
"SE3",2025,6,"NO2",720,705
"SE3",2025,7,"NO2",744,726
"SE3",2025,8,"NO2",744,721
"SE3",2025,9,"NO2",720,650
"SE3",2025,10,"NO2",744,736
"SE3",2025,11,"NO2",720,719
"SE3",2025,12,"NO2",744,742
"SE3",2025,1,"NOX",744,738
"SE3",2025,2,"NOX",672,659
"SE3",2025,3,"NOX",744,732
"SE3",2025,4,"NOX",720,719
"SE3",2025,5,"NOX",744,727
"SE3",2025,6,"NOX",720,705
"SE3",2025,7,"NOX",744,725
"SE3",2025,8,"NOX",744,721
"SE3",2025,9,"NOX",720,650
"SE3",2025,10,"NOX",744,735
"SE3",2025,11,"NOX",720,719
"SE3",2025,12,"NOX",744,742
"SE3",2025,1,"O3",744,743
"SE3",2025,2,"O3",672,672
"SE3",2025,3,"O3",744,730
"SE3",2025,4,"O3",720,719
"SE3",2025,5,"O3",744,743
"SE3",2025,6,"O3",720,717
"SE3",2025,7,"O3",744,734
"SE3",2025,8,"O3",744,744
"SE3",2025,9,"O3",720,716
"SE3",2025,10,"O3",744,743
"SE3",2025,11,"O3",720,719
"SE3",2025,12,"O3",744,736
"SE3",2025,1,"PM10",744,711
"SE3",2025,2,"PM10",672,659
"SE3",2025,3,"PM10",744,710
"SE3",2025,4,"PM10",720,700
"SE3",2025,5,"PM10",744,740
"SE3",2025,6,"PM10",720,711
"SE3",2025,7,"PM10",744,740
"SE3",2025,8,"PM10",744,732
"SE3",2025,9,"PM10",720,713
"SE3",2025,10,"PM10",744,742
"SE3",2025,11,"PM10",720,705
"SE3",2025,12,"PM10",744,742
"SE3",2025,1,"PM2.5",744,675
"SE3",2025,2,"PM2.5",672,624
"SE3",2025,3,"PM2.5",744,686
"SE3",2025,4,"PM2.5",720,569
"SE3",2025,5,"PM2.5",744,633
"SE3",2025,6,"PM2.5",720,414
"SE3",2025,7,"PM2.5",744,501
"SE3",2025,8,"PM2.5",744,437
"SE3",2025,9,"PM2.5",720,512
"SE3",2025,10,"PM2.5",744,644
"SE3",2025,11,"PM2.5",720,657
"SE3",2025,12,"PM2.5",744,671
"SE3",2025,1,"PRS",744,737
"SE3",2025,2,"PRS",672,672
"SE3",2025,3,"PRS",744,730
"SE3",2025,4,"PRS",720,719
"SE3",2025,5,"PRS",744,743
"SE3",2025,6,"PRS",720,718
"SE3",2025,7,"PRS",744,741
"SE3",2025,8,"PRS",744,744
"SE3",2025,9,"PRS",720,651
"SE3",2025,10,"PRS",744,738
"SE3",2025,11,"PRS",720,719
"SE3",2025,12,"PRS",744,742
"SE3",2025,1,"RAINF",744,743
"SE3",2025,2,"RAINF",672,672
"SE3",2025,3,"RAINF",744,731
"SE3",2025,4,"RAINF",720,719
"SE3",2025,5,"RAINF",744,743
"SE3",2025,6,"RAINF",720,718
"SE3",2025,7,"RAINF",744,743
"SE3",2025,8,"RAINF",744,744
"SE3",2025,9,"RAINF",720,653
"SE3",2025,10,"RAINF",744,738
"SE3",2025,11,"RAINF",720,719
"SE3",2025,12,"RAINF",744,742
"SE3",2025,1,"RH",744,725
"SE3",2025,2,"RH",672,672
"SE3",2025,3,"RH",744,732
"SE3",2025,4,"RH",720,719
"SE3",2025,5,"RH",744,743
"SE3",2025,6,"RH",720,718
"SE3",2025,7,"RH",744,743
"SE3",2025,8,"RH",744,743
"SE3",2025,9,"RH",720,652
"SE3",2025,10,"RH",744,738
"SE3",2025,11,"RH",720,716
"SE3",2025,12,"RH",744,742
"SE3",2025,1,"SO2",744,744
"SE3",2025,2,"SO2",672,672
"SE3",2025,3,"SO2",744,732
"SE3",2025,4,"SO2",720,719
"SE3",2025,5,"SO2",744,743
"SE3",2025,6,"SO2",720,718
"SE3",2025,7,"SO2",744,737
"SE3",2025,8,"SO2",744,744
"SE3",2025,9,"SO2",720,652
"SE3",2025,10,"SO2",744,737
"SE3",2025,11,"SO2",720,719
"SE3",2025,12,"SO2",744,742
"SE3",2025,1,"SR",744,743
"SE3",2025,2,"SR",672,672
"SE3",2025,3,"SR",744,732
"SE3",2025,4,"SR",720,719
"SE3",2025,5,"SR",744,744
"SE3",2025,6,"SR",720,720
"SE3",2025,7,"SR",744,743
"SE3",2025,8,"SR",744,744
"SE3",2025,9,"SR",720,603
"SE3",2025,10,"SR",744,532
"SE3",2025,11,"SR",720,720
"SE3",2025,12,"SR",744,734
"SE3",2025,1,"TOUT",744,744
"SE3",2025,2,"TOUT",672,672
"SE3",2025,3,"TOUT",744,732
"SE3",2025,4,"TOUT",720,719
"SE3",2025,5,"TOUT",744,743
"SE3",2025,6,"TOUT",720,718
"SE3",2025,7,"TOUT",744,742
"SE3",2025,8,"TOUT",744,744
"SE3",2025,9,"TOUT",720,653
"SE3",2025,10,"TOUT",744,737
"SE3",2025,11,"TOUT",720,719
"SE3",2025,12,"TOUT",744,742
"SE3",2025,1,"WSR",744,744
"SE3",2025,2,"WSR",672,662
"SE3",2025,3,"WSR",744,730
"SE3",2025,4,"WSR",720,718
"SE3",2025,5,"WSR",744,742
"SE3",2025,6,"WSR",720,715
"SE3",2025,7,"WSR",744,738
"SE3",2025,8,"WSR",744,743
"SE3",2025,9,"WSR",720,633
"SE3",2025,10,"WSR",744,727
"SE3",2025,11,"WSR",720,697
"SE3",2025,12,"WSR",744,717
"SE3",2025,1,"WDR",744,743
"SE3",2025,2,"WDR",672,671
"SE3",2025,3,"WDR",744,731
"SE3",2025,4,"WDR",720,719
"SE3",2025,5,"WDR",744,743
"SE3",2025,6,"WDR",720,717
"SE3",2025,7,"WDR",744,743
"SE3",2025,8,"WDR",744,744
"SE3",2025,9,"WDR",720,652
"SE3",2025,10,"WDR",744,737
"SE3",2025,11,"WDR",720,718
"SE3",2025,12,"WDR",744,742
"SO",2025,1,"CO",744,739
"SO",2025,2,"CO",672,664
"SO",2025,3,"CO",744,641
"SO",2025,4,"CO",720,622
"SO",2025,5,"CO",744,585
"SO",2025,6,"CO",720,708
"SO",2025,7,"CO",744,732
"SO",2025,8,"CO",744,740
"SO",2025,9,"CO",720,720
"SO",2025,10,"CO",744,743
"SO",2025,11,"CO",720,711
"SO",2025,12,"CO",744,729
"SO",2025,1,"NO",744,738
"SO",2025,2,"NO",672,664
"SO",2025,3,"NO",744,736
"SO",2025,4,"NO",720,713
"SO",2025,5,"NO",744,586
"SO",2025,6,"NO",720,697
"SO",2025,7,"NO",744,728
"SO",2025,8,"NO",744,737
"SO",2025,9,"NO",720,715
"SO",2025,10,"NO",744,741
"SO",2025,11,"NO",720,707
"SO",2025,12,"NO",744,419
"SO",2025,1,"NO2",744,739
"SO",2025,2,"NO2",672,664
"SO",2025,3,"NO2",744,739
"SO",2025,4,"NO2",720,717
"SO",2025,5,"NO2",744,588
"SO",2025,6,"NO2",720,708
"SO",2025,7,"NO2",744,730
"SO",2025,8,"NO2",744,740
"SO",2025,9,"NO2",720,720
"SO",2025,10,"NO2",744,743
"SO",2025,11,"NO2",720,711
"SO",2025,12,"NO2",744,420
"SO",2025,1,"NOX",744,738
"SO",2025,2,"NOX",672,664
"SO",2025,3,"NOX",744,739
"SO",2025,4,"NOX",720,717
"SO",2025,5,"NOX",744,588
"SO",2025,6,"NOX",720,708
"SO",2025,7,"NOX",744,730
"SO",2025,8,"NOX",744,740
"SO",2025,9,"NOX",720,720
"SO",2025,10,"NOX",744,743
"SO",2025,11,"NOX",720,711
"SO",2025,12,"NOX",744,420
"SO",2025,1,"O3",744,694
"SO",2025,2,"O3",672,636
"SO",2025,3,"O3",744,724
"SO",2025,4,"O3",720,716
"SO",2025,5,"O3",744,589
"SO",2025,6,"O3",720,704
"SO",2025,7,"O3",744,734
"SO",2025,8,"O3",744,737
"SO",2025,9,"O3",720,720
"SO",2025,10,"O3",744,737
"SO",2025,11,"O3",720,705
"SO",2025,12,"O3",744,650
"SO",2025,1,"PM10",744,732
"SO",2025,2,"PM10",672,664
"SO",2025,3,"PM10",744,733
"SO",2025,4,"PM10",720,718
"SO",2025,5,"PM10",744,583
"SO",2025,6,"PM10",720,706
"SO",2025,7,"PM10",744,740
"SO",2025,8,"PM10",744,735
"SO",2025,9,"PM10",720,714
"SO",2025,10,"PM10",744,740
"SO",2025,11,"PM10",720,717
"SO",2025,12,"PM10",744,738
"SO",2025,1,"PM2.5",744,588
"SO",2025,2,"PM2.5",672,462
"SO",2025,3,"PM2.5",744,738
"SO",2025,4,"PM2.5",720,695
"SO",2025,5,"PM2.5",744,209
"SO",2025,6,"PM2.5",720,618
"SO",2025,7,"PM2.5",744,618
"SO",2025,8,"PM2.5",744,585
"SO",2025,9,"PM2.5",720,462
"SO",2025,10,"PM2.5",744,571
"SO",2025,11,"PM2.5",720,614
"SO",2025,12,"PM2.5",744,673
"SO",2025,1,"PRS",744,738
"SO",2025,2,"PRS",672,664
"SO",2025,3,"PRS",744,715
"SO",2025,4,"PRS",720,0
"SO",2025,5,"PRS",744,523
"SO",2025,6,"PRS",720,708
"SO",2025,7,"PRS",744,737
"SO",2025,8,"PRS",744,740
"SO",2025,9,"PRS",720,720
"SO",2025,10,"PRS",744,743
"SO",2025,11,"PRS",720,711
"SO",2025,12,"PRS",744,729
"SO",2025,1,"RAINF",744,738
"SO",2025,2,"RAINF",672,664
"SO",2025,3,"RAINF",744,701
"SO",2025,4,"RAINF",720,79
"SO",2025,5,"RAINF",744,584
"SO",2025,6,"RAINF",720,708
"SO",2025,7,"RAINF",744,738
"SO",2025,8,"RAINF",744,740
"SO",2025,9,"RAINF",720,720
"SO",2025,10,"RAINF",744,743
"SO",2025,11,"RAINF",720,710
"SO",2025,12,"RAINF",744,729
"SO",2025,1,"RH",744,733
"SO",2025,2,"RH",672,663
"SO",2025,3,"RH",744,699
"SO",2025,4,"RH",720,2
"SO",2025,5,"RH",744,22
"SO",2025,6,"RH",720,31
"SO",2025,7,"RH",744,0
"SO",2025,8,"RH",744,3
"SO",2025,9,"RH",720,0
"SO",2025,10,"RH",744,344
"SO",2025,11,"RH",720,0
"SO",2025,12,"RH",744,0
"SO",2025,1,"SO2",744,739
"SO",2025,2,"SO2",672,664
"SO",2025,3,"SO2",744,739
"SO",2025,4,"SO2",720,717
"SO",2025,5,"SO2",744,589
"SO",2025,6,"SO2",720,708
"SO",2025,7,"SO2",744,731
"SO",2025,8,"SO2",744,740
"SO",2025,9,"SO2",720,710
"SO",2025,10,"SO2",744,742
"SO",2025,11,"SO2",720,711
"SO",2025,12,"SO2",744,729
"SO",2025,1,"SR",744,739
"SO",2025,2,"SR",672,665
"SO",2025,3,"SR",744,716
"SO",2025,4,"SR",720,573
"SO",2025,5,"SR",744,706
"SO",2025,6,"SR",720,712
"SO",2025,7,"SR",744,744
"SO",2025,8,"SR",744,741
"SO",2025,9,"SR",720,720
"SO",2025,10,"SR",744,743
"SO",2025,11,"SR",720,719
"SO",2025,12,"SR",744,741
"SO",2025,1,"TOUT",744,737
"SO",2025,2,"TOUT",672,664
"SO",2025,3,"TOUT",744,715
"SO",2025,4,"TOUT",720,0
"SO",2025,5,"TOUT",744,426
"SO",2025,6,"TOUT",720,708
"SO",2025,7,"TOUT",744,737
"SO",2025,8,"TOUT",744,740
"SO",2025,9,"TOUT",720,720
"SO",2025,10,"TOUT",744,743
"SO",2025,11,"TOUT",720,710
"SO",2025,12,"TOUT",744,729
"SO",2025,1,"WSR",744,735
"SO",2025,2,"WSR",672,664
"SO",2025,3,"WSR",744,715
"SO",2025,4,"WSR",720,0
"SO",2025,5,"WSR",744,426
"SO",2025,6,"WSR",720,708
"SO",2025,7,"WSR",744,737
"SO",2025,8,"WSR",744,740
"SO",2025,9,"WSR",720,720
"SO",2025,10,"WSR",744,743
"SO",2025,11,"WSR",720,710
"SO",2025,12,"WSR",744,729
"SO",2025,1,"WDR",744,738
"SO",2025,2,"WDR",672,664
"SO",2025,3,"WDR",744,715
"SO",2025,4,"WDR",720,18
"SO",2025,5,"WDR",744,434
"SO",2025,6,"WDR",720,708
"SO",2025,7,"WDR",744,738
"SO",2025,8,"WDR",744,740
"SO",2025,9,"WDR",720,720
"SO",2025,10,"WDR",744,743
"SO",2025,11,"WDR",720,710
"SO",2025,12,"WDR",744,729
"SO2",2025,1,"CO",744,722
"SO2",2025,2,"CO",672,666
"SO2",2025,3,"CO",744,739
"SO2",2025,4,"CO",720,601
"SO2",2025,5,"CO",744,741
"SO2",2025,6,"CO",720,719
"SO2",2025,7,"CO",744,743
"SO2",2025,8,"CO",744,743
"SO2",2025,9,"CO",720,548
"SO2",2025,10,"CO",744,549
"SO2",2025,11,"CO",720,528
"SO2",2025,12,"CO",744,614
"SO2",2025,1,"NO",744,740
"SO2",2025,2,"NO",672,665
"SO2",2025,3,"NO",744,737
"SO2",2025,4,"NO",720,710
"SO2",2025,5,"NO",744,733
"SO2",2025,6,"NO",720,706
"SO2",2025,7,"NO",744,727
"SO2",2025,8,"NO",744,738
"SO2",2025,9,"NO",720,701
"SO2",2025,10,"NO",744,737
"SO2",2025,11,"NO",720,714
"SO2",2025,12,"NO",744,729
"SO2",2025,1,"NO2",744,743
"SO2",2025,2,"NO2",672,666
"SO2",2025,3,"NO2",744,740
"SO2",2025,4,"NO2",720,719
"SO2",2025,5,"NO2",744,744
"SO2",2025,6,"NO2",720,719
"SO2",2025,7,"NO2",744,743
"SO2",2025,8,"NO2",744,738
"SO2",2025,9,"NO2",720,702
"SO2",2025,10,"NO2",744,743
"SO2",2025,11,"NO2",720,719
"SO2",2025,12,"NO2",744,733
"SO2",2025,1,"NOX",744,743
"SO2",2025,2,"NOX",672,666
"SO2",2025,3,"NOX",744,740
"SO2",2025,4,"NOX",720,719
"SO2",2025,5,"NOX",744,744
"SO2",2025,6,"NOX",720,719
"SO2",2025,7,"NOX",744,743
"SO2",2025,8,"NOX",744,738
"SO2",2025,9,"NOX",720,702
"SO2",2025,10,"NOX",744,743
"SO2",2025,11,"NOX",720,719
"SO2",2025,12,"NOX",744,733
"SO2",2025,1,"O3",744,704
"SO2",2025,2,"O3",672,644
"SO2",2025,3,"O3",744,739
"SO2",2025,4,"O3",720,720
"SO2",2025,5,"O3",744,742
"SO2",2025,6,"O3",720,718
"SO2",2025,7,"O3",744,741
"SO2",2025,8,"O3",744,742
"SO2",2025,9,"O3",720,719
"SO2",2025,10,"O3",744,743
"SO2",2025,11,"O3",720,719
"SO2",2025,12,"O3",744,701
"SO2",2025,1,"PM10",744,612
"SO2",2025,2,"PM10",672,632
"SO2",2025,3,"PM10",744,733
"SO2",2025,4,"PM10",720,715
"SO2",2025,5,"PM10",744,717
"SO2",2025,6,"PM10",720,666
"SO2",2025,7,"PM10",744,739
"SO2",2025,8,"PM10",744,717
"SO2",2025,9,"PM10",720,684
"SO2",2025,10,"PM10",744,732
"SO2",2025,11,"PM10",720,715
"SO2",2025,12,"PM10",744,702
"SO2",2025,1,"PM2.5",744,621
"SO2",2025,2,"PM2.5",672,585
"SO2",2025,3,"PM2.5",744,629
"SO2",2025,4,"PM2.5",720,575
"SO2",2025,5,"PM2.5",744,521
"SO2",2025,6,"PM2.5",720,500
"SO2",2025,7,"PM2.5",744,533
"SO2",2025,8,"PM2.5",744,399
"SO2",2025,9,"PM2.5",720,545
"SO2",2025,10,"PM2.5",744,595
"SO2",2025,11,"PM2.5",720,652
"SO2",2025,12,"PM2.5",744,691
"SO2",2025,1,"PRS",744,742
"SO2",2025,2,"PRS",672,665
"SO2",2025,3,"PRS",744,739
"SO2",2025,4,"PRS",720,719
"SO2",2025,5,"PRS",744,744
"SO2",2025,6,"PRS",720,719
"SO2",2025,7,"PRS",744,743
"SO2",2025,8,"PRS",744,743
"SO2",2025,9,"PRS",720,720
"SO2",2025,10,"PRS",744,743
"SO2",2025,11,"PRS",720,719
"SO2",2025,12,"PRS",744,733
"SO2",2025,1,"RAINF",744,742
"SO2",2025,2,"RAINF",672,666
"SO2",2025,3,"RAINF",744,740
"SO2",2025,4,"RAINF",720,720
"SO2",2025,5,"RAINF",744,744
"SO2",2025,6,"RAINF",720,719
"SO2",2025,7,"RAINF",744,744
"SO2",2025,8,"RAINF",744,743
"SO2",2025,9,"RAINF",720,720
"SO2",2025,10,"RAINF",744,743
"SO2",2025,11,"RAINF",720,719
"SO2",2025,12,"RAINF",744,733
"SO2",2025,1,"RH",744,707
"SO2",2025,2,"RH",672,660
"SO2",2025,3,"RH",744,737
"SO2",2025,4,"RH",720,720
"SO2",2025,5,"RH",744,744
"SO2",2025,6,"RH",720,719
"SO2",2025,7,"RH",744,744
"SO2",2025,8,"RH",744,743
"SO2",2025,9,"RH",720,719
"SO2",2025,10,"RH",744,743
"SO2",2025,11,"RH",720,719
"SO2",2025,12,"RH",744,719
"SO2",2025,1,"SO2",744,743
"SO2",2025,2,"SO2",672,666
"SO2",2025,3,"SO2",744,740
"SO2",2025,4,"SO2",720,719
"SO2",2025,5,"SO2",744,744
"SO2",2025,6,"SO2",720,719
"SO2",2025,7,"SO2",744,743
"SO2",2025,8,"SO2",744,742
"SO2",2025,9,"SO2",720,717
"SO2",2025,10,"SO2",744,742
"SO2",2025,11,"SO2",720,719
"SO2",2025,12,"SO2",744,733
"SO2",2025,1,"SR",744,743
"SO2",2025,2,"SR",672,668
"SO2",2025,3,"SR",744,741
"SO2",2025,4,"SR",720,720
"SO2",2025,5,"SR",744,743
"SO2",2025,6,"SR",720,720
"SO2",2025,7,"SR",744,744
"SO2",2025,8,"SR",744,744
"SO2",2025,9,"SR",720,720
"SO2",2025,10,"SR",744,743
"SO2",2025,11,"SR",720,720
"SO2",2025,12,"SR",744,744
"SO2",2025,1,"TOUT",744,743
"SO2",2025,2,"TOUT",672,665
"SO2",2025,3,"TOUT",744,740
"SO2",2025,4,"TOUT",720,719
"SO2",2025,5,"TOUT",744,744
"SO2",2025,6,"TOUT",720,719
"SO2",2025,7,"TOUT",744,743
"SO2",2025,8,"TOUT",744,743
"SO2",2025,9,"TOUT",720,720
"SO2",2025,10,"TOUT",744,743
"SO2",2025,11,"TOUT",720,719
"SO2",2025,12,"TOUT",744,733
"SO2",2025,1,"WSR",744,743
"SO2",2025,2,"WSR",672,666
"SO2",2025,3,"WSR",744,740
"SO2",2025,4,"WSR",720,719
"SO2",2025,5,"WSR",744,744
"SO2",2025,6,"WSR",720,719
"SO2",2025,7,"WSR",744,743
"SO2",2025,8,"WSR",744,743
"SO2",2025,9,"WSR",720,720
"SO2",2025,10,"WSR",744,743
"SO2",2025,11,"WSR",720,718
"SO2",2025,12,"WSR",744,733
"SO2",2025,1,"WDR",744,742
"SO2",2025,2,"WDR",672,664
"SO2",2025,3,"WDR",744,739
"SO2",2025,4,"WDR",720,719
"SO2",2025,5,"WDR",744,744
"SO2",2025,6,"WDR",720,718
"SO2",2025,7,"WDR",744,743
"SO2",2025,8,"WDR",744,742
"SO2",2025,9,"WDR",720,720
"SO2",2025,10,"WDR",744,743
"SO2",2025,11,"WDR",720,719
"SO2",2025,12,"WDR",744,733
"SUR",2025,1,"CO",744,737
"SUR",2025,2,"CO",672,671
"SUR",2025,3,"CO",744,669
"SUR",2025,4,"CO",720,659
"SUR",2025,5,"CO",744,744
"SUR",2025,6,"CO",720,694
"SUR",2025,7,"CO",744,637
"SUR",2025,8,"CO",744,649
"SUR",2025,9,"CO",720,719
"SUR",2025,10,"CO",744,733
"SUR",2025,11,"CO",720,526
"SUR",2025,12,"CO",744,715
"SUR",2025,1,"NO",744,726
"SUR",2025,2,"NO",672,656
"SUR",2025,3,"NO",744,707
"SUR",2025,4,"NO",720,662
"SUR",2025,5,"NO",744,685
"SUR",2025,6,"NO",720,661
"SUR",2025,7,"NO",744,739
"SUR",2025,8,"NO",744,724
"SUR",2025,9,"NO",720,559
"SUR",2025,10,"NO",744,728
"SUR",2025,11,"NO",720,516
"SUR",2025,12,"NO",744,711
"SUR",2025,1,"NO2",744,735
"SUR",2025,2,"NO2",672,671
"SUR",2025,3,"NO2",744,729
"SUR",2025,4,"NO2",720,717
"SUR",2025,5,"NO2",744,744
"SUR",2025,6,"NO2",720,694
"SUR",2025,7,"NO2",744,739
"SUR",2025,8,"NO2",744,724
"SUR",2025,9,"NO2",720,541
"SUR",2025,10,"NO2",744,739
"SUR",2025,11,"NO2",720,524
"SUR",2025,12,"NO2",744,715
"SUR",2025,1,"NOX",744,735
"SUR",2025,2,"NOX",672,671
"SUR",2025,3,"NOX",744,729
"SUR",2025,4,"NOX",720,716
"SUR",2025,5,"NOX",744,744
"SUR",2025,6,"NOX",720,694
"SUR",2025,7,"NOX",744,739
"SUR",2025,8,"NOX",744,724
"SUR",2025,9,"NOX",720,561
"SUR",2025,10,"NOX",744,739
"SUR",2025,11,"NOX",720,524
"SUR",2025,12,"NOX",744,715
"SUR",2025,1,"O3",744,730
"SUR",2025,2,"O3",672,671
"SUR",2025,3,"O3",744,739
"SUR",2025,4,"O3",720,719
"SUR",2025,5,"O3",744,744
"SUR",2025,6,"O3",720,690
"SUR",2025,7,"O3",744,739
"SUR",2025,8,"O3",744,736
"SUR",2025,9,"O3",720,720
"SUR",2025,10,"O3",744,744
"SUR",2025,11,"O3",720,719
"SUR",2025,12,"O3",744,731
"SUR",2025,1,"PM10",744,734
"SUR",2025,2,"PM10",672,665
"SUR",2025,3,"PM10",744,716
"SUR",2025,4,"PM10",720,699
"SUR",2025,5,"PM10",744,726
"SUR",2025,6,"PM10",720,691
"SUR",2025,7,"PM10",744,738
"SUR",2025,8,"PM10",744,733
"SUR",2025,9,"PM10",720,649
"SUR",2025,10,"PM10",744,740
"SUR",2025,11,"PM10",720,714
"SUR",2025,12,"PM10",744,740
"SUR",2025,1,"PM2.5",744,639
"SUR",2025,2,"PM2.5",672,617
"SUR",2025,3,"PM2.5",744,647
"SUR",2025,4,"PM2.5",720,630
"SUR",2025,5,"PM2.5",744,267
"SUR",2025,6,"PM2.5",720,426
"SUR",2025,7,"PM2.5",744,695
"SUR",2025,8,"PM2.5",744,654
"SUR",2025,9,"PM2.5",720,598
"SUR",2025,10,"PM2.5",744,485
"SUR",2025,11,"PM2.5",720,682
"SUR",2025,12,"PM2.5",744,688
"SUR",2025,1,"PRS",744,297
"SUR",2025,2,"PRS",672,671
"SUR",2025,3,"PRS",744,326
"SUR",2025,4,"PRS",720,659
"SUR",2025,5,"PRS",744,744
"SUR",2025,6,"PRS",720,694
"SUR",2025,7,"PRS",744,741
"SUR",2025,8,"PRS",744,737
"SUR",2025,9,"PRS",720,720
"SUR",2025,10,"PRS",744,744
"SUR",2025,11,"PRS",720,527
"SUR",2025,12,"PRS",744,715
"SUR",2025,1,"RAINF",744,737
"SUR",2025,2,"RAINF",672,671
"SUR",2025,3,"RAINF",744,495
"SUR",2025,4,"RAINF",720,719
"SUR",2025,5,"RAINF",744,744
"SUR",2025,6,"RAINF",720,694
"SUR",2025,7,"RAINF",744,741
"SUR",2025,8,"RAINF",744,738
"SUR",2025,9,"RAINF",720,720
"SUR",2025,10,"RAINF",744,744
"SUR",2025,11,"RAINF",720,527
"SUR",2025,12,"RAINF",744,714
"SUR",2025,1,"RH",744,290
"SUR",2025,2,"RH",672,671
"SUR",2025,3,"RH",744,313
"SUR",2025,4,"RH",720,659
"SUR",2025,5,"RH",744,744
"SUR",2025,6,"RH",720,694
"SUR",2025,7,"RH",744,741
"SUR",2025,8,"RH",744,738
"SUR",2025,9,"RH",720,718
"SUR",2025,10,"RH",744,744
"SUR",2025,11,"RH",720,527
"SUR",2025,12,"RH",744,713
"SUR",2025,1,"SO2",744,737
"SUR",2025,2,"SO2",672,671
"SUR",2025,3,"SO2",744,741
"SUR",2025,4,"SO2",720,719
"SUR",2025,5,"SO2",744,744
"SUR",2025,6,"SO2",720,694
"SUR",2025,7,"SO2",744,738
"SUR",2025,8,"SO2",744,738
"SUR",2025,9,"SO2",720,719
"SUR",2025,10,"SO2",744,743
"SUR",2025,11,"SO2",720,527
"SUR",2025,12,"SO2",744,714
"SUR",2025,1,"SR",744,736
"SUR",2025,2,"SR",672,672
"SUR",2025,3,"SR",744,587
"SUR",2025,4,"SR",720,685
"SUR",2025,5,"SR",744,743
"SUR",2025,6,"SR",720,696
"SUR",2025,7,"SR",744,741
"SUR",2025,8,"SR",744,740
"SUR",2025,9,"SR",720,720
"SUR",2025,10,"SR",744,744
"SUR",2025,11,"SR",720,720
"SUR",2025,12,"SR",744,744
"SUR",2025,1,"TOUT",744,288
"SUR",2025,2,"TOUT",672,671
"SUR",2025,3,"TOUT",744,325
"SUR",2025,4,"TOUT",720,646
"SUR",2025,5,"TOUT",744,744
"SUR",2025,6,"TOUT",720,693
"SUR",2025,7,"TOUT",744,740
"SUR",2025,8,"TOUT",744,738
"SUR",2025,9,"TOUT",720,720
"SUR",2025,10,"TOUT",744,744
"SUR",2025,11,"TOUT",720,527
"SUR",2025,12,"TOUT",744,714
"SUR",2025,1,"WSR",744,737
"SUR",2025,2,"WSR",672,670
"SUR",2025,3,"WSR",744,495
"SUR",2025,4,"WSR",720,719
"SUR",2025,5,"WSR",744,740
"SUR",2025,6,"WSR",720,694
"SUR",2025,7,"WSR",744,739
"SUR",2025,8,"WSR",744,738
"SUR",2025,9,"WSR",720,720
"SUR",2025,10,"WSR",744,742
"SUR",2025,11,"WSR",720,514
"SUR",2025,12,"WSR",744,698
"SUR",2025,1,"WDR",744,736
"SUR",2025,2,"WDR",672,671
"SUR",2025,3,"WDR",744,493
"SUR",2025,4,"WDR",720,716
"SUR",2025,5,"WDR",744,742
"SUR",2025,6,"WDR",720,692
"SUR",2025,7,"WDR",744,739
"SUR",2025,8,"WDR",744,737
"SUR",2025,9,"WDR",720,720
"SUR",2025,10,"WDR",744,743
"SUR",2025,11,"WDR",720,525
"SUR",2025,12,"WDR",744,705
