"archivo","hoja","anio","variable","horas_esperadas","horas_presentes","pct_faltante","no_numericos","rango_min","rango_max","fuera_rango_bajo","fuera_rango_alto","pct_fuera_rango","negativos","horas_validas","rachas_n","rachas_horas","racha_max_horas","rachas_horas_no_cero"
"BD 2020.xlsx","CE",2020,"CO",8784,8662,1.38888888888888,0,0,20,0,0,0,0,8662,1,8,8,8
"BD 2020.xlsx","CE",2020,"NO",8784,7804,11.1566484517304,0,0,500,0,0,0,0,7804,101,863,12,863
"BD 2020.xlsx","CE",2020,"NO2",8784,7766,11.5892531876138,0,0,200,0,0,0,0,7766,0,0,0,0
"BD 2020.xlsx","CE",2020,"NOX",8784,7750,11.7714025500911,0,0,500,0,0,0,0,7750,0,0,0,0
"BD 2020.xlsx","CE",2020,"O3",8784,7334,16.5072859744991,0,0,153,0,0,0,0,7334,0,0,0,0
"BD 2020.xlsx","CE",2020,"PM10",8784,8401,4.36020036429873,0,0,800,0,0,0,0,8401,0,0,0,0
"BD 2020.xlsx","CE",2020,"PM2.5",8784,6938,21.0154826958106,0,0,205.94,0,0,0,0,6938,0,0,0,0
"BD 2020.xlsx","CE",2020,"PRS",8784,8652,1.50273224043715,0,690,750,1,0,0.0115580212667591,0,8651,0,0,0,0
"BD 2020.xlsx","CE",2020,"RAINF",8784,8661,1.40027322404371,0,0,30,0,0,0,0,8661,32,8661,743,0
"BD 2020.xlsx","CE",2020,"RH",8784,8658,1.4344262295082,0,0,100,0,0,0,0,8658,6,37,7,37
"BD 2020.xlsx","CE",2020,"SO2",8784,8662,1.38888888888888,0,0,200,0,0,0,0,8662,6,37,7,37
"BD 2020.xlsx","CE",2020,"SR",8784,8662,1.38888888888888,0,0,1,0,0,0,0,8662,22,142,8,142
"BD 2020.xlsx","CE",2020,"TOUT",8784,8651,1.51411657559198,0,0,41,0,0,0,0,8651,0,0,0,0
"BD 2020.xlsx","CE",2020,"WSR",8784,8653,1.49134790528234,0,0,75,0,0,0,0,8653,0,0,0,0
"BD 2020.xlsx","CE",2020,"WDR",8784,8651,1.51411657559198,0,0,360,0,0,0,0,8651,0,0,0,0
"BD 2020.xlsx","NE",2020,"CO",8784,4635,47.2336065573771,0,0,20,0,0,0,0,4635,4,28,8,28
"BD 2020.xlsx","NE",2020,"NO",8784,3421,61.054189435337,0,0,500,0,0,0,0,3421,179,2497,67,2497
"BD 2020.xlsx","NE",2020,"NO2",8784,0,100,0,0,200,0,0,,0,0,0,0,0,0
"BD 2020.xlsx","NE",2020,"NOX",8784,0,100,0,0,500,0,0,,0,0,0,0,0,0
"BD 2020.xlsx","NE",2020,"O3",8784,9,99.8975409836066,0,0,153,0,0,0,0,9,0,0,0,0
"BD 2020.xlsx","NE",2020,"PM10",8784,8153,7.18351548269581,0,0,800,0,0,0,0,8153,0,0,0,0
"BD 2020.xlsx","NE",2020,"PM2.5",8784,7923,9.80191256830602,0,0,205.94,0,0,0,0,7923,0,0,0,0
"BD 2020.xlsx","NE",2020,"PRS",8784,6820,22.3588342440801,0,690,750,1,0,0.0146627565982405,0,6819,0,0,0,0
"BD 2020.xlsx","NE",2020,"RAINF",8784,7221,17.7937158469945,0,0,30,0,0,0,0,7221,57,7129,743,0
"BD 2020.xlsx","NE",2020,"RH",8784,6817,22.3929872495446,0,0,100,0,0,0,0,6817,23,160,7,160
"BD 2020.xlsx","NE",2020,"SO2",8784,1212,86.2021857923497,0,0,200,0,0,0,0,1212,0,0,0,0
"BD 2020.xlsx","NE",2020,"SR",8784,7834,10.8151183970856,0,0,1,0,0,0,0,7834,160,6292,731,0
"BD 2020.xlsx","NE",2020,"TOUT",8784,6825,22.301912568306,0,0,41,0,0,0,0,6825,0,0,0,0
"BD 2020.xlsx","NE",2020,"WSR",8784,4598,47.6548269581056,0,0,75,0,6,0.130491518051327,0,4592,0,0,0,0
"BD 2020.xlsx","NE",2020,"WDR",8784,5476,37.6593806921676,0,0,360,0,0,0,0,5476,0,0,0,0
"BD 2020.xlsx","NE2",2020,"CO",8784,5920,32.6047358834244,0,0,20,0,0,0,0,5920,4,35,12,35
"BD 2020.xlsx","NE2",2020,"NO",8784,175,98.0077413479053,0,0,500,0,0,0,0,175,0,0,0,0
"BD 2020.xlsx","NE2",2020,"NO2",8784,197,97.7572859744991,0,0,200,0,0,0,0,197,0,0,0,0
"BD 2020.xlsx","NE2",2020,"NOX",8784,575,93.4540072859745,0,0,500,0,0,0,0,575,0,0,0,0
"BD 2020.xlsx","NE2",2020,"O3",8784,956,89.1165755919854,0,0,153,0,0,0,0,956,0,0,0,0
"BD 2020.xlsx","NE2",2020,"PM10",8784,7999,8.93670309653917,0,0,800,0,0,0,0,7999,0,0,0,0
"BD 2020.xlsx","NE2",2020,"PM2.5",8784,6003,31.6598360655738,0,0,205.94,0,0,0,0,6003,0,0,0,0
"BD 2020.xlsx","NE2",2020,"PRS",8784,8475,3.51775956284153,0,690,750,0,0,0,0,8475,0,0,0,0
"BD 2020.xlsx","NE2",2020,"RAINF",8784,8480,3.46083788706739,0,0,30,0,0,0,0,8480,97,8071,461,0
"BD 2020.xlsx","NE2",2020,"RH",8784,8478,3.48360655737705,0,0,100,0,0,0,0,8478,6,38,7,38
"BD 2020.xlsx","NE2",2020,"SO2",8784,4814,45.195810564663,0,0,200,0,0,0,0,4814,0,0,0,0
"BD 2020.xlsx","NE2",2020,"SR",8784,8698,0.979052823315119,0,0,1,0,0,0,0,8698,238,2450,82,978
"BD 2020.xlsx","NE2",2020,"TOUT",8784,8479,3.47222222222222,0,0,41,0,0,0,0,8479,0,0,0,0
"BD 2020.xlsx","NE2",2020,"WSR",8784,5188,40.9380692167577,0,0,75,0,0,0,0,5188,0,0,0,0
"BD 2020.xlsx","NE2",2020,"WDR",8784,7583,13.6725865209472,0,0,360,0,0,0,0,7583,0,0,0,0
"BD 2020.xlsx","NO",2020,"CO",8784,445,94.933970856102,0,0,20,0,0,0,0,445,0,0,0,0
"BD 2020.xlsx","NO",2020,"NO",8784,3583,59.209927140255,0,0,500,0,0,0,0,3583,21,164,12,164
"BD 2020.xlsx","NO",2020,"NO2",8784,1112,87.3406193078324,0,0,200,0,0,0,0,1112,3,18,6,18
"BD 2020.xlsx","NO",2020,"NOX",8784,1263,85.6215846994536,0,0,500,0,0,0,0,1263,0,0,0,0
"BD 2020.xlsx","NO",2020,"O3",8784,137,98.4403460837887,0,0,153,0,0,0,0,137,0,0,0,0
"BD 2020.xlsx","NO",2020,"PM10",8784,8480,3.46083788706739,0,0,800,0,0,0,0,8480,0,0,0,0
"BD 2020.xlsx","NO",2020,"PM2.5",8784,8477,3.49499089253188,0,0,205.94,0,0,0,0,8477,0,0,0,0
"BD 2020.xlsx","NO",2020,"PRS",8784,8660,1.41165755919854,0,690,750,0,0,0,0,8660,0,0,0,0
"BD 2020.xlsx","NO",2020,"RAINF",8784,8664,1.36612021857924,0,0,30,0,0,0,0,8664,32,8664,743,0
"BD 2020.xlsx","NO",2020,"RH",8784,8663,1.37750455373407,0,0,100,0,0,0,0,8663,5,33,7,33
"BD 2020.xlsx","NO",2020,"SO2",8784,2250,74.3852459016394,0,0,200,0,0,0,0,2250,3,23,8,23
"BD 2020.xlsx","NO",2020,"SR",8784,8671,1.28642987249544,0,0,1,0,0,0,0,8671,357,3877,13,3877
"BD 2020.xlsx","NO",2020,"TOUT",8784,8666,1.34335154826958,0,0,41,0,0,0,0,8666,0,0,0,0
"BD 2020.xlsx","NO",2020,"WSR",8784,8394,4.43989071038251,0,0,75,0,0,0,0,8394,0,0,0,0
"BD 2020.xlsx","NO",2020,"WDR",8784,5496,37.431693989071,0,0,360,0,0,0,0,5496,0,0,0,0
"BD 2020.xlsx","NO2",2020,"CO",8784,8668,1.32058287795993,0,0,20,0,0,0,0,8668,0,0,0,0
"BD 2020.xlsx","NO2",2020,"NO",8784,7730,11.9990892531876,0,0,500,0,0,0,0,7730,0,0,0,0
"BD 2020.xlsx","NO2",2020,"NO2",8784,5280,39.8907103825137,0,0,200,0,0,0,0,5280,40,295,11,295
"BD 2020.xlsx","NO2",2020,"NOX",8784,7734,11.9535519125683,0,0,500,0,0,0,0,7734,0,0,0,0
"BD 2020.xlsx","NO2",2020,"O3",8784,6992,20.4007285974499,0,0,153,0,0,0,0,6992,0,0,0,0
"BD 2020.xlsx","NO2",2020,"PM10",8784,8523,2.97131147540983,0,0,800,0,0,0,0,8523,0,0,0,0
"BD 2020.xlsx","NO2",2020,"PM2.5",8784,7338,16.4617486338798,0,0,205.94,0,0,0,0,7338,0,0,0,0
"BD 2020.xlsx","NO2",2020,"PRS",8784,8660,1.41165755919854,0,690,750,0,0,0,0,8660,1,7,7,7
"BD 2020.xlsx","NO2",2020,"RAINF",8784,8668,1.32058287795993,0,0,30,0,0,0,0,8668,77,8383,643,0
"BD 2020.xlsx","NO2",2020,"RH",8784,8629,1.76457194899818,0,0,100,0,0,0,0,8629,11,74,7,74
"BD 2020.xlsx","NO2",2020,"SO2",8784,7451,15.1753187613843,0,0,200,0,0,0,0,7451,0,0,0,0
"BD 2020.xlsx","NO2",2020,"SR",8784,8743,0.466757741347901,0,0,1,0,0,0,0,8743,355,3856,21,23
"BD 2020.xlsx","NO2",2020,"TOUT",8784,8667,1.33196721311475,0,0,41,0,0,0,0,8667,0,0,0,0
"BD 2020.xlsx","NO2",2020,"WSR",8784,7995,8.98224043715847,0,0,75,0,0,0,0,7995,0,0,0,0
"BD 2020.xlsx","NO2",2020,"WDR",8784,7050,19.7404371584699,0,0,360,0,0,0,0,7050,0,0,0,0
"BD 2020.xlsx","NTE",2020,"CO",8784,65,99.2600182149363,0,0,20,0,0,0,0,65,3,61,36,61
"BD 2020.xlsx","NTE",2020,"NO",8784,0,100,0,0,500,0,0,,0,0,0,0,0,0
"BD 2020.xlsx","NTE",2020,"NO2",8784,0,100,0,0,200,0,0,,0,0,0,0,0,0
"BD 2020.xlsx","NTE",2020,"NOX",8784,0,100,0,0,500,0,0,,0,0,0,0,0,0
"BD 2020.xlsx","NTE",2020,"O3",8784,1,99.9886156648452,0,0,153,0,0,0,0,1,0,0,0,0
"BD 2020.xlsx","NTE",2020,"PM10",8784,6500,26.0018214936248,0,0,800,0,0,0,0,6500,0,0,0,0
"BD 2020.xlsx","NTE",2020,"PM2.5",8784,5887,32.9804189435337,0,0,205.94,0,0,0,0,5887,0,0,0,0
"BD 2020.xlsx","NTE",2020,"PRS",8784,874,90.0500910746812,0,690,750,0,0,0,0,874,0,0,0,0
"BD 2020.xlsx","NTE",2020,"RAINF",8784,2679,69.5013661202186,0,0,30,0,0,0,0,2679,12,2679,743,0
"BD 2020.xlsx","NTE",2020,"RH",8784,1213,86.1908014571949,0,0,100,0,0,0,0,1213,8,54,7,54
"BD 2020.xlsx","NTE",2020,"SO2",8784,22,99.7495446265938,0,0,200,0,0,0,0,22,0,0,0,0
"BD 2020.xlsx","NTE",2020,"SR",8784,8149,7.22905282331512,0,0,1,0,0,0,0,8149,75,7685,1685,418
"BD 2020.xlsx","NTE",2020,"TOUT",8784,1301,85.1889799635701,0,0,41,426,0,32.7440430438125,426,875,0,0,0,0
"BD 2020.xlsx","NTE",2020,"WSR",8784,2144,75.591985428051,0,0,75,0,0,0,0,2144,7,67,15,67
"BD 2020.xlsx","NTE",2020,"WDR",8784,1498,82.9462659380692,0,0,360,0,0,0,0,1498,0,0,0,0
"BD 2020.xlsx","NTE2",2020,"CO",8784,6672,24.0437158469945,0,0,20,0,0,0,0,6672,0,0,0,0
"BD 2020.xlsx","NTE2",2020,"NO",8784,2065,76.4913479052823,0,0,500,0,0,0,0,2065,29,313,43,313
"BD 2020.xlsx","NTE2",2020,"NO2",8784,1598,81.8078324225865,0,0,200,0,0,0,0,1598,0,0,0,0
"BD 2020.xlsx","NTE2",2020,"NOX",8784,1600,81.7850637522769,0,0,500,0,0,0,0,1600,0,0,0,0
"BD 2020.xlsx","NTE2",2020,"O3",8784,585,93.3401639344262,0,0,153,0,1,0.170940170940171,0,584,0,0,0,0
"BD 2020.xlsx","NTE2",2020,"PM10",8784,8040,8.46994535519126,0,0,800,0,0,0,0,8040,1,25,25,25
"BD 2020.xlsx","NTE2",2020,"PM2.5",8784,4997,43.1124772313297,0,0,205.94,0,0,0,0,4997,16,187,36,187
"BD 2020.xlsx","NTE2",2020,"PRS",8784,8614,1.93533697632058,0,690,750,0,0,0,0,8614,1,6,6,6
"BD 2020.xlsx","NTE2",2020,"RAINF",8784,8619,1.87841530054644,0,0,30,0,0,0,0,8619,105,8207,401,0
"BD 2020.xlsx","NTE2",2020,"RH",8784,8615,1.92395264116576,0,0,100,0,0,0,0,8615,5,32,7,32
"BD 2020.xlsx","NTE2",2020,"SO2",8784,2659,69.7290528233151,0,0,200,0,0,0,0,2659,0,0,0,0
"BD 2020.xlsx","NTE2",2020,"SR",8784,8705,0.899362477231325,0,0,1,0,0,0,0,8705,363,4077,29,0
"BD 2020.xlsx","NTE2",2020,"TOUT",8784,8618,1.88979963570127,0,0,41,0,0,0,0,8618,0,0,0,0
"BD 2020.xlsx","NTE2",2020,"WSR",8784,8617,1.9011839708561,0,0,75,0,0,0,0,8617,0,0,0,0
"BD 2020.xlsx","NTE2",2020,"WDR",8784,8614,1.93533697632058,0,0,360,0,0,0,0,8614,0,0,0,0
"BD 2020.xlsx","SE",2020,"CO",8784,7712,12.2040072859745,0,0,20,0,0,0,0,7712,4,27,7,27
"BD 2020.xlsx","SE",2020,"NO",8784,0,100,0,0,500,0,0,,0,0,0,0,0,0
"BD 2020.xlsx","SE",2020,"NO2",8784,0,100,0,0,200,0,0,,0,0,0,0,0,0
"BD 2020.xlsx","SE",2020,"NOX",8784,0,100,0,0,500,0,0,,0,0,0,0,0,0
"BD 2020.xlsx","SE",2020,"O3",8784,8134,7.39981785063752,0,0,153,0,0,0,0,8134,0,0,0,0
"BD 2020.xlsx","SE",2020,"PM10",8784,8266,5.89708561020036,0,0,800,0,0,0,0,8266,0,0,0,0
"BD 2020.xlsx","SE",2020,"PM2.5",8784,7970,9.26684881602914,0,0,205.94,0,0,0,0,7970,0,0,0,0
"BD 2020.xlsx","SE",2020,"PRS",8784,7358,16.2340619307832,0,690,750,2,0,0.0271812992661049,0,7356,2,13,7,13
"BD 2020.xlsx","SE",2020,"RAINF",8784,8576,2.367941712204,0,0,30,0,0,0,0,8576,123,8113,511,7
"BD 2020.xlsx","SE",2020,"RH",8784,8570,2.43624772313297,0,0,100,0,0,0,0,8570,11,73,7,73
"BD 2020.xlsx","SE",2020,"SO2",8784,7647,12.9439890710383,0,0,200,0,0,0,0,7647,0,0,0,0
"BD 2020.xlsx","SE",2020,"SR",8784,8701,0.944899817850642,0,0,1,0,1,0.0114929318469141,0,8700,344,3668,30,3595
"BD 2020.xlsx","SE",2020,"TOUT",8784,8135,7.3884335154827,0,0,41,19,0,0.233558696988322,19,8116,0,0,0,0
"BD 2020.xlsx","SE",2020,"WSR",8784,8538,2.80054644808743,0,0,75,0,0,0,0,8538,0,0,0,0
"BD 2020.xlsx","SE",2020,"WDR",8784,793,90.9722222222222,0,0,360,0,0,0,0,793,0,0,0,0
"BD 2020.xlsx","SE2",2020,"CO",8784,84,99.0437158469945,0,0,20,0,0,0,0,84,0,0,0,0
"BD 2020.xlsx","SE2",2020,"NO",8784,858,90.2322404371585,0,0,500,0,0,0,0,858,0,0,0,0
"BD 2020.xlsx","SE2",2020,"NO2",8784,850,90.3233151183971,0,0,200,0,0,0,0,850,2,18,10,18
"BD 2020.xlsx","SE2",2020,"NOX",8784,857,90.2436247723133,0,0,500,0,0,0,0,857,0,0,0,0
"BD 2020.xlsx","SE2",2020,"O3",8784,0,100,0,0,153,0,0,,0,0,0,0,0,0
"BD 2020.xlsx","SE2",2020,"PM10",8784,7933,9.68806921675774,0,0,800,0,0,0,0,7933,0,0,0,0
"BD 2020.xlsx","SE2",2020,"PM2.5",8784,5960,32.1493624772313,0,0,205.94,0,0,0,0,5960,1,6,6,6
"BD 2020.xlsx","SE2",2020,"PRS",8784,7229,17.7026411657559,0,690,750,0,0,0,0,7229,13,82,8,82
"BD 2020.xlsx","SE2",2020,"RAINF",8784,1218,86.1338797814208,0,0,30,0,0,0,0,1218,8,1183,449,0
"BD 2020.xlsx","SE2",2020,"RH",8784,15,99.8292349726776,0,0,100,0,0,0,0,15,2,14,7,14
"BD 2020.xlsx","SE2",2020,"SO2",8784,7813,11.054189435337,0,0,200,0,0,0,0,7813,0,0,0,0
"BD 2020.xlsx","SE2",2020,"SR",8784,8735,0.557832422586524,0,0,1,0,0,0,0,8735,297,3570,201,1842
"BD 2020.xlsx","SE2",2020,"TOUT",8784,7214,17.8734061930783,0,0,41,0,0,0,0,7214,0,0,0,0
"BD 2020.xlsx","SE2",2020,"WSR",8784,7009,20.2071948998178,0,0,75,0,0,0,0,7009,0,0,0,0
"BD 2020.xlsx","SE2",2020,"WDR",8784,8082,7.99180327868853,0,0,360,0,0,0,0,8082,0,0,0,0
"BD 2020.xlsx","SE3",2020,"CO",8784,7858,10.5418943533698,0,0,20,0,0,0,0,7858,0,0,0,0
"BD 2020.xlsx","SE3",2020,"NO",8784,8621,1.8556466302368,0,0,500,0,0,0,0,8621,0,0,0,0
"BD 2020.xlsx","SE3",2020,"NO2",8784,8640,1.63934426229508,0,0,200,0,0,0,0,8640,0,0,0,0
"BD 2020.xlsx","SE3",2020,"NOX",8784,8649,1.53688524590164,0,0,500,0,0,0,0,8649,0,0,0,0
"BD 2020.xlsx","SE3",2020,"O3",8784,6271,28.6088342440801,0,0,153,0,0,0,0,6271,0,0,0,0
"BD 2020.xlsx","SE3",2020,"PM10",8784,8266,5.89708561020036,0,0,800,0,0,0,0,8266,0,0,0,0
"BD 2020.xlsx","SE3",2020,"PM2.5",8784,7320,16.6666666666667,0,0,205.94,0,0,0,0,7320,0,0,0,0
"BD 2020.xlsx","SE3",2020,"PRS",8784,8648,1.54826958105647,0,690,750,0,0,0,0,8648,8,1032,287,1032
"BD 2020.xlsx","SE3",2020,"RAINF",8784,8650,1.52550091074681,0,0,30,0,0,0,0,8650,132,8244,536,0
"BD 2020.xlsx","SE3",2020,"RH",8784,8639,1.65072859744991,0,0,100,0,0,0,0,8639,6,40,7,40
"BD 2020.xlsx","SE3",2020,"SO2",8784,7667,12.7163023679417,0,0,200,0,0,0,0,7667,0,0,0,0
"BD 2020.xlsx","SE3",2020,"SR",8784,8761,0.261839708561018,0,0,1,0,0,0,0,8761,338,3398,51,3329
"BD 2020.xlsx","SE3",2020,"TOUT",8784,8650,1.52550091074681,0,0,41,0,0,0,0,8650,0,0,0,0
"BD 2020.xlsx","SE3",2020,"WSR",8784,8645,1.58242258652095,0,0,75,0,0,0,0,8645,0,0,0,0
"BD 2020.xlsx","SE3",2020,"WDR",8784,8635,1.69626593806922,0,0,360,0,0,0,0,8635,0,0,0,0
"BD 2020.xlsx","SO",2020,"CO",8784,4463,49.1917122040073,0,0,20,0,0,0,0,4463,0,0,0,0
"BD 2020.xlsx","SO",2020,"NO",8784,5741,34.6425318761384,0,0,500,0,0,0,0,5741,59,4117,547,4117
"BD 2020.xlsx","SO",2020,"NO2",8784,4619,47.4157559198543,0,0,200,0,0,0,0,4619,89,4422,547,4422
"BD 2020.xlsx","SO",2020,"NOX",8784,4638,47.1994535519126,0,0,500,0,0,0,0,4638,67,1775,289,1775
"BD 2020.xlsx","SO",2020,"O3",8784,6059,31.0223132969035,0,0,153,0,0,0,0,6059,0,0,0,0
"BD 2020.xlsx","SO",2020,"PM10",8784,8517,3.0396174863388,0,0,800,0,0,0,0,8517,0,0,0,0
"BD 2020.xlsx","SO",2020,"PM2.5",8784,8239,6.20446265938069,0,0,205.94,0,0,0,0,8239,0,0,0,0
"BD 2020.xlsx","SO",2020,"PRS",8784,7977,9.18715846994536,0,690,750,97,0,1.21599598846684,0,7880,0,0,0,0
"BD 2020.xlsx","SO",2020,"RAINF",8784,8719,0.739981785063748,0,0,30,0,0,0,0,8719,76,8527,455,0
"BD 2020.xlsx","SO",2020,"RH",8784,8677,1.21812386156649,0,0,100,0,0,0,0,8677,9,60,7,60
"BD 2020.xlsx","SO",2020,"SO2",8784,6519,25.7855191256831,0,0,200,0,0,0,0,6519,0,0,0,0
"BD 2020.xlsx","SO",2020,"SR",8784,8751,0.375683060109289,0,0,1,0,0,0,0,8751,365,4103,14,0
"BD 2020.xlsx","SO",2020,"TOUT",8784,8715,0.785519125683065,0,0,41,5,0,0.057372346528973,5,8710,0,0,0,0
"BD 2020.xlsx","SO",2020,"WSR",8784,8707,0.876593806921677,0,0,75,0,0,0,0,8707,0,0,0,0
"BD 2020.xlsx","SO",2020,"WDR",8784,7224,17.7595628415301,0,0,360,0,0,0,0,7224,0,0,0,0
"BD 2020.xlsx","SO2",2020,"CO",8784,8738,0.523679417122036,0,0,20,0,0,0,0,8738,0,0,0,0
"BD 2020.xlsx","SO2",2020,"NO",8784,4382,50.1138433515483,0,0,500,0,0,0,0,4382,0,0,0,0
"BD 2020.xlsx","SO2",2020,"NO2",8784,4691,46.5960837887067,0,0,200,0,0,0,0,4691,0,0,0,0
"BD 2020.xlsx","SO2",2020,"NOX",8784,4694,46.5619307832423,0,0,500,0,0,0,0,4694,0,0,0,0
"BD 2020.xlsx","SO2",2020,"O3",8784,8515,3.06238615664846,0,0,153,0,0,0,0,8515,0,0,0,0
"BD 2020.xlsx","SO2",2020,"PM10",8784,7976,9.19854280510019,0,0,800,0,0,0,0,7976,0,0,0,0
"BD 2020.xlsx","SO2",2020,"PM2.5",8784,6709,23.6224954462659,0,0,205.94,0,0,0,0,6709,0,0,0,0
"BD 2020.xlsx","SO2",2020,"PRS",8784,8737,0.535063752276865,0,690,750,0,0,0,0,8737,22,146,8,146
"BD 2020.xlsx","SO2",2020,"RAINF",8784,8736,0.546448087431695,0,0,30,0,0,0,0,8736,95,8292,388,0
"BD 2020.xlsx","SO2",2020,"RH",8784,8722,0.705828779599271,0,0,100,0,0,0,0,8722,17,113,7,113
"BD 2020.xlsx","SO2",2020,"SO2",8784,6856,21.9489981785064,0,0,200,0,0,0,0,6856,0,0,0,0
"BD 2020.xlsx","SO2",2020,"SR",8784,8771,0.147996357012747,0,0,1,0,0,0,0,8771,364,4196,14,0
"BD 2020.xlsx","SO2",2020,"TOUT",8784,8737,0.535063752276865,0,0,41,0,0,0,0,8737,0,0,0,0
"BD 2020.xlsx","SO2",2020,"WSR",8784,4350,50.4781420765027,0,0,75,0,0,0,0,4350,0,0,0,0
"BD 2020.xlsx","SO2",2020,"WDR",8784,8736,0.546448087431695,0,0,360,0,0,0,0,8736,0,0,0,0
"BD 2020.xlsx","SUR",2020,"CO",8784,379,95.6853369763206,0,0,20,0,0,0,0,379,0,0,0,0
"BD 2020.xlsx","SUR",2020,"NO",8784,0,100,0,0,500,0,0,,0,0,0,0,0,0
"BD 2020.xlsx","SUR",2020,"NO2",8784,0,100,0,0,200,0,0,,0,0,0,0,0,0
"BD 2020.xlsx","SUR",2020,"NOX",8784,1445,83.5496357012751,0,0,500,0,0,0,0,1445,106,1238,39,1238
"BD 2020.xlsx","SUR",2020,"O3",8784,2,99.9772313296903,0,0,153,0,0,0,0,2,0,0,0,0
"BD 2020.xlsx","SUR",2020,"PM10",8784,8433,3.99590163934426,0,0,800,0,0,0,0,8433,0,0,0,0
"BD 2020.xlsx","SUR",2020,"PM2.5",8784,3117,64.5150273224044,0,0,205.94,0,0,0,0,3117,0,0,0,0
"BD 2020.xlsx","SUR",2020,"PRS",8784,8725,0.671675774134795,0,690,750,0,0,0,0,8725,0,0,0,0
"BD 2020.xlsx","SUR",2020,"RAINF",8784,8728,0.637522768670307,0,0,30,0,0,0,0,8728,43,8723,743,0
"BD 2020.xlsx","SUR",2020,"RH",8784,8724,0.683060109289613,0,0,100,0,0,0,0,8724,9,59,7,59
"BD 2020.xlsx","SUR",2020,"SO2",8784,1,99.9886156648452,0,0,200,0,0,0,0,1,0,0,0,0
"BD 2020.xlsx","SUR",2020,"SR",8784,8772,0.136612021857918,0,0,1,0,0,0,0,8772,256,2352,13,2314
"BD 2020.xlsx","SUR",2020,"TOUT",8784,8728,0.637522768670307,0,0,41,0,0,0,0,8728,0,0,0,0
"BD 2020.xlsx","SUR",2020,"WSR",8784,8518,3.02823315118397,0,0,75,0,0,0,0,8518,0,0,0,0
"BD 2020.xlsx","SUR",2020,"WDR",8784,1026,88.3196721311475,0,0,360,0,0,0,0,1026,0,0,0,0
"BD 2021.xlsx","CE",2021,"CO",8760,8105,7.47716894977168,0,0,10,0,1,0.0123380629241209,0,8104,0,0,0,0
"BD 2021.xlsx","CE",2021,"NO",8760,7219,17.5913242009132,0,0,350,0,0,0,0,7219,60,430,11,430
"BD 2021.xlsx","CE",2021,"NO2",8760,7171,18.1392694063927,0,0,100,0,0,0,0,7171,7,58,10,58
"BD 2021.xlsx","CE",2021,"NOX",8760,7063,19.3721461187215,0,0,400,0,0,0,0,7063,0,0,0,0
"BD 2021.xlsx","CE",2021,"O3",8760,7695,12.1575342465753,0,0,175,0,0,0,0,7695,0,0,0,0
"BD 2021.xlsx","CE",2021,"PM10",8760,8470,3.31050228310502,0,0,800,0,0,0,0,8470,0,0,0,0
"BD 2021.xlsx","CE",2021,"PM2.5",8760,7925,9.53196347031964,0,0,325,0,0,0,0,7925,0,0,0,0
"BD 2021.xlsx","CE",2021,"PRS",8760,8552,2.37442922374429,0,690,740,0,0,0,0,8552,1,6,6,6
"BD 2021.xlsx","CE",2021,"RAINF",8760,8562,2.26027397260274,0,0,80,0,0,0,0,8562,35,8559,743,0
"BD 2021.xlsx","CE",2021,"RH",8760,8559,2.2945205479452,0,0,100,0,0,0,0,8559,9,59,7,59
"BD 2021.xlsx","CE",2021,"SO2",8760,8046,8.15068493150685,0,0,300,0,0,0,0,8046,57,401,8,401
"BD 2021.xlsx","CE",2021,"SR",8760,8558,2.30593607305936,0,0,1,0,5,0.0584248656228091,0,8553,249,2436,20,547
"BD 2021.xlsx","CE",2021,"TOUT",8760,8559,2.2945205479452,0,-6.5,45,0,0,0,10,8559,0,0,0,0
"BD 2021.xlsx","CE",2021,"WSR",8760,8519,2.75114155251142,0,0,40,0,0,0,0,8519,0,0,0,0
"BD 2021.xlsx","CE",2021,"WDR",8760,8553,2.36301369863013,0,0,360,0,0,0,0,8553,0,0,0,0
"BD 2021.xlsx","NE",2021,"CO",8760,8465,3.3675799086758,0,0,10,0,0,0,0,8465,3,19,7,19
"BD 2021.xlsx","NE",2021,"NO",8760,7837,10.5365296803653,0,0,350,0,0,0,0,7837,41,617,49,617
"BD 2021.xlsx","NE",2021,"NO2",8760,7365,15.9246575342466,0,0,100,0,0,0,0,7365,0,0,0,0
"BD 2021.xlsx","NE",2021,"NOX",8760,7368,15.8904109589041,0,0,400,0,0,0,0,7368,0,0,0,0
"BD 2021.xlsx","NE",2021,"O3",8760,7355,16.0388127853881,0,0,175,0,0,0,0,7355,0,0,0,0
"BD 2021.xlsx","NE",2021,"PM10",8760,8603,1.79223744292237,0,0,800,0,0,0,0,8603,0,0,0,0
"BD 2021.xlsx","NE",2021,"PM2.5",8760,8561,2.2716894977169,0,0,325,0,0,0,0,8561,0,0,0,0
"BD 2021.xlsx","NE",2021,"PRS",8760,8697,0.719178082191785,0,690,740,0,0,0,0,8697,0,0,0,0
"BD 2021.xlsx","NE",2021,"RAINF",8760,8706,0.616438356164384,0,0,80,0,0,0,0,8706,34,8672,743,0
"BD 2021.xlsx","NE",2021,"RH",8760,8690,0.799086757990863,0,0,100,0,0,0,0,8690,9,61,7,61
"BD 2021.xlsx","NE",2021,"SO2",8760,6447,26.4041095890411,0,0,300,0,0,0,0,6447,0,0,0,0
"BD 2021.xlsx","NE",2021,"SR",8760,8664,1.0958904109589,0,0,1,8,0,0.0923361034164358,8,8656,301,4991,332,8
"BD 2021.xlsx","NE",2021,"TOUT",8760,8707,0.605022831050228,0,-6.5,45,0,0,0,14,8707,0,0,0,0
"BD 2021.xlsx","NE",2021,"WSR",8760,6602,24.634703196347,0,0,40,0,0,0,0,6602,0,0,0,0
"BD 2021.xlsx","NE",2021,"WDR",8760,8601,1.81506849315068,0,0,360,0,0,0,0,8601,0,0,0,0
"BD 2021.xlsx","NE2",2021,"CO",8760,8093,7.61415525114155,0,0,10,0,0,0,0,8093,27,375,22,375
"BD 2021.xlsx","NE2",2021,"NO",8760,7075,19.2351598173516,0,0,350,0,0,0,0,7075,0,0,0,0
"BD 2021.xlsx","NE2",2021,"NO2",8760,7065,19.3493150684932,0,0,100,0,0,0,0,7065,0,0,0,0
"BD 2021.xlsx","NE2",2021,"NOX",8760,7072,19.2694063926941,0,0,400,0,0,0,0,7072,0,0,0,0
"BD 2021.xlsx","NE2",2021,"O3",8760,7130,18.6073059360731,0,0,175,0,0,0,0,7130,0,0,0,0
"BD 2021.xlsx","NE2",2021,"PM10",8760,8216,6.21004566210046,0,0,800,0,0,0,0,8216,0,0,0,0
"BD 2021.xlsx","NE2",2021,"PM2.5",8760,7994,8.74429223744292,0,0,325,0,0,0,0,7994,0,0,0,0
"BD 2021.xlsx","NE2",2021,"PRS",8760,8487,3.11643835616439,0,690,740,1,0,0.0117827265229174,0,8486,0,0,0,0
"BD 2021.xlsx","NE2",2021,"RAINF",8760,8501,2.95662100456621,0,0,80,0,1,0.0117633219621221,0,8500,97,8240,509,0
"BD 2021.xlsx","NE2",2021,"RH",8760,8493,3.04794520547945,0,0,100,0,0,0,0,8493,4,27,7,27
"BD 2021.xlsx","NE2",2021,"SO2",8760,8112,7.39726027397261,0,0,300,0,0,0,0,8112,0,0,0,0
"BD 2021.xlsx","NE2",2021,"SR",8760,8713,0.536529680365294,0,0,1,0,0,0,0,8713,267,3051,84,34
"BD 2021.xlsx","NE2",2021,"TOUT",8760,8505,2.91095890410958,0,-6.5,45,0,0,0,24,8505,0,0,0,0
"BD 2021.xlsx","NE2",2021,"WSR",8760,6351,27.5,0,0,40,0,181,2.84994489056841,0,6170,0,0,0,0
"BD 2021.xlsx","NE2",2021,"WDR",8760,8481,3.18493150684932,0,0,360,0,0,0,0,8481,0,0,0,0
"BD 2021.xlsx","NE3",2021,"CO",8760,8201,6.38127853881278,0,0,10,0,4,0.0487745396902817,0,8197,1,29,29,29
"BD 2021.xlsx","NE3",2021,"NO",8760,8275,5.5365296803653,0,0,350,0,0,0,0,8275,0,0,0,0
"BD 2021.xlsx","NE3",2021,"NO2",8760,8284,5.4337899543379,0,0,100,0,0,0,0,8284,0,0,0,0
"BD 2021.xlsx","NE3",2021,"NOX",8760,8279,5.49086757990868,0,0,400,0,0,0,0,8279,0,0,0,0
"BD 2021.xlsx","NE3",2021,"O3",8760,8332,4.88584474885845,0,0,175,0,1,0.0120019203072492,0,8331,0,0,0,0
"BD 2021.xlsx","NE3",2021,"PM10",8760,8286,5.41095890410959,0,0,800,0,0,0,0,8286,0,0,0,0
"BD 2021.xlsx","NE3",2021,"PM2.5",8760,0,100,0,0,325,0,0,,0,0,0,0,0,0
"BD 2021.xlsx","NE3",2021,"PRS",8760,8321,5.01141552511416,0,690,740,0,0,0,0,8321,302,2318,17,2318
"BD 2021.xlsx","NE3",2021,"RAINF",8760,8372,4.42922374429223,0,0,80,0,0,0,0,8372,100,8010,373,0
"BD 2021.xlsx","NE3",2021,"RH",8760,8363,4.53196347031963,0,0,100,0,0,0,0,8363,12,80,7,80
"BD 2021.xlsx","NE3",2021,"SO2",8760,7341,16.1986301369863,0,0,300,0,0,0,0,7341,7,52,10,52
"BD 2021.xlsx","NE3",2021,"SR",8760,8110,7.42009132420092,0,0,1,0,5,0.061652281134402,0,8105,325,3653,110,0
"BD 2021.xlsx","NE3",2021,"TOUT",8760,8333,4.87442922374429,0,-6.5,45,0,0,0,4,8333,0,0,0,0
"BD 2021.xlsx","NE3",2021,"WSR",8760,7951,9.2351598173516,0,0,40,0,0,0,0,7951,0,0,0,0
"BD 2021.xlsx","NE3",2021,"WDR",8760,8369,4.4634703196347,0,0,360,0,0,0,0,8369,0,0,0,0
"BD 2021.xlsx","NO",2021,"CO",8760,7081,19.1666666666667,0,0,10,0,0,0,0,7081,0,0,0,0
"BD 2021.xlsx","NO",2021,"NO",8760,8213,6.24429223744293,0,0,350,0,5,0.0608790941190795,0,8208,0,0,0,0
"BD 2021.xlsx","NO",2021,"NO2",8760,8179,6.6324200913242,0,0,100,0,0,0,0,8179,3,18,6,18
"BD 2021.xlsx","NO",2021,"NOX",8760,8266,5.6392694063927,0,0,400,0,5,0.0604887490926688,0,8261,1,12,12,12
"BD 2021.xlsx","NO",2021,"O3",8760,6977,20.3538812785388,0,0,175,0,0,0,0,6977,0,0,0,0
"BD 2021.xlsx","NO",2021,"PM10",8760,7697,12.134703196347,0,0,800,0,0,0,0,7697,0,0,0,0
"BD 2021.xlsx","NO",2021,"PM2.5",8760,7591,13.3447488584475,0,0,325,0,0,0,0,7591,0,0,0,0
"BD 2021.xlsx","NO",2021,"PRS",8760,8654,1.21004566210046,0,690,740,0,0,0,0,8654,0,0,0,0
"BD 2021.xlsx","NO",2021,"RAINF",8760,8659,1.15296803652968,0,0,80,0,0,0,0,8659,38,8630,743,0
"BD 2021.xlsx","NO",2021,"RH",8760,8480,3.19634703196348,0,0,100,0,3,0.035377358490566,0,8477,50,339,7,339
"BD 2021.xlsx","NO",2021,"SO2",8760,8495,3.02511415525114,0,0,300,0,0,0,0,8495,1,6,6,6
"BD 2021.xlsx","NO",2021,"SR",8760,8617,1.6324200913242,0,0,1,1,9,0.116049669258443,1,8607,225,2442,36,979
"BD 2021.xlsx","NO",2021,"TOUT",8760,8659,1.15296803652968,0,-6.5,45,0,0,0,30,8659,0,0,0,0
"BD 2021.xlsx","NO",2021,"WSR",8760,7514,14.2237442922374,0,0,40,0,16,0.212935853074261,0,7498,0,0,0,0
"BD 2021.xlsx","NO",2021,"WDR",8760,7910,9.70319634703196,0,0,360,0,0,0,0,7910,0,0,0,0
"BD 2021.xlsx","NO2",2021,"CO",8760,8444,3.60730593607306,0,0,10,0,1,0.0118427285646613,0,8443,0,0,0,0
"BD 2021.xlsx","NO2",2021,"NO",8760,8160,6.84931506849316,0,0,350,0,0,0,0,8160,0,0,0,0
"BD 2021.xlsx","NO2",2021,"NO2",8760,8167,6.76940639269407,0,0,100,0,0,0,0,8167,4,26,8,20
"BD 2021.xlsx","NO2",2021,"NOX",8760,8165,6.79223744292238,0,0,400,0,0,0,0,8165,0,0,0,0
"BD 2021.xlsx","NO2",2021,"O3",8760,8242,5.91324200913242,0,0,175,0,0,0,0,8242,0,0,0,0
"BD 2021.xlsx","NO2",2021,"PM10",8760,8359,4.57762557077626,0,0,800,0,0,0,0,8359,0,0,0,0
"BD 2021.xlsx","NO2",2021,"PM2.5",8760,8278,5.50228310502283,0,0,325,0,0,0,0,8278,0,0,0,0
"BD 2021.xlsx","NO2",2021,"PRS",8760,7860,10.2739726027397,0,690,740,37,0,0.470737913486005,0,7823,6,40,7,40
"BD 2021.xlsx","NO2",2021,"RAINF",8760,8446,3.58447488584475,0,0,80,0,0,0,0,8446,35,8444,743,0
"BD 2021.xlsx","NO2",2021,"RH",8760,8161,6.837899543379,0,0,100,0,0,0,0,8161,8,52,7,52
"BD 2021.xlsx","NO2",2021,"SO2",8760,6890,21.3470319634703,0,0,300,0,0,0,0,6890,12,81,8,81
"BD 2021.xlsx","NO2",2021,"SR",8760,8685,0.856164383561642,0,0,1,10,0,0.115141047783535,10,8675,94,4085,377,10
"BD 2021.xlsx","NO2",2021,"TOUT",8760,8102,7.51141552511415,0,-6.5,45,0,0,0,38,8102,0,0,0,0
"BD 2021.xlsx","NO2",2021,"WSR",8760,7995,8.73287671232876,0,0,40,0,4,0.0500312695434647,0,7991,0,0,0,0
"BD 2021.xlsx","NO2",2021,"WDR",8760,7279,16.9063926940639,0,0,360,0,0,0,0,7279,0,0,0,0
"BD 2021.xlsx","NTE",2021,"CO",8760,6485,25.9703196347032,0,0,10,0,0,0,0,6485,10,134,38,134
"BD 2021.xlsx","NTE",2021,"NO",8760,5852,33.1963470319635,0,0,350,0,0,0,0,5852,0,0,0,0
"BD 2021.xlsx","NTE",2021,"NO2",8760,5848,33.2420091324201,0,0,100,0,0,0,0,5848,0,0,0,0
"BD 2021.xlsx","NTE",2021,"NOX",8760,5841,33.3219178082192,0,0,400,0,0,0,0,5841,0,0,0,0
"BD 2021.xlsx","NTE",2021,"O3",8760,7137,18.527397260274,0,0,175,0,0,0,0,7137,0,0,0,0
"BD 2021.xlsx","NTE",2021,"PM10",8760,8219,6.17579908675799,0,0,800,0,0,0,0,8219,0,0,0,0
"BD 2021.xlsx","NTE",2021,"PM2.5",8760,7313,16.5182648401826,0,0,325,0,0,0,0,7313,0,0,0,0
"BD 2021.xlsx","NTE",2021,"PRS",8760,6534,25.4109589041096,0,690,740,0,0,0,0,6534,0,0,0,0
"BD 2021.xlsx","NTE",2021,"RAINF",8760,6538,25.365296803653,0,0,80,0,0,0,0,6538,27,6521,743,0
"BD 2021.xlsx","NTE",2021,"RH",8760,5972,31.8264840182648,0,0,100,0,0,0,0,5972,12,80,7,80
"BD 2021.xlsx","NTE",2021,"SO2",8760,6209,29.12100456621,0,0,300,0,0,0,0,6209,1,8,8,8
"BD 2021.xlsx","NTE",2021,"SR",8760,8488,3.10502283105023,0,0,1,3,0,0.0353440150801131,3,8485,191,6563,521,0
"BD 2021.xlsx","NTE",2021,"TOUT",8760,6537,25.3767123287671,0,-6.5,45,0,0,0,0,6537,0,0,0,0
"BD 2021.xlsx","NTE",2021,"WSR",8760,6538,25.365296803653,0,0,40,0,0,0,0,6538,0,0,0,0
"BD 2021.xlsx","NTE",2021,"WDR",8760,6535,25.3995433789954,0,0,360,0,0,0,0,6535,0,0,0,0
"BD 2021.xlsx","NTE2",2021,"CO",8760,8644,1.32420091324201,0,0,10,0,1,0.011568718186025,0,8643,1,7,7,7
"BD 2021.xlsx","NTE2",2021,"NO",8760,6959,20.5593607305936,0,0,350,0,0,0,0,6959,0,0,0,0
"BD 2021.xlsx","NTE2",2021,"NO2",8760,6951,20.6506849315068,0,0,100,0,0,0,0,6951,0,0,0,0
"BD 2021.xlsx","NTE2",2021,"NOX",8760,6952,20.6392694063927,0,0,400,0,0,0,0,6952,0,0,0,0
"BD 2021.xlsx","NTE2",2021,"O3",8760,7928,9.49771689497717,0,0,175,0,0,0,0,7928,0,0,0,0
"BD 2021.xlsx","NTE2",2021,"PM10",8760,8377,4.37214611872147,0,0,800,0,0,0,0,8377,0,0,0,0
"BD 2021.xlsx","NTE2",2021,"PM2.5",8760,8051,8.09360730593607,0,0,325,0,0,0,0,8051,0,0,0,0
"BD 2021.xlsx","NTE2",2021,"PRS",8760,8639,1.38127853881278,0,690,740,0,0,0,0,8639,0,0,0,0
"BD 2021.xlsx","NTE2",2021,"RAINF",8760,8668,1.05022831050229,0,0,80,0,0,0,0,8668,91,8363,379,6
"BD 2021.xlsx","NTE2",2021,"RH",8760,8643,1.33561643835617,0,0,100,0,0,0,0,8643,6,40,7,40
"BD 2021.xlsx","NTE2",2021,"SO2",8760,2795,68.0936073059361,0,0,300,0,0,0,0,2795,2,14,7,14
"BD 2021.xlsx","NTE2",2021,"SR",8760,8742,0.205479452054791,0,0,1,0,0,0,0,8742,367,4130,23,0
"BD 2021.xlsx","NTE2",2021,"TOUT",8760,8640,1.36986301369864,0,-6.5,45,0,0,0,28,8640,0,0,0,0
"BD 2021.xlsx","NTE2",2021,"WSR",8760,8669,1.03881278538813,0,0,40,0,0,0,0,8669,0,0,0,0
"BD 2021.xlsx","NTE2",2021,"WDR",8760,8655,1.1986301369863,0,0,360,0,0,0,0,8655,0,0,0,0
"BD 2021.xlsx","SE",2021,"CO",8760,8357,4.60045662100457,0,0,10,0,2,0.0239320330262056,0,8355,2,12,6,12
"BD 2021.xlsx","SE",2021,"NO",8760,5987,31.6552511415525,0,0,350,0,0,0,0,5987,7,45,8,45
"BD 2021.xlsx","SE",2021,"NO2",8760,6895,21.2899543378995,0,0,100,0,0,0,0,6895,0,0,0,0
"BD 2021.xlsx","SE",2021,"NOX",8760,6899,21.2442922374429,0,0,400,0,0,0,0,6899,0,0,0,0
"BD 2021.xlsx","SE",2021,"O3",8760,8271,5.58219178082192,0,0,175,0,0,0,0,8271,0,0,0,0
"BD 2021.xlsx","SE",2021,"PM10",8760,8302,5.22831050228311,0,0,800,0,0,0,0,8302,0,0,0,0
"BD 2021.xlsx","SE",2021,"PM2.5",8760,8207,6.31278538812785,0,0,325,0,0,0,0,8207,0,0,0,0
"BD 2021.xlsx","SE",2021,"PRS",8760,7906,9.74885844748858,0,690,740,0,0,0,0,7906,1,6,6,6
"BD 2021.xlsx","SE",2021,"RAINF",8760,8501,2.95662100456621,0,0,80,0,0,0,0,8501,117,7966,409,0
"BD 2021.xlsx","SE",2021,"RH",8760,8463,3.39041095890411,0,0,100,0,0,0,0,8463,13,87,7,87
"BD 2021.xlsx","SE",2021,"SO2",8760,8066,7.92237442922374,0,0,300,0,0,0,0,8066,10,71,8,71
"BD 2021.xlsx","SE",2021,"SR",8760,8692,0.776255707762552,0,0,1,0,0,0,0,8692,346,3825,60,1052
"BD 2021.xlsx","SE",2021,"TOUT",8760,6076,30.6392694063927,0,-6.5,45,16,0,0.263331138907176,85,6060,0,0,0,0
"BD 2021.xlsx","SE",2021,"WSR",8760,8503,2.9337899543379,0,0,40,0,0,0,0,8503,0,0,0,0
"BD 2021.xlsx","SE",2021,"WDR",8760,6504,25.7534246575343,0,0,360,0,0,0,0,6504,0,0,0,0
"BD 2021.xlsx","SE2",2021,"CO",8760,7711,11.9748858447489,0,0,10,0,0,0,0,7711,2,12,6,12
"BD 2021.xlsx","SE2",2021,"NO",8760,6564,25.0684931506849,0,0,350,0,0,0,0,6564,0,0,0,0
"BD 2021.xlsx","SE2",2021,"NO2",8760,6571,24.9885844748858,0,0,100,0,0,0,0,6571,0,0,0,0
"BD 2021.xlsx","SE2",2021,"NOX",8760,6570,25,0,0,400,0,0,0,0,6570,0,0,0,0
"BD 2021.xlsx","SE2",2021,"O3",8760,5313,39.3493150684932,0,0,175,0,3,0.0564652738565782,0,5310,0,0,0,0
"BD 2021.xlsx","SE2",2021,"PM10",8760,8024,8.40182648401826,0,0,800,0,0,0,0,8024,0,0,0,0
"BD 2021.xlsx","SE2",2021,"PM2.5",8760,7447,14.9885844748858,0,0,325,0,0,0,0,7447,0,0,0,0
"BD 2021.xlsx","SE2",2021,"PRS",8760,8241,5.92465753424658,0,690,740,0,0,0,0,8241,20,126,9,126
"BD 2021.xlsx","SE2",2021,"RAINF",8760,6503,25.7648401826484,0,0,80,0,5,0.0768875903429187,0,6498,24,6462,1845,0
"BD 2021.xlsx","SE2",2021,"RH",8760,6227,28.9155251141553,0,0,100,0,0,0,0,6227,6,38,7,38
"BD 2021.xlsx","SE2",2021,"SO2",8760,7350,16.0958904109589,0,0,300,0,0,0,0,7350,0,0,0,0
"BD 2021.xlsx","SE2",2021,"SR",8760,8641,1.35844748858448,0,0,1,0,0,0,0,8641,345,3953,123,911
"BD 2021.xlsx","SE2",2021,"TOUT",8760,8243,5.90182648401827,0,-6.5,45,0,0,0,28,8243,0,0,0,0
"BD 2021.xlsx","SE2",2021,"WSR",8760,7820,10.7305936073059,0,0,40,0,0,0,0,7820,0,0,0,0
"BD 2021.xlsx","SE2",2021,"WDR",8760,8241,5.92465753424658,0,0,360,0,0,0,0,8241,0,0,0,0
"BD 2021.xlsx","SE3",2021,"CO",8760,8278,5.50228310502283,0,0,10,0,0,0,0,8278,0,0,0,0
"BD 2021.xlsx","SE3",2021,"NO",8760,7978,8.92694063926941,0,0,350,0,0,0,0,7978,1,6,6,6
"BD 2021.xlsx","SE3",2021,"NO2",8760,7989,8.8013698630137,0,0,100,0,0,0,0,7989,0,0,0,0
"BD 2021.xlsx","SE3",2021,"NOX",8760,7988,8.81278538812785,0,0,400,0,0,0,0,7988,0,0,0,0
"BD 2021.xlsx","SE3",2021,"O3",8760,8242,5.91324200913242,0,0,175,0,0,0,0,8242,0,0,0,0
"BD 2021.xlsx","SE3",2021,"PM10",8760,8066,7.92237442922374,0,0,800,0,0,0,0,8066,0,0,0,0
"BD 2021.xlsx","SE3",2021,"PM2.5",8760,7448,14.9771689497717,0,0,325,0,0,0,0,7448,0,0,0,0
"BD 2021.xlsx","SE3",2021,"PRS",8760,8254,5.77625570776256,0,690,740,2,208,2.54422098376545,0,8044,6,39,9,39
"BD 2021.xlsx","SE3",2021,"RAINF",8760,8275,5.5365296803653,0,0,80,0,0,0,0,8275,96,8070,719,0
"BD 2021.xlsx","SE3",2021,"RH",8760,8032,8.31050228310503,0,0,100,0,0,0,0,8032,16,109,7,109
"BD 2021.xlsx","SE3",2021,"SO2",8760,7488,14.5205479452055,0,0,300,0,0,0,0,7488,3,22,8,22
"BD 2021.xlsx","SE3",2021,"SR",8760,8719,0.46803652968036,0,0,1,0,0,0,0,8719,358,4031,160,3690
"BD 2021.xlsx","SE3",2021,"TOUT",8760,8276,5.52511415525114,0,-6.5,45,0,0,0,19,8276,0,0,0,0
"BD 2021.xlsx","SE3",2021,"WSR",8760,8268,5.61643835616439,0,0,40,0,2,0.0241896468311563,0,8266,0,0,0,0
"BD 2021.xlsx","SE3",2021,"WDR",8760,8266,5.6392694063927,0,0,360,0,0,0,0,8266,0,0,0,0
"BD 2021.xlsx","SO",2021,"CO",8760,8010,8.56164383561644,0,0,10,0,13,0.162297128589263,0,7997,0,0,0,0
"BD 2021.xlsx","SO",2021,"NO",8760,8160,6.84931506849316,0,0,350,0,0,0,0,8160,5,1301,744,1301
"BD 2021.xlsx","SO",2021,"NO2",8760,8217,6.1986301369863,0,0,100,0,0,0,0,8217,5,1302,744,1302
"BD 2021.xlsx","SO",2021,"NOX",8760,7689,12.2260273972603,0,0,400,0,0,0,0,7689,4,41,12,41
"BD 2021.xlsx","SO",2021,"O3",8760,8148,6.98630136986301,0,0,175,0,1,0.0122729504172803,0,8147,0,0,0,0
"BD 2021.xlsx","SO",2021,"PM10",8760,8349,4.69178082191781,0,0,800,0,0,0,0,8349,0,0,0,0
"BD 2021.xlsx","SO",2021,"PM2.5",8760,8318,5.04566210045662,0,0,325,0,0,0,0,8318,0,0,0,0
"BD 2021.xlsx","SO",2021,"PRS",8760,8178,6.64383561643835,0,690,740,181,0,2.21325507459036,0,7997,0,0,0,0
"BD 2021.xlsx","SO",2021,"RAINF",8760,8515,2.79680365296804,0,0,80,0,0,0,0,8515,83,8339,1041,0
"BD 2021.xlsx","SO",2021,"RH",8760,8411,3.98401826484018,0,0,100,0,0,0,0,8411,10,67,7,67
"BD 2021.xlsx","SO",2021,"SO2",8760,8330,4.90867579908676,0,0,300,0,0,0,0,8330,0,0,0,0
"BD 2021.xlsx","SO",2021,"SR",8760,8322,5,0,0,1,0,0,0,0,8322,343,3873,14,0
"BD 2021.xlsx","SO",2021,"TOUT",8760,8233,6.01598173515981,0,-6.5,45,0,0,0,28,8233,0,0,0,0
"BD 2021.xlsx","SO",2021,"WSR",8760,8514,2.80821917808219,0,0,40,0,7,0.0822175240779892,0,8507,0,0,0,0
"BD 2021.xlsx","SO",2021,"WDR",8760,7971,9.00684931506849,0,0,360,0,0,0,0,7971,0,0,0,0
"BD 2021.xlsx","SO2",2021,"CO",8760,7702,12.0776255707763,0,0,10,0,0,0,0,7702,0,0,0,0
"BD 2021.xlsx","SO2",2021,"NO",8760,7997,8.71004566210045,0,0,350,0,0,0,0,7997,0,0,0,0
"BD 2021.xlsx","SO2",2021,"NO2",8760,8006,8.60730593607306,0,0,100,0,0,0,0,8006,0,0,0,0
"BD 2021.xlsx","SO2",2021,"NOX",8760,8007,8.59589041095891,0,0,400,0,0,0,0,8007,0,0,0,0
"BD 2021.xlsx","SO2",2021,"O3",8760,8538,2.53424657534247,0,0,175,0,0,0,0,8538,0,0,0,0
"BD 2021.xlsx","SO2",2021,"PM10",8760,8251,5.81050228310502,0,0,800,0,0,0,0,8251,0,0,0,0
"BD 2021.xlsx","SO2",2021,"PM2.5",8760,7407,15.4452054794521,0,0,325,0,0,0,0,7407,1,8,8,8
"BD 2021.xlsx","SO2",2021,"PRS",8760,8621,1.58675799086758,0,690,740,0,0,0,0,8621,25,175,9,175
"BD 2021.xlsx","SO2",2021,"RAINF",8760,8623,1.56392694063927,0,0,80,0,0,0,0,8623,112,8316,528,0
"BD 2021.xlsx","SO2",2021,"RH",8760,8607,1.74657534246575,0,0,100,0,0,0,0,8607,10,67,7,67
"BD 2021.xlsx","SO2",2021,"SO2",8760,7299,16.6780821917808,0,0,300,0,0,0,0,7299,4,26,8,26
"BD 2021.xlsx","SO2",2021,"SR",8760,8749,0.125570776255712,0,0,1,4,0,0.0457195108012344,4,8745,366,4233,22,0
"BD 2021.xlsx","SO2",2021,"TOUT",8760,8626,1.5296803652968,0,-6.5,45,0,0,0,35,8626,0,0,0,0
"BD 2021.xlsx","SO2",2021,"WSR",8760,6682,23.7214611872146,0,0,40,0,973,14.5615085303801,0,5709,0,0,0,0
"BD 2021.xlsx","SO2",2021,"WDR",8760,8622,1.57534246575343,0,0,360,0,0,0,0,8622,0,0,0,0
"BD 2021.xlsx","SUR",2021,"CO",8760,8076,7.80821917808219,0,0,10,0,0,0,0,8076,0,0,0,0
"BD 2021.xlsx","SUR",2021,"NO",8760,6953,20.6278538812785,0,0,350,0,0,0,0,6953,1,7,7,7
"BD 2021.xlsx","SUR",2021,"NO2",8760,6966,20.4794520547945,0,0,100,0,0,0,0,6966,0,0,0,0
"BD 2021.xlsx","SUR",2021,"NOX",8760,6967,20.4680365296804,0,0,400,0,0,0,0,6967,0,0,0,0
"BD 2021.xlsx","SUR",2021,"O3",8760,7324,16.3926940639269,0,0,175,0,0,0,0,7324,0,0,0,0
"BD 2021.xlsx","SUR",2021,"PM10",8760,8386,4.26940639269406,0,0,800,0,0,0,0,8386,0,0,0,0
"BD 2021.xlsx","SUR",2021,"PM2.5",8760,5956,32.0091324200913,0,0,325,0,0,0,0,5956,0,0,0,0
"BD 2021.xlsx","SUR",2021,"PRS",8760,8606,1.75799086757991,0,690,740,0,0,0,0,8606,0,0,0,0
"BD 2021.xlsx","SUR",2021,"RAINF",8760,8610,1.71232876712328,0,0,80,0,0,0,0,8610,33,8605,743,0
"BD 2021.xlsx","SUR",2021,"RH",8760,8602,1.80365296803653,0,0,100,0,0,0,0,8602,7,48,7,48
"BD 2021.xlsx","SUR",2021,"SO2",8760,6258,28.5616438356164,0,0,300,0,0,0,0,6258,18,123,8,123
"BD 2021.xlsx","SUR",2021,"SR",8760,8696,0.73059360730594,0,0,1,0,0,0,0,8696,277,2627,24,2494
"BD 2021.xlsx","SUR",2021,"TOUT",8760,8611,1.70091324200913,0,-6.5,45,0,0,0,3,8611,0,0,0,0
"BD 2021.xlsx","SUR",2021,"WSR",8760,8567,2.20319634703197,0,0,40,0,1,0.0116726975604062,0,8566,0,0,0,0
"BD 2021.xlsx","SUR",2021,"WDR",8760,6515,25.6278538812785,0,0,360,0,0,0,0,6515,0,0,0,0
"BD 2022.xlsx","CE",2022,"CO",8760,8613,1.67808219178082,0,0,8,0,0,0,0,8613,2,12,6,12
"BD 2022.xlsx","CE",2022,"NO",8760,8260,5.70776255707762,0,0,400,0,0,0,0,8260,9,59,8,59
"BD 2022.xlsx","CE",2022,"NO2",8760,8605,1.76940639269406,0,0,175,0,0,0,0,8605,0,0,0,0
"BD 2022.xlsx","CE",2022,"NOX",8760,8608,1.73515981735159,0,0,420,0,0,0,0,8608,0,0,0,0
"BD 2022.xlsx","CE",2022,"O3",8760,8448,3.56164383561643,0,0,160,0,0,0,0,8448,0,0,0,0
"BD 2022.xlsx","CE",2022,"PM10",8760,8576,2.10045662100456,0,0,999,0,0,0,0,8576,0,0,0,0
"BD 2022.xlsx","CE",2022,"PM2.5",8760,7933,9.44063926940639,0,0,450,0,0,0,0,7933,0,0,0,0
"BD 2022.xlsx","CE",2022,"PRS",8760,8605,1.76940639269406,0,700,740,0,0,0,0,8605,0,0,0,0
"BD 2022.xlsx","CE",2022,"RAINF",8760,8612,1.68949771689497,0,0,25,0,0,0,0,8612,44,8595,726,0
"BD 2022.xlsx","CE",2022,"RH",8760,8543,2.47716894977169,0,0,100,0,0,0,0,8543,14,91,7,91
"BD 2022.xlsx","CE",2022,"SO2",8760,7919,9.60045662100457,0,0,200,0,0,0,0,7919,0,0,0,0
"BD 2022.xlsx","CE",2022,"SR",8760,8673,0.99315068493151,0,0,1.25,0,0,0,0,8673,311,3185,23,1989
"BD 2022.xlsx","CE",2022,"TOUT",8760,8612,1.68949771689497,0,-5,45,0,0,0,32,8612,0,0,0,0
"BD 2022.xlsx","CE",2022,"WSR",8760,8611,1.70091324200913,0,0,35,0,0,0,0,8611,0,0,0,0
"BD 2022.xlsx","CE",2022,"WDR",8760,8602,1.80365296803653,0,0,360,0,0,0,0,8602,0,0,0,0
"BD 2022.xlsx","NE",2022,"CO",8760,8624,1.55251141552512,0,0,8,0,0,0,0,8624,0,0,0,0
"BD 2022.xlsx","NE",2022,"NO",8760,8588,1.96347031963471,0,0,400,0,0,0,0,8588,1,6,6,6
"BD 2022.xlsx","NE",2022,"NO2",8760,8619,1.60958904109589,0,0,175,0,0,0,0,8619,1,8,8,8
"BD 2022.xlsx","NE",2022,"NOX",8760,8619,1.60958904109589,0,0,420,0,0,0,0,8619,1,6,6,6
"BD 2022.xlsx","NE",2022,"O3",8760,8427,3.8013698630137,0,0,160,0,0,0,0,8427,0,0,0,0
"BD 2022.xlsx","NE",2022,"PM10",8760,8575,2.11187214611872,0,0,999,0,0,0,0,8575,0,0,0,0
"BD 2022.xlsx","NE",2022,"PM2.5",8760,8325,4.96575342465754,0,0,450,0,0,0,0,8325,0,0,0,0
"BD 2022.xlsx","NE",2022,"PRS",8760,8614,1.66666666666667,0,700,740,16,0,0.185744137450662,0,8598,0,0,0,0
"BD 2022.xlsx","NE",2022,"RAINF",8760,8628,1.50684931506849,0,0,25,0,0,0,0,8628,68,8602,743,0
"BD 2022.xlsx","NE",2022,"RH",8760,8566,2.21461187214612,0,0,100,0,0,0,0,8566,30,199,7,199
"BD 2022.xlsx","NE",2022,"SO2",8760,8265,5.65068493150684,0,0,200,0,0,0,0,8265,0,0,0,0
"BD 2022.xlsx","NE",2022,"SR",8760,8722,0.433789954337904,0,0,1.25,13,0,0.149048383398303,13,8709,364,4191,30,0
"BD 2022.xlsx","NE",2022,"TOUT",8760,8614,1.66666666666667,0,-5,45,0,0,0,30,8614,0,0,0,0
"BD 2022.xlsx","NE",2022,"WSR",8760,8626,1.5296803652968,0,0,35,0,0,0,0,8626,0,0,0,0
"BD 2022.xlsx","NE",2022,"WDR",8760,8617,1.6324200913242,0,0,360,0,0,0,0,8617,0,0,0,0
"BD 2022.xlsx","NE2",2022,"CO",8760,8652,1.23287671232877,0,0,8,0,0,0,0,8652,0,0,0,0
"BD 2022.xlsx","NE2",2022,"NO",8760,8577,2.08904109589041,0,0,400,0,0,0,0,8577,0,0,0,0
"BD 2022.xlsx","NE2",2022,"NO2",8760,8545,2.45433789954338,0,0,175,0,0,0,0,8545,0,0,0,0
"BD 2022.xlsx","NE2",2022,"NOX",8760,8583,2.02054794520548,0,0,420,0,0,0,0,8583,0,0,0,0
"BD 2022.xlsx","NE2",2022,"O3",8760,8468,3.33333333333333,0,0,160,0,0,0,0,8468,0,0,0,0
"BD 2022.xlsx","NE2",2022,"PM10",8760,8575,2.11187214611872,0,0,999,0,0,0,0,8575,0,0,0,0
"BD 2022.xlsx","NE2",2022,"PM2.5",8760,8126,7.23744292237443,0,0,450,0,0,0,0,8126,0,0,0,0
"BD 2022.xlsx","NE2",2022,"PRS",8760,8622,1.57534246575343,0,700,740,9,0,0.104384133611691,0,8613,0,0,0,0
"BD 2022.xlsx","NE2",2022,"RAINF",8760,8650,1.25570776255708,0,0,25,0,0,0,0,8650,53,8631,743,0
"BD 2022.xlsx","NE2",2022,"RH",8760,8613,1.67808219178082,0,0,100,0,2,0.0232207128758853,0,8611,18,116,7,116
"BD 2022.xlsx","NE2",2022,"SO2",8760,8248,5.84474885844749,0,0,200,0,0,0,0,8248,0,0,0,0
"BD 2022.xlsx","NE2",2022,"SR",8760,8706,0.616438356164384,0,0,1.25,0,2,0.0229726625315874,0,8704,352,3867,14,0
"BD 2022.xlsx","NE2",2022,"TOUT",8760,8638,1.39269406392694,0,-5,45,0,1,0.0115767538782125,21,8637,0,0,0,0
"BD 2022.xlsx","NE2",2022,"WSR",8760,8646,1.3013698630137,0,0,35,0,48,0.555170020818876,0,8598,0,0,0,0
"BD 2022.xlsx","NE2",2022,"WDR",8760,6249,28.6643835616438,0,0,360,0,0,0,0,6249,0,0,0,0
"BD 2022.xlsx","NE3",2022,"CO",8760,8308,5.15981735159817,0,0,8,0,0,0,0,8308,0,0,0,0
"BD 2022.xlsx","NE3",2022,"NO",8760,8333,4.87442922374429,0,0,400,0,0,0,0,8333,0,0,0,0
"BD 2022.xlsx","NE3",2022,"NO2",8760,8333,4.87442922374429,0,0,175,0,0,0,0,8333,0,0,0,0
"BD 2022.xlsx","NE3",2022,"NOX",8760,8324,4.97716894977169,0,0,420,0,0,0,0,8324,0,0,0,0
"BD 2022.xlsx","NE3",2022,"O3",8760,8375,4.39497716894978,0,0,160,0,0,0,0,8375,0,0,0,0
"BD 2022.xlsx","NE3",2022,"PM10",8760,8134,7.14611872146119,0,0,999,0,0,0,0,8134,0,0,0,0
"BD 2022.xlsx","NE3",2022,"PM2.5",8760,0,100,0,0,450,0,0,,0,0,0,0,0,0
"BD 2022.xlsx","NE3",2022,"PRS",8760,8176,6.66666666666667,0,700,740,0,0,0,0,8176,293,2192,15,2192
"BD 2022.xlsx","NE3",2022,"RAINF",8760,8386,4.26940639269406,0,0,25,0,0,0,0,8386,182,7946,317,12
"BD 2022.xlsx","NE3",2022,"RH",8760,8349,4.69178082191781,0,0,100,0,0,0,0,8349,11,74,7,74
"BD 2022.xlsx","NE3",2022,"SO2",8760,6740,23.0593607305936,0,0,200,0,0,0,0,6740,2,12,6,12
"BD 2022.xlsx","NE3",2022,"SR",8760,7440,15.0684931506849,0,0,1.25,0,10,0.134408602150538,0,7430,287,3098,59,28
"BD 2022.xlsx","NE3",2022,"TOUT",8760,8345,4.73744292237442,0,-5,45,0,0,0,31,8345,0,0,0,0
"BD 2022.xlsx","NE3",2022,"WSR",8760,7905,9.76027397260274,0,0,35,0,0,0,0,7905,0,0,0,0
"BD 2022.xlsx","NE3",2022,"WDR",8760,8380,4.337899543379,0,0,360,0,0,0,0,8380,0,0,0,0
"BD 2022.xlsx","NO",2022,"CO",8760,8332,4.88584474885845,0,0,8,0,0,0,0,8332,0,0,0,0
"BD 2022.xlsx","NO",2022,"NO",8760,7527,14.0753424657534,0,0,400,0,8,0.106284044107878,0,7519,1,6,6,6
"BD 2022.xlsx","NO",2022,"NO2",8760,7541,13.9155251141552,0,0,175,0,0,0,0,7541,0,0,0,0
"BD 2022.xlsx","NO",2022,"NOX",8760,7533,14.0068493150685,0,0,420,0,11,0.146024160361078,0,7522,0,0,0,0
"BD 2022.xlsx","NO",2022,"O3",8760,8219,6.17579908675799,0,0,160,0,0,0,0,8219,0,0,0,0
"BD 2022.xlsx","NO",2022,"PM10",8760,8252,5.79908675799087,0,0,999,0,0,0,0,8252,0,0,0,0
"BD 2022.xlsx","NO",2022,"PM2.5",8760,6703,23.4817351598174,0,0,450,0,0,0,0,6703,0,0,0,0
"BD 2022.xlsx","NO",2022,"PRS",8760,8312,5.11415525114155,0,700,740,5,0,0.0601539942252166,0,8307,1,9,9,9
"BD 2022.xlsx","NO",2022,"RAINF",8760,8520,2.73972602739726,0,0,25,0,0,0,0,8520,107,8374,743,0
"BD 2022.xlsx","NO",2022,"RH",8760,8294,5.31963470319635,0,0,100,0,151,1.82059319990354,0,8143,15,101,7,101
"BD 2022.xlsx","NO",2022,"SO2",8760,7729,11.7694063926941,0,0,200,0,0,0,0,7729,5,35,8,35
"BD 2022.xlsx","NO",2022,"SR",8760,8580,2.05479452054794,0,0,1.25,0,0,0,0,8580,357,3909,40,0
"BD 2022.xlsx","NO",2022,"TOUT",8760,8367,4.48630136986301,0,-5,45,1,0,0.0119517150711127,17,8366,0,0,0,0
"BD 2022.xlsx","NO",2022,"WSR",8760,8331,4.8972602739726,0,0,35,0,0,0,0,8331,0,0,0,0
"BD 2022.xlsx","NO",2022,"WDR",8760,8340,4.7945205479452,0,0,360,0,0,0,0,8340,0,0,0,0
"BD 2022.xlsx","NO2",2022,"CO",8760,8445,3.5958904109589,0,0,8,0,0,0,0,8445,0,0,0,0
"BD 2022.xlsx","NO2",2022,"NO",8760,8522,2.71689497716895,0,0,400,0,0,0,0,8522,0,0,0,0
"BD 2022.xlsx","NO2",2022,"NO2",8760,8523,2.70547945205479,0,0,175,0,0,0,0,8523,0,0,0,0
"BD 2022.xlsx","NO2",2022,"NOX",8760,8522,2.71689497716895,0,0,420,0,0,0,0,8522,0,0,0,0
"BD 2022.xlsx","NO2",2022,"O3",8760,8549,2.40867579908676,0,0,160,0,0,0,0,8549,0,0,0,0
"BD 2022.xlsx","NO2",2022,"PM10",8760,8608,1.73515981735159,0,0,999,0,0,0,0,8608,0,0,0,0
"BD 2022.xlsx","NO2",2022,"PM2.5",8760,8054,8.05936073059361,0,0,450,0,0,0,0,8054,0,0,0,0
"BD 2022.xlsx","NO2",2022,"PRS",8760,8205,6.33561643835616,0,700,740,3085,0,37.5990249847654,0,5120,4,28,8,28
"BD 2022.xlsx","NO2",2022,"RAINF",8760,8642,1.34703196347032,0,0,25,0,0,0,0,8642,68,8607,743,0
"BD 2022.xlsx","NO2",2022,"RH",8760,7695,12.1575342465753,0,0,100,0,0,0,0,7695,7,46,7,46
"BD 2022.xlsx","NO2",2022,"SO2",8760,7148,18.4018264840183,0,0,200,0,0,0,0,7148,3,21,8,21
"BD 2022.xlsx","NO2",2022,"SR",8760,7058,19.4292237442922,0,0,1.25,0,2,0.028336639274582,0,7056,6,71,22,71
"BD 2022.xlsx","NO2",2022,"TOUT",8760,8641,1.35844748858448,0,-5,45,0,0,0,38,8641,0,0,0,0
"BD 2022.xlsx","NO2",2022,"WSR",8760,8642,1.34703196347032,0,0,35,0,0,0,0,8642,0,0,0,0
"BD 2022.xlsx","NO2",2022,"WDR",8760,8640,1.36986301369864,0,0,360,0,0,0,0,8640,0,0,0,0
"BD 2022.xlsx","NO3",2022,"CO",8760,743,91.5182648401827,0,0,8,0,0,0,0,743,0,0,0,0
"BD 2022.xlsx","NO3",2022,"NO",8760,743,91.5182648401827,0,0,400,0,0,0,0,743,0,0,0,0
"BD 2022.xlsx","NO3",2022,"NO2",8760,743,91.5182648401827,0,0,175,0,0,0,0,743,0,0,0,0
"BD 2022.xlsx","NO3",2022,"NOX",8760,743,91.5182648401827,0,0,420,0,0,0,0,743,0,0,0,0
"BD 2022.xlsx","NO3",2022,"O3",8760,705,91.9520547945205,0,0,160,0,0,0,0,705,0,0,0,0
"BD 2022.xlsx","NO3",2022,"PM10",8760,689,92.134703196347,0,0,999,0,0,0,0,689,0,0,0,0
"BD 2022.xlsx","NO3",2022,"PM2.5",8760,0,100,0,0,450,0,0,,0,0,0,0,0,0
"BD 2022.xlsx","NO3",2022,"PRS",8760,743,91.5182648401827,0,700,740,0,0,0,0,743,0,0,0,0
"BD 2022.xlsx","NO3",2022,"RAINF",8760,743,91.5182648401827,0,0,25,0,0,0,0,743,1,743,743,0
"BD 2022.xlsx","NO3",2022,"RH",8760,735,91.6095890410959,0,0,100,0,0,0,0,735,14,92,7,92
"BD 2022.xlsx","NO3",2022,"SO2",8760,710,91.8949771689498,0,0,200,0,0,0,0,710,0,0,0,0
"BD 2022.xlsx","NO3",2022,"SR",8760,741,91.541095890411,0,0,1.25,12,0,1.61943319838057,12,729,32,398,15,7
"BD 2022.xlsx","NO3",2022,"TOUT",8760,742,91.5296803652968,0,-5,45,0,0,0,31,742,0,0,0,0
"BD 2022.xlsx","NO3",2022,"WSR",8760,737,91.5867579908676,0,0,35,0,78,10.5834464043419,0,659,0,0,0,0
"BD 2022.xlsx","NO3",2022,"WDR",8760,642,92.6712328767123,0,0,360,0,0,0,0,642,0,0,0,0
"BD 2022.xlsx","NTE",2022,"CO",8760,8593,1.90639269406393,0,0,8,0,0,0,0,8593,0,0,0,0
"BD 2022.xlsx","NTE",2022,"NO",8760,8440,3.65296803652968,0,0,400,0,0,0,0,8440,1,6,6,6
"BD 2022.xlsx","NTE",2022,"NO2",8760,8443,3.61872146118721,0,0,175,0,0,0,0,8443,0,0,0,0
"BD 2022.xlsx","NTE",2022,"NOX",8760,8438,3.67579908675799,0,0,420,0,0,0,0,8438,0,0,0,0
"BD 2022.xlsx","NTE",2022,"O3",8760,8385,4.28082191780822,0,0,160,0,0,0,0,8385,0,0,0,0
"BD 2022.xlsx","NTE",2022,"PM10",8760,8279,5.49086757990868,0,0,999,0,1,0.0120787534726416,0,8278,0,0,0,0
"BD 2022.xlsx","NTE",2022,"PM2.5",8760,7515,14.2123287671233,0,0,450,0,0,0,0,7515,1,6,6,6
"BD 2022.xlsx","NTE",2022,"PRS",8760,8600,1.82648401826484,0,700,740,0,0,0,0,8600,2,13,7,13
"BD 2022.xlsx","NTE",2022,"RAINF",8760,8606,1.75799086757991,0,0,25,0,0,0,0,8606,89,8578,743,0
"BD 2022.xlsx","NTE",2022,"RH",8760,7873,10.1255707762557,0,0,100,2,0,0.0254032770227359,2,7871,36,247,7,247
"BD 2022.xlsx","NTE",2022,"SO2",8760,8110,7.42009132420092,0,0,200,0,0,0,0,8110,0,0,0,0
"BD 2022.xlsx","NTE",2022,"SR",8760,8699,0.696347031963473,0,0,1.25,3,602,6.95482239337855,3,8094,71,7851,547,0
"BD 2022.xlsx","NTE",2022,"TOUT",8760,8603,1.79223744292237,0,-5,45,0,0,0,31,8603,0,0,0,0
"BD 2022.xlsx","NTE",2022,"WSR",8760,8605,1.76940639269406,0,0,35,0,0,0,0,8605,0,0,0,0
"BD 2022.xlsx","NTE",2022,"WDR",8760,8504,2.92237442922374,0,0,360,0,0,0,0,8504,0,0,0,0
"BD 2022.xlsx","NTE2",2022,"CO",8760,8696,0.73059360730594,0,0,8,0,0,0,0,8696,0,0,0,0
"BD 2022.xlsx","NTE2",2022,"NO",8760,8694,0.753424657534252,0,0,400,0,0,0,0,8694,0,0,0,0
"BD 2022.xlsx","NTE2",2022,"NO2",8760,8693,0.764840182648396,0,0,175,0,0,0,0,8693,0,0,0,0
"BD 2022.xlsx","NTE2",2022,"NOX",8760,8692,0.776255707762552,0,0,420,0,0,0,0,8692,0,0,0,0
"BD 2022.xlsx","NTE2",2022,"O3",8760,8545,2.45433789954338,0,0,160,0,0,0,0,8545,0,0,0,0
"BD 2022.xlsx","NTE2",2022,"PM10",8760,8650,1.25570776255708,0,0,999,0,0,0,0,8650,0,0,0,0
"BD 2022.xlsx","NTE2",2022,"PM2.5",8760,8258,5.73059360730593,0,0,450,0,0,0,0,8258,0,0,0,0
"BD 2022.xlsx","NTE2",2022,"PRS",8760,8682,0.890410958904109,0,700,740,8,0,0.09214466712739,0,8674,0,0,0,0
"BD 2022.xlsx","NTE2",2022,"RAINF",8760,8696,0.73059360730594,0,0,25,0,0,0,0,8696,87,8425,580,6
"BD 2022.xlsx","NTE2",2022,"RH",8760,8654,1.21004566210046,0,0,100,0,0,0,0,8654,19,126,7,126
"BD 2022.xlsx","NTE2",2022,"SO2",8760,8435,3.71004566210046,0,0,200,0,0,0,0,8435,1,6,6,6
"BD 2022.xlsx","NTE2",2022,"SR",8760,8733,0.308219178082192,0,0,1.25,0,0,0,0,8733,365,4058,13,0
"BD 2022.xlsx","NTE2",2022,"TOUT",8760,8694,0.753424657534252,0,-5,45,0,0,0,22,8694,0,0,0,0
"BD 2022.xlsx","NTE2",2022,"WSR",8760,8696,0.73059360730594,0,0,35,0,0,0,0,8696,0,0,0,0
"BD 2022.xlsx","NTE2",2022,"WDR",8760,8680,0.91324200913242,0,0,360,0,0,0,0,8680,0,0,0,0
"BD 2022.xlsx","SE",2022,"CO",8760,8665,1.08447488584474,0,0,8,0,0,0,0,8665,0,0,0,0
"BD 2022.xlsx","SE",2022,"NO",8760,8382,4.31506849315069,0,0,400,0,0,0,0,8382,5,31,7,31
"BD 2022.xlsx","SE",2022,"NO2",8760,8381,4.32648401826484,0,0,175,0,0,0,0,8381,0,0,0,0
"BD 2022.xlsx","SE",2022,"NOX",8760,8378,4.36073059360731,0,0,420,0,0,0,0,8378,0,0,0,0
"BD 2022.xlsx","SE",2022,"O3",8760,8524,2.69406392694064,0,0,160,0,0,0,0,8524,0,0,0,0
"BD 2022.xlsx","SE",2022,"PM10",8760,8574,2.12328767123288,0,0,999,0,0,0,0,8574,0,0,0,0
"BD 2022.xlsx","SE",2022,"PM2.5",8760,8294,5.31963470319635,0,0,450,0,0,0,0,8294,0,0,0,0
"BD 2022.xlsx","SE",2022,"PRS",8760,8666,1.07305936073059,0,700,740,0,0,0,0,8666,6,42,9,42
"BD 2022.xlsx","SE",2022,"RAINF",8760,8668,1.05022831050229,0,0,25,0,0,0,0,8668,125,8175,360,0
"BD 2022.xlsx","SE",2022,"RH",8760,8638,1.39269406392694,0,0,100,0,0,0,0,8638,17,113,7,113
"BD 2022.xlsx","SE",2022,"SO2",8760,8033,8.29908675799087,0,0,200,0,0,0,0,8033,0,0,0,0
"BD 2022.xlsx","SE",2022,"SR",8760,8745,0.171232876712324,0,0,1.25,0,0,0,0,8745,357,3803,13,70
"BD 2022.xlsx","SE",2022,"TOUT",8760,8668,1.05022831050229,0,-5,45,0,0,0,24,8668,0,0,0,0
"BD 2022.xlsx","SE",2022,"WSR",8760,8668,1.05022831050229,0,0,35,0,0,0,0,8668,0,0,0,0
"BD 2022.xlsx","SE",2022,"WDR",8760,8665,1.08447488584474,0,0,360,0,0,0,0,8665,0,0,0,0
"BD 2022.xlsx","SE2",2022,"CO",8760,8163,6.81506849315069,0,0,8,0,0,0,0,8163,1,6,6,6
"BD 2022.xlsx","SE2",2022,"NO",8760,8301,5.23972602739726,0,0,400,0,0,0,0,8301,0,0,0,0
"BD 2022.xlsx","SE2",2022,"NO2",8760,8416,3.92694063926941,0,0,175,0,0,0,0,8416,0,0,0,0
"BD 2022.xlsx","SE2",2022,"NOX",8760,8416,3.92694063926941,0,0,420,0,0,0,0,8416,0,0,0,0
"BD 2022.xlsx","SE2",2022,"O3",8760,8276,5.52511415525114,0,0,160,0,0,0,0,8276,0,0,0,0
"BD 2022.xlsx","SE2",2022,"PM10",8760,8328,4.93150684931507,0,0,999,0,0,0,0,8328,0,0,0,0
"BD 2022.xlsx","SE2",2022,"PM2.5",8760,7550,13.8127853881279,0,0,450,0,0,0,0,7550,0,0,0,0
"BD 2022.xlsx","SE2",2022,"PRS",8760,8417,3.91552511415525,0,700,740,9,0,0.106926458358085,0,8408,14,87,8,87
"BD 2022.xlsx","SE2",2022,"RAINF",8760,8754,0.068493150684934,0,0,25,0,0,0,0,8754,5,8754,3095,0
"BD 2022.xlsx","SE2",2022,"RH",8760,8388,4.24657534246575,0,0,100,0,0,0,0,8388,19,122,7,122
"BD 2022.xlsx","SE2",2022,"SO2",8760,8268,5.61643835616439,0,0,200,0,0,0,0,8268,26,180,8,180
"BD 2022.xlsx","SE2",2022,"SR",8760,8608,1.73515981735159,0,0,1.25,0,0,0,0,8608,345,3709,41,394
"BD 2022.xlsx","SE2",2022,"TOUT",8760,8426,3.81278538812785,0,-5,45,0,0,0,19,8426,0,0,0,0
"BD 2022.xlsx","SE2",2022,"WSR",8760,8280,5.47945205479452,0,0,35,0,0,0,0,8280,0,0,0,0
"BD 2022.xlsx","SE2",2022,"WDR",8760,8399,4.12100456621004,0,0,360,0,0,0,0,8399,0,0,0,0
"BD 2022.xlsx","SE3",2022,"CO",8760,8474,3.2648401826484,0,0,8,0,0,0,0,8474,1,6,6,6
"BD 2022.xlsx","SE3",2022,"NO",8760,8463,3.39041095890411,0,0,400,0,0,0,0,8463,0,0,0,0
"BD 2022.xlsx","SE3",2022,"NO2",8760,8582,2.03196347031963,0,0,175,0,0,0,0,8582,0,0,0,0
"BD 2022.xlsx","SE3",2022,"NOX",8760,8594,1.89497716894977,0,0,420,0,0,0,0,8594,0,0,0,0
"BD 2022.xlsx","SE3",2022,"O3",8760,8604,1.78082191780822,0,0,160,0,0,0,0,8604,0,0,0,0
"BD 2022.xlsx","SE3",2022,"PM10",8760,8594,1.89497716894977,0,0,999,0,0,0,0,8594,0,0,0,0
"BD 2022.xlsx","SE3",2022,"PM2.5",8760,8217,6.1986301369863,0,0,450,0,0,0,0,8217,0,0,0,0
"BD 2022.xlsx","SE3",2022,"PRS",8760,8608,1.73515981735159,0,700,740,5,492,5.77369888475836,0,8111,3,22,9,22
"BD 2022.xlsx","SE3",2022,"RAINF",8760,8616,1.64383561643836,0,0,25,0,0,0,0,8616,37,8607,744,0
"BD 2022.xlsx","SE3",2022,"RH",8760,8592,1.91780821917809,0,0,100,0,0,0,0,8592,15,100,7,100
"BD 2022.xlsx","SE3",2022,"SO2",8760,8506,2.89954337899543,0,0,200,0,0,0,0,8506,31,206,8,206
"BD 2022.xlsx","SE3",2022,"SR",8760,8735,0.285388127853881,0,0,1.25,0,0,0,0,8735,360,3918,31,3832
"BD 2022.xlsx","SE3",2022,"TOUT",8760,8611,1.70091324200913,0,-5,45,0,0,0,20,8611,0,0,0,0
"BD 2022.xlsx","SE3",2022,"WSR",8760,8601,1.81506849315068,0,0,35,0,0,0,0,8601,0,0,0,0
"BD 2022.xlsx","SE3",2022,"WDR",8760,8611,1.70091324200913,0,0,360,0,0,0,0,8611,0,0,0,0
"BD 2022.xlsx","SO",2022,"CO",8760,7741,11.6324200913242,0,0,8,0,0,0,0,7741,0,0,0,0
"BD 2022.xlsx","SO",2022,"NO",8760,8487,3.11643835616439,0,0,400,0,0,0,0,8487,0,0,0,0
"BD 2022.xlsx","SO",2022,"NO2",8760,8525,2.68264840182648,0,0,175,0,0,0,0,8525,0,0,0,0
"BD 2022.xlsx","SO",2022,"NOX",8760,8525,2.68264840182648,0,0,420,0,0,0,0,8525,0,0,0,0
"BD 2022.xlsx","SO",2022,"O3",8760,8289,5.37671232876712,0,0,160,0,0,0,0,8289,0,0,0,0
"BD 2022.xlsx","SO",2022,"PM10",8760,8498,2.99086757990867,0,0,999,0,0,0,0,8498,0,0,0,0
"BD 2022.xlsx","SO",2022,"PM2.5",8760,8156,6.89497716894977,0,0,450,0,0,0,0,8156,0,0,0,0
"BD 2022.xlsx","SO",2022,"PRS",8760,8520,2.73972602739726,0,700,740,2675,0,31.3967136150235,0,5845,1,6,6,6
"BD 2022.xlsx","SO",2022,"RAINF",8760,8519,2.75114155251142,0,0,25,0,0,0,0,8519,127,8299,616,0
"BD 2022.xlsx","SO",2022,"RH",8760,8515,2.79680365296804,0,0,100,0,0,0,0,8515,4,26,7,26
"BD 2022.xlsx","SO",2022,"SO2",8760,8353,4.64611872146119,0,0,200,0,0,0,0,8353,0,0,0,0
"BD 2022.xlsx","SO",2022,"SR",8760,8589,1.95205479452055,0,0,1.25,10,14,0.2794271742927,10,8565,357,4041,38,0
"BD 2022.xlsx","SO",2022,"TOUT",8760,8524,2.69406392694064,0,-5,45,0,0,0,35,8524,0,0,0,0
"BD 2022.xlsx","SO",2022,"WSR",8760,8519,2.75114155251142,0,0,35,0,0,0,0,8519,0,0,0,0
"BD 2022.xlsx","SO",2022,"WDR",8760,8522,2.71689497716895,0,0,360,0,0,0,0,8522,0,0,0,0
"BD 2022.xlsx","SO2",2022,"CO",8760,8591,1.92922374429224,0,0,8,0,0,0,0,8591,2,12,6,12
"BD 2022.xlsx","SO2",2022,"NO",8760,8491,3.07077625570776,0,0,400,0,0,0,0,8491,1,6,6,6
"BD 2022.xlsx","SO2",2022,"NO2",8760,8602,1.80365296803653,0,0,175,0,0,0,0,8602,0,0,0,0
"BD 2022.xlsx","SO2",2022,"NOX",8760,8602,1.80365296803653,0,0,420,0,0,0,0,8602,0,0,0,0
"BD 2022.xlsx","SO2",2022,"O3",8760,8528,2.64840182648401,0,0,160,0,0,0,0,8528,0,0,0,0
"BD 2022.xlsx","SO2",2022,"PM10",8760,8480,3.19634703196348,0,0,999,0,0,0,0,8480,0,0,0,0
"BD 2022.xlsx","SO2",2022,"PM2.5",8760,8367,4.48630136986301,0,0,450,0,0,0,0,8367,0,0,0,0
"BD 2022.xlsx","SO2",2022,"PRS",8760,8623,1.56392694063927,0,700,740,0,0,0,0,8623,30,190,9,190
"BD 2022.xlsx","SO2",2022,"RAINF",8760,8625,1.54109589041096,0,0,25,0,0,0,0,8625,97,8277,483,0
"BD 2022.xlsx","SO2",2022,"RH",8760,8539,2.52283105022831,0,0,100,0,0,0,0,8539,26,173,7,173
"BD 2022.xlsx","SO2",2022,"SO2",8760,8503,2.9337899543379,0,0,200,0,0,0,0,8503,21,140,8,140
"BD 2022.xlsx","SO2",2022,"SR",8760,8749,0.125570776255712,0,0,1.25,49,0,0.560064007315122,49,8700,354,4087,96,7
"BD 2022.xlsx","SO2",2022,"TOUT",8760,8624,1.55251141552512,0,-5,45,0,0,0,32,8624,0,0,0,0
"BD 2022.xlsx","SO2",2022,"WSR",8760,8624,1.55251141552512,0,0,35,0,0,0,0,8624,0,0,0,0
"BD 2022.xlsx","SO2",2022,"WDR",8760,8134,7.14611872146119,0,0,360,0,0,0,0,8134,0,0,0,0
"BD 2022.xlsx","SUR",2022,"CO",8760,8481,3.18493150684932,0,0,8,0,0,0,0,8481,1,6,6,6
"BD 2022.xlsx","SUR",2022,"NO",8760,8483,3.16210045662101,0,0,400,0,0,0,0,8483,1,6,6,6
"BD 2022.xlsx","SUR",2022,"NO2",8760,8484,3.15068493150685,0,0,175,0,0,0,0,8484,0,0,0,0
"BD 2022.xlsx","SUR",2022,"NOX",8760,8483,3.16210045662101,0,0,420,0,0,0,0,8483,0,0,0,0
"BD 2022.xlsx","SUR",2022,"O3",8760,8536,2.55707762557078,0,0,160,0,0,0,0,8536,0,0,0,0
"BD 2022.xlsx","SUR",2022,"PM10",8760,8635,1.4269406392694,0,0,999,0,0,0,0,8635,0,0,0,0
"BD 2022.xlsx","SUR",2022,"PM2.5",8760,6827,22.0662100456621,0,0,450,0,0,0,0,6827,0,0,0,0
"BD 2022.xlsx","SUR",2022,"PRS",8760,8661,1.13013698630137,0,700,740,1,0,0.0115460108532502,0,8660,2,12,6,12
"BD 2022.xlsx","SUR",2022,"RAINF",8760,8667,1.06164383561644,0,0,25,0,0,0,0,8667,43,8645,731,0
"BD 2022.xlsx","SUR",2022,"RH",8760,8637,1.40410958904109,0,0,100,0,0,0,0,8637,18,117,7,117
"BD 2022.xlsx","SUR",2022,"SO2",8760,7498,14.4063926940639,0,0,200,0,0,0,0,7498,4,26,8,26
"BD 2022.xlsx","SUR",2022,"SR",8760,8709,0.582191780821917,0,0,1.25,0,0,0,0,8709,284,2556,13,2489
"BD 2022.xlsx","SUR",2022,"TOUT",8760,8666,1.07305936073059,0,-5,45,0,0,0,25,8666,0,0,0,0
"BD 2022.xlsx","SUR",2022,"WSR",8760,8666,1.07305936073059,0,0,35,0,0,0,0,8666,0,0,0,0
"BD 2022.xlsx","SUR",2022,"WDR",8760,8646,1.3013698630137,0,0,360,0,0,0,0,8646,0,0,0,0
"BD 2023.xlsx","CE",2023,"CO",8760,8539,2.52283105022831,0,0,14,0,0,0,0,8539,0,0,0,0
"BD 2023.xlsx","CE",2023,"NO",8760,8288,5.38812785388127,0,0,500,0,0,0,0,8288,3,19,7,19
"BD 2023.xlsx","CE",2023,"NO2",8760,8592,1.91780821917809,0,0,175,0,0,0,0,8592,0,0,0,0
"BD 2023.xlsx","CE",2023,"NOX",8760,8590,1.9406392694064,0,0,500,0,0,0,0,8590,0,0,0,0
"BD 2023.xlsx","CE",2023,"O3",8760,8396,4.15525114155251,0,0,175,0,0,0,0,8396,0,0,0,0
"BD 2023.xlsx","CE",2023,"PM10",8760,8527,2.65981735159817,0,0,900,0,0,0,0,8527,0,0,0,0
"BD 2023.xlsx","CE",2023,"PM2.5",8760,7723,11.837899543379,0,0,800,0,0,0,0,7723,1,6,6,6
"BD 2023.xlsx","CE",2023,"PRS",8760,8584,2.00913242009132,0,690,740,0,0,0,0,8584,0,0,0,0
"BD 2023.xlsx","CE",2023,"RAINF",8760,8599,1.837899543379,0,0,70,0,0,0,0,8599,38,8598,719,0
"BD 2023.xlsx","CE",2023,"RH",8760,8545,2.45433789954338,0,0,100,0,0,0,0,8545,18,124,7,124
"BD 2023.xlsx","CE",2023,"SO2",8760,8376,4.38356164383562,0,0,250,0,0,0,0,8376,38,260,8,260
"BD 2023.xlsx","CE",2023,"SR",8760,8694,0.753424657534252,0,0,1,0,0,0,0,8694,335,3665,21,2564
"BD 2023.xlsx","CE",2023,"TOUT",8760,8600,1.82648401826484,0,0,45,0,0,0,0,8600,0,0,0,0
"BD 2023.xlsx","CE",2023,"WSR",8760,8600,1.82648401826484,0,0,40,0,0,0,0,8600,0,0,0,0
"BD 2023.xlsx","CE",2023,"WDR",8760,8593,1.90639269406393,0,0,360,0,0,0,0,8593,0,0,0,0
"BD 2023.xlsx","NE",2023,"CO",8760,8315,5.07990867579908,0,0,14,0,1,0.0120264582080577,0,8314,0,0,0,0
"BD 2023.xlsx","NE",2023,"NO",8760,8608,1.73515981735159,0,0,500,0,0,0,0,8608,0,0,0,0
"BD 2023.xlsx","NE",2023,"NO2",8760,8660,1.14155251141552,0,0,175,0,0,0,0,8660,0,0,0,0
"BD 2023.xlsx","NE",2023,"NOX",8760,8657,1.17579908675799,0,0,500,0,0,0,0,8657,0,0,0,0
"BD 2023.xlsx","NE",2023,"O3",8760,8324,4.97716894977169,0,0,175,0,0,0,0,8324,0,0,0,0
"BD 2023.xlsx","NE",2023,"PM10",8760,8546,2.44292237442922,0,0,900,0,2,0.0234027615258601,0,8544,0,0,0,0
"BD 2023.xlsx","NE",2023,"PM2.5",8760,7827,10.6506849315068,0,0,800,0,0,0,0,7827,2,13,7,13
"BD 2023.xlsx","NE",2023,"PRS",8760,8660,1.14155251141552,0,690,740,7,0,0.0808314087759815,0,8653,1,6,6,6
"BD 2023.xlsx","NE",2023,"RAINF",8760,8663,1.10730593607306,0,0,70,0,0,0,0,8663,32,8663,743,0
"BD 2023.xlsx","NE",2023,"RH",8760,8572,2.14611872146119,0,0,100,0,0,0,0,8572,28,187,7,187
"BD 2023.xlsx","NE",2023,"SO2",8760,8480,3.19634703196348,0,0,250,0,0,0,0,8480,28,192,8,192
"BD 2023.xlsx","NE",2023,"SR",8760,8696,0.73059360730594,0,0,1,4,0,0.0459981600735971,4,8692,362,4153,15,0
"BD 2023.xlsx","NE",2023,"TOUT",8760,8663,1.10730593607306,0,0,45,0,0,0,0,8663,0,0,0,0
"BD 2023.xlsx","NE",2023,"WSR",8760,8663,1.10730593607306,0,0,40,0,0,0,0,8663,0,0,0,0
"BD 2023.xlsx","NE",2023,"WDR",8760,8655,1.1986301369863,0,0,360,0,0,0,0,8655,0,0,0,0
"BD 2023.xlsx","NE2",2023,"CO",8760,8085,7.7054794520548,0,0,14,0,0,0,0,8085,0,0,0,0
"BD 2023.xlsx","NE2",2023,"NO",8760,8574,2.12328767123288,0,0,500,0,0,0,0,8574,0,0,0,0
"BD 2023.xlsx","NE2",2023,"NO2",8760,8581,2.04337899543379,0,0,175,0,0,0,0,8581,0,0,0,0
"BD 2023.xlsx","NE2",2023,"NOX",8760,8583,2.02054794520548,0,0,500,0,0,0,0,8583,0,0,0,0
"BD 2023.xlsx","NE2",2023,"O3",8760,8075,7.81963470319634,0,0,175,0,0,0,0,8075,0,0,0,0
"BD 2023.xlsx","NE2",2023,"PM10",8760,8427,3.8013698630137,0,0,900,0,0,0,0,8427,0,0,0,0
"BD 2023.xlsx","NE2",2023,"PM2.5",8760,7689,12.2260273972603,0,0,800,0,0,0,0,7689,0,0,0,0
"BD 2023.xlsx","NE2",2023,"PRS",8760,8566,2.21461187214612,0,690,740,4,0,0.0466962409526033,0,8562,0,0,0,0
"BD 2023.xlsx","NE2",2023,"RAINF",8760,8593,1.90639269406393,0,0,70,0,0,0,0,8593,42,8556,743,0
"BD 2023.xlsx","NE2",2023,"RH",8760,8005,8.61872146118722,0,0,100,0,1,0.0124921923797626,0,8004,18,119,7,119
"BD 2023.xlsx","NE2",2023,"SO2",8760,8487,3.11643835616439,0,0,250,0,0,0,0,8487,43,300,8,300
"BD 2023.xlsx","NE2",2023,"SR",8760,8650,1.25570776255708,0,0,1,0,0,0,0,8650,321,3907,106,154
"BD 2023.xlsx","NE2",2023,"TOUT",8760,8579,2.0662100456621,0,0,45,0,0,0,0,8579,0,0,0,0
"BD 2023.xlsx","NE2",2023,"WSR",8760,8512,2.83105022831051,0,0,40,0,31,0.364191729323308,0,8481,0,0,0,0
"BD 2023.xlsx","NE2",2023,"WDR",8760,8547,2.43150684931507,0,0,360,0,0,0,0,8547,0,0,0,0
"BD 2023.xlsx","NE3",2023,"CO",8760,8556,2.32876712328767,0,0,14,0,0,0,0,8556,0,0,0,0
"BD 2023.xlsx","NE3",2023,"NO",8760,8180,6.62100456621004,0,0,500,0,0,0,0,8180,0,0,0,0
"BD 2023.xlsx","NE3",2023,"NO2",8760,8182,6.59817351598173,0,0,175,0,0,0,0,8182,0,0,0,0
"BD 2023.xlsx","NE3",2023,"NOX",8760,8179,6.6324200913242,0,0,500,0,0,0,0,8179,0,0,0,0
"BD 2023.xlsx","NE3",2023,"O3",8760,8391,4.21232876712329,0,0,175,0,0,0,0,8391,0,0,0,0
"BD 2023.xlsx","NE3",2023,"PM10",8760,8347,4.71461187214612,0,0,900,0,0,0,0,8347,0,0,0,0
"BD 2023.xlsx","NE3",2023,"PM2.5",8760,0,100,0,0,800,0,0,,0,0,0,0,0,0
"BD 2023.xlsx","NE3",2023,"PRS",8760,8495,3.02511415525114,0,690,740,0,0,0,0,8495,313,2447,17,2447
"BD 2023.xlsx","NE3",2023,"RAINF",8760,8591,1.92922374429224,0,0,70,0,0,0,0,8591,115,8090,743,0
"BD 2023.xlsx","NE3",2023,"RH",8760,8578,2.07762557077625,0,0,100,0,0,0,0,8578,15,99,7,99
"BD 2023.xlsx","NE3",2023,"SO2",8760,8056,8.0365296803653,0,0,250,0,0,0,0,8056,86,638,23,638
"BD 2023.xlsx","NE3",2023,"SR",8760,7639,12.796803652968,0,0,1,0,8,0.104725749443644,0,7631,262,2690,43,92
"BD 2023.xlsx","NE3",2023,"TOUT",8760,8519,2.75114155251142,0,0,45,0,0,0,0,8519,0,0,0,0
"BD 2023.xlsx","NE3",2023,"WSR",8760,8566,2.21461187214612,0,0,40,0,0,0,0,8566,0,0,0,0
"BD 2023.xlsx","NE3",2023,"WDR",8760,8583,2.02054794520548,0,0,360,0,0,0,0,8583,0,0,0,0
"BD 2023.xlsx","NO",2023,"CO",8760,8570,2.1689497716895,0,0,14,0,0,0,0,8570,0,0,0,0
"BD 2023.xlsx","NO",2023,"NO",8760,8316,5.06849315068493,0,0,500,0,0,0,0,8316,0,0,0,0
"BD 2023.xlsx","NO",2023,"NO2",8760,8517,2.77397260273973,0,0,175,0,0,0,0,8517,0,0,0,0
"BD 2023.xlsx","NO",2023,"NOX",8760,8514,2.80821917808219,0,0,500,0,0,0,0,8514,0,0,0,0
"BD 2023.xlsx","NO",2023,"O3",8760,8233,6.01598173515981,0,0,175,0,0,0,0,8233,0,0,0,0
"BD 2023.xlsx","NO",2023,"PM10",8760,8537,2.54566210045662,0,0,900,0,0,0,0,8537,0,0,0,0
"BD 2023.xlsx","NO",2023,"PM2.5",8760,4024,54.0639269406393,0,0,800,0,0,0,0,4024,0,0,0,0
"BD 2023.xlsx","NO",2023,"PRS",8760,8568,2.19178082191781,0,690,740,0,0,0,0,8568,0,0,0,0
"BD 2023.xlsx","NO",2023,"RAINF",8760,8568,2.19178082191781,0,0,70,0,0,0,0,8568,45,8555,744,0
"BD 2023.xlsx","NO",2023,"RH",8760,8540,2.51141552511416,0,0,100,0,82,0.960187353629977,0,8458,13,89,7,89
"BD 2023.xlsx","NO",2023,"SO2",8760,8512,2.83105022831051,0,0,250,0,0,0,0,8512,24,166,8,166
"BD 2023.xlsx","NO",2023,"SR",8760,8592,1.91780821917809,0,0,1,0,0,0,0,8592,356,3910,14,0
"BD 2023.xlsx","NO",2023,"TOUT",8760,8565,2.22602739726028,0,0,45,0,0,0,0,8565,0,0,0,0
"BD 2023.xlsx","NO",2023,"WSR",8760,8567,2.20319634703197,0,0,40,0,0,0,0,8567,0,0,0,0
"BD 2023.xlsx","NO",2023,"WDR",8760,8562,2.26027397260274,0,0,360,0,0,0,0,8562,0,0,0,0
"BD 2023.xlsx","NO2",2023,"CO",8760,8579,2.0662100456621,0,0,14,0,0,0,0,8579,0,0,0,0
"BD 2023.xlsx","NO2",2023,"NO",8760,8594,1.89497716894977,0,0,500,0,0,0,0,8594,1,6,6,6
"BD 2023.xlsx","NO2",2023,"NO2",8760,8636,1.41552511415525,0,0,175,0,0,0,0,8636,0,0,0,0
"BD 2023.xlsx","NO2",2023,"NOX",8760,8634,1.43835616438356,0,0,500,0,0,0,0,8634,0,0,0,0
"BD 2023.xlsx","NO2",2023,"O3",8760,8525,2.68264840182648,0,0,175,0,0,0,0,8525,0,0,0,0
"BD 2023.xlsx","NO2",2023,"PM10",8760,8611,1.70091324200913,0,0,900,0,0,0,0,8611,0,0,0,0
"BD 2023.xlsx","NO2",2023,"PM2.5",8760,7721,11.8607305936073,0,0,800,0,0,0,0,7721,0,0,0,0
"BD 2023.xlsx","NO2",2023,"PRS",8760,8654,1.21004566210046,0,690,740,12,0,0.138664201525306,0,8642,4,25,7,25
"BD 2023.xlsx","NO2",2023,"RAINF",8760,8670,1.02739726027398,0,0,70,0,0,0,0,8670,34,8667,743,0
"BD 2023.xlsx","NO2",2023,"RH",8760,8601,1.81506849315068,0,0,100,0,0,0,0,8601,31,209,7,209
"BD 2023.xlsx","NO2",2023,"SO2",8760,8454,3.49315068493151,0,0,250,0,0,0,0,8454,138,972,8,972
"BD 2023.xlsx","NO2",2023,"SR",8760,5468,37.5799086757991,0,0,1,0,3,0.0548646671543526,0,5465,27,3406,536,0
"BD 2023.xlsx","NO2",2023,"TOUT",8760,8669,1.03881278538813,0,0,45,0,0,0,0,8669,0,0,0,0
"BD 2023.xlsx","NO2",2023,"WSR",8760,8670,1.02739726027398,0,0,40,0,0,0,0,8670,0,0,0,0
"BD 2023.xlsx","NO2",2023,"WDR",8760,8667,1.06164383561644,0,0,360,0,0,0,0,8667,0,0,0,0
"BD 2023.xlsx","NO3",2023,"CO",8760,7208,17.716894977169,0,0,14,0,0,0,0,7208,0,0,0,0
"BD 2023.xlsx","NO3",2023,"NO",8760,7363,15.9474885844749,0,0,500,0,0,0,0,7363,6,37,7,37
"BD 2023.xlsx","NO3",2023,"NO2",8760,7388,15.662100456621,0,0,175,0,0,0,0,7388,0,0,0,0
"BD 2023.xlsx","NO3",2023,"NOX",8760,7384,15.7077625570776,0,0,500,0,0,0,0,7384,0,0,0,0
"BD 2023.xlsx","NO3",2023,"O3",8760,7318,16.4611872146119,0,0,175,0,0,0,0,7318,0,0,0,0
"BD 2023.xlsx","NO3",2023,"PM10",8760,8073,7.84246575342465,0,0,900,0,0,0,0,8073,0,0,0,0
"BD 2023.xlsx","NO3",2023,"PM2.5",8760,0,100,0,0,800,0,0,,0,0,0,0,0,0
"BD 2023.xlsx","NO3",2023,"PRS",8760,8683,0.878995433789953,0,690,740,0,0,0,0,8683,0,0,0,0
"BD 2023.xlsx","NO3",2023,"RAINF",8760,8693,0.764840182648396,0,0,70,0,0,0,0,8693,31,8688,743,0
"BD 2023.xlsx","NO3",2023,"RH",8760,1552,82.2831050228311,0,0,100,0,12,0.77319587628866,0,1540,16,104,7,104
"BD 2023.xlsx","NO3",2023,"SO2",8760,7462,14.8173515981735,0,0,250,0,0,0,0,7462,5,35,8,35
"BD 2023.xlsx","NO3",2023,"SR",8760,8705,0.627853881278539,0,0,1,0,0,0,0,8705,355,4011,14,0
"BD 2023.xlsx","NO3",2023,"TOUT",8760,8683,0.878995433789953,0,0,45,0,0,0,0,8683,0,0,0,0
"BD 2023.xlsx","NO3",2023,"WSR",8760,6850,21.8036529680365,0,0,40,0,329,4.8029197080292,0,6521,0,0,0,0
"BD 2023.xlsx","NO3",2023,"WDR",8760,8585,1.99771689497716,0,0,360,0,0,0,0,8585,0,0,0,0
"BD 2023.xlsx","NTE",2023,"CO",8760,8221,6.15296803652968,0,0,14,0,0,0,0,8221,0,0,0,0
"BD 2023.xlsx","NTE",2023,"NO",8760,8307,5.17123287671233,0,0,500,0,0,0,0,8307,1,6,6,6
"BD 2023.xlsx","NTE",2023,"NO2",8760,8307,5.17123287671233,0,0,175,0,0,0,0,8307,0,0,0,0
"BD 2023.xlsx","NTE",2023,"NOX",8760,8305,5.19406392694064,0,0,500,0,0,0,0,8305,0,0,0,0
"BD 2023.xlsx","NTE",2023,"O3",8760,8123,7.27168949771689,0,0,175,0,0,0,0,8123,0,0,0,0
"BD 2023.xlsx","NTE",2023,"PM10",8760,8203,6.35844748858447,0,0,900,0,0,0,0,8203,0,0,0,0
"BD 2023.xlsx","NTE",2023,"PM2.5",8760,7797,10.9931506849315,0,0,800,0,0,0,0,7797,2,12,6,12
"BD 2023.xlsx","NTE",2023,"PRS",8760,8440,3.65296803652968,0,690,740,18,0,0.213270142180095,0,8422,0,0,0,0
"BD 2023.xlsx","NTE",2023,"RAINF",8760,8460,3.42465753424658,0,0,70,0,0,0,0,8460,49,8439,736,0
"BD 2023.xlsx","NTE",2023,"RH",8760,4414,49.6118721461187,0,0,100,0,0,0,0,4414,6,39,7,39
"BD 2023.xlsx","NTE",2023,"SO2",8760,7900,9.81735159817352,0,0,250,0,0,0,0,7900,9,55,7,55
"BD 2023.xlsx","NTE",2023,"SR",8760,7884,10,0,0,1,0,0,0,0,7884,104,7387,606,18
"BD 2023.xlsx","NTE",2023,"TOUT",8760,8457,3.45890410958904,0,0,45,0,1,0.0118245240629065,0,8456,0,0,0,0
"BD 2023.xlsx","NTE",2023,"WSR",8760,8456,3.4703196347032,0,0,40,0,0,0,0,8456,0,0,0,0
"BD 2023.xlsx","NTE",2023,"WDR",8760,7954,9.20091324200913,0,0,360,0,0,0,0,7954,0,0,0,0
"BD 2023.xlsx","NTE2",2023,"CO",8760,8474,3.2648401826484,0,0,14,0,0,0,0,8474,1,18,18,18
"BD 2023.xlsx","NTE2",2023,"NO",8760,8702,0.662100456621006,0,0,500,0,0,0,0,8702,0,0,0,0
"BD 2023.xlsx","NTE2",2023,"NO2",8760,8707,0.605022831050228,0,0,175,0,0,0,0,8707,0,0,0,0
"BD 2023.xlsx","NTE2",2023,"NOX",8760,8707,0.605022831050228,0,0,500,0,0,0,0,8707,0,0,0,0
"BD 2023.xlsx","NTE2",2023,"O3",8760,8505,2.91095890410958,0,0,175,0,0,0,0,8505,0,0,0,0
"BD 2023.xlsx","NTE2",2023,"PM10",8760,8530,2.6255707762557,0,0,900,0,0,0,0,8530,0,0,0,0
"BD 2023.xlsx","NTE2",2023,"PM2.5",8760,7872,10.1369863013699,0,0,800,0,0,0,0,7872,0,0,0,0
"BD 2023.xlsx","NTE2",2023,"PRS",8760,8702,0.662100456621006,0,690,740,0,0,0,0,8702,0,0,0,0
"BD 2023.xlsx","NTE2",2023,"RAINF",8760,8708,0.593607305936072,0,0,70,0,0,0,0,8708,53,8633,718,0
"BD 2023.xlsx","NTE2",2023,"RH",8760,8658,1.16438356164383,0,0,100,0,0,0,0,8658,23,155,7,155
"BD 2023.xlsx","NTE2",2023,"SO2",8760,8666,1.07305936073059,0,0,250,0,0,0,0,8666,20,145,8,145
"BD 2023.xlsx","NTE2",2023,"SR",8760,8736,0.273972602739725,0,0,1,0,0,0,0,8736,363,4049,14,0
"BD 2023.xlsx","NTE2",2023,"TOUT",8760,8706,0.616438356164384,0,0,45,0,0,0,0,8706,0,0,0,0
"BD 2023.xlsx","NTE2",2023,"WSR",8760,8708,0.593607305936072,0,0,40,0,0,0,0,8708,0,0,0,0
"BD 2023.xlsx","NTE2",2023,"WDR",8760,8690,0.799086757990863,0,0,360,0,0,0,0,8690,0,0,0,0
"BD 2023.xlsx","SE",2023,"CO",8760,8661,1.13013698630137,0,0,14,0,0,0,0,8661,0,0,0,0
"BD 2023.xlsx","SE",2023,"NO",8760,8534,2.57990867579909,0,0,500,0,0,0,0,8534,3,19,7,19
"BD 2023.xlsx","SE",2023,"NO2",8760,8695,0.742009132420096,0,0,175,0,0,0,0,8695,0,0,0,0
"BD 2023.xlsx","SE",2023,"NOX",8760,8693,0.764840182648396,0,0,500,0,0,0,0,8693,0,0,0,0
"BD 2023.xlsx","SE",2023,"O3",8760,8516,2.78538812785388,0,0,175,0,0,0,0,8516,0,0,0,0
"BD 2023.xlsx","SE",2023,"PM10",8760,8619,1.60958904109589,0,0,900,0,0,0,0,8619,0,0,0,0
"BD 2023.xlsx","SE",2023,"PM2.5",8760,7065,19.3493150684932,0,0,800,0,0,0,0,7065,1,7,7,7
"BD 2023.xlsx","SE",2023,"PRS",8760,8717,0.490867579908671,0,690,740,2,0,0.0229436732820925,0,8715,5,33,7,33
"BD 2023.xlsx","SE",2023,"RAINF",8760,8713,0.536529680365294,0,0,70,0,0,0,0,8713,88,8236,695,0
"BD 2023.xlsx","SE",2023,"RH",8760,8680,0.91324200913242,0,0,100,0,0,0,0,8680,16,107,7,107
"BD 2023.xlsx","SE",2023,"SO2",8760,8631,1.47260273972603,0,0,250,0,0,0,0,8631,26,174,8,174
"BD 2023.xlsx","SE",2023,"SR",8760,8749,0.125570776255712,0,0,1,0,0,0,0,8749,346,3674,21,822
"BD 2023.xlsx","SE",2023,"TOUT",8760,8718,0.479452054794516,0,0,45,0,0,0,0,8718,0,0,0,0
"BD 2023.xlsx","SE",2023,"WSR",8760,8717,0.490867579908671,0,0,40,0,0,0,0,8717,0,0,0,0
"BD 2023.xlsx","SE",2023,"WDR",8760,8718,0.479452054794516,0,0,360,0,0,0,0,8718,0,0,0,0
"BD 2023.xlsx","SE2",2023,"CO",8760,7897,9.85159817351598,0,0,14,0,0,0,0,7897,0,0,0,0
"BD 2023.xlsx","SE2",2023,"NO",8760,8586,1.98630136986301,0,0,500,0,0,0,0,8586,0,0,0,0
"BD 2023.xlsx","SE2",2023,"NO2",8760,8694,0.753424657534252,0,0,175,0,0,0,0,8694,0,0,0,0
"BD 2023.xlsx","SE2",2023,"NOX",8760,8694,0.753424657534252,0,0,500,0,0,0,0,8694,0,0,0,0
"BD 2023.xlsx","SE2",2023,"O3",8760,8620,1.59817351598174,0,0,175,0,0,0,0,8620,0,0,0,0
"BD 2023.xlsx","SE2",2023,"PM10",8760,8684,0.867579908675797,0,0,900,0,0,0,0,8684,0,0,0,0
"BD 2023.xlsx","SE2",2023,"PM2.5",8760,8137,7.11187214611873,0,0,800,0,0,0,0,8137,0,0,0,0
"BD 2023.xlsx","SE2",2023,"PRS",8760,8691,0.787671232876708,0,690,740,3,0,0.0345184673800483,0,8688,22,143,8,143
"BD 2023.xlsx","SE2",2023,"RAINF",8760,8754,0.068493150684934,0,0,70,0,0,0,0,8754,5,8754,3499,0
"BD 2023.xlsx","SE2",2023,"RH",8760,8646,1.3013698630137,0,0,100,0,0,0,0,8646,29,196,7,196
"BD 2023.xlsx","SE2",2023,"SO2",8760,8679,0.924657534246576,0,0,250,0,0,0,0,8679,28,187,8,187
"BD 2023.xlsx","SE2",2023,"SR",8760,8745,0.171232876712324,0,0,1,0,0,0,0,8745,359,3775,13,634
"BD 2023.xlsx","SE2",2023,"TOUT",8760,8700,0.684931506849318,0,0,45,0,0,0,0,8700,0,0,0,0
"BD 2023.xlsx","SE2",2023,"WSR",8760,8504,2.92237442922374,0,0,40,0,0,0,0,8504,0,0,0,0
"BD 2023.xlsx","SE2",2023,"WDR",8760,8348,4.70319634703197,0,0,360,0,0,0,0,8348,0,0,0,0
"BD 2023.xlsx","SE3",2023,"CO",8760,8312,5.11415525114155,0,0,14,0,0,0,0,8312,0,0,0,0
"BD 2023.xlsx","SE3",2023,"NO",8760,8464,3.37899543378996,0,0,500,0,0,0,0,8464,0,0,0,0
"BD 2023.xlsx","SE3",2023,"NO2",8760,8543,2.47716894977169,0,0,175,0,0,0,0,8543,0,0,0,0
"BD 2023.xlsx","SE3",2023,"NOX",8760,8547,2.43150684931507,0,0,500,0,0,0,0,8547,0,0,0,0
"BD 2023.xlsx","SE3",2023,"O3",8760,8347,4.71461187214612,0,0,175,0,0,0,0,8347,0,0,0,0
"BD 2023.xlsx","SE3",2023,"PM10",8760,8499,2.97945205479452,0,0,900,0,0,0,0,8499,1,12,12,12
"BD 2023.xlsx","SE3",2023,"PM2.5",8760,8100,7.53424657534246,0,0,800,0,0,0,0,8100,1,48,48,48
"BD 2023.xlsx","SE3",2023,"PRS",8760,8541,2.5,0,690,740,6,290,3.46563634234867,0,8245,4,26,8,26
"BD 2023.xlsx","SE3",2023,"RAINF",8760,8567,2.20319634703197,0,0,70,0,0,0,0,8567,38,8559,743,0
"BD 2023.xlsx","SE3",2023,"RH",8760,8541,2.5,0,0,100,0,0,0,0,8541,16,109,7,109
"BD 2023.xlsx","SE3",2023,"SO2",8760,8470,3.31050228310502,0,0,250,0,0,0,0,8470,40,280,8,280
"BD 2023.xlsx","SE3",2023,"SR",8760,8676,0.958904109589043,0,0,1,0,0,0,0,8676,358,3910,33,3809
"BD 2023.xlsx","SE3",2023,"TOUT",8760,8564,2.23744292237443,0,0,45,0,0,0,0,8564,0,0,0,0
"BD 2023.xlsx","SE3",2023,"WSR",8760,8428,3.78995433789955,0,0,40,0,0,0,0,8428,0,0,0,0
"BD 2023.xlsx","SE3",2023,"WDR",8760,8562,2.26027397260274,0,0,360,0,0,0,0,8562,0,0,0,0
"BD 2023.xlsx","SO",2023,"CO",8760,8717,0.490867579908671,0,0,14,0,0,0,0,8717,0,0,0,0
"BD 2023.xlsx","SO",2023,"NO",8760,8524,2.69406392694064,0,0,500,0,0,0,0,8524,1,6,6,6
"BD 2023.xlsx","SO",2023,"NO2",8760,8488,3.10502283105023,0,0,175,0,0,0,0,8488,4,27,8,27
"BD 2023.xlsx","SO",2023,"NOX",8760,8487,3.11643835616439,0,0,500,0,0,0,0,8487,0,0,0,0
"BD 2023.xlsx","SO",2023,"O3",8760,8385,4.28082191780822,0,0,175,0,0,0,0,8385,0,0,0,0
"BD 2023.xlsx","SO",2023,"PM10",8760,8666,1.07305936073059,0,0,900,0,0,0,0,8666,0,0,0,0
"BD 2023.xlsx","SO",2023,"PM2.5",8760,8181,6.60958904109589,0,0,800,0,0,0,0,8181,0,0,0,0
"BD 2023.xlsx","SO",2023,"PRS",8760,8654,1.21004566210046,0,690,740,144,0,1.66397041830367,0,8510,0,0,0,0
"BD 2023.xlsx","SO",2023,"RAINF",8760,8713,0.536529680365294,0,0,70,0,0,0,0,8713,78,8430,646,0
"BD 2023.xlsx","SO",2023,"RH",8760,8708,0.593607305936072,0,0,100,0,0,0,0,8708,2,13,7,13
"BD 2023.xlsx","SO",2023,"SO2",8760,8620,1.59817351598174,0,0,250,0,0,0,0,8620,49,345,8,345
"BD 2023.xlsx","SO",2023,"SR",8760,8679,0.924657534246576,0,0,1,12,120,1.52091254752852,12,8547,309,4432,371,0
"BD 2023.xlsx","SO",2023,"TOUT",8760,8713,0.536529680365294,0,0,45,0,0,0,0,8713,0,0,0,0
"BD 2023.xlsx","SO",2023,"WSR",8760,8625,1.54109589041096,0,0,40,0,0,0,0,8625,0,0,0,0
"BD 2023.xlsx","SO",2023,"WDR",8760,8709,0.582191780821917,0,0,360,0,0,0,0,8709,0,0,0,0
"BD 2023.xlsx","SO2",2023,"CO",8760,8597,1.86073059360731,0,0,14,0,0,0,0,8597,0,0,0,0
"BD 2023.xlsx","SO2",2023,"NO",8760,8565,2.22602739726028,0,0,500,0,0,0,0,8565,0,0,0,0
"BD 2023.xlsx","SO2",2023,"NO2",8760,8668,1.05022831050229,0,0,175,0,0,0,0,8668,0,0,0,0
"BD 2023.xlsx","SO2",2023,"NOX",8760,8666,1.07305936073059,0,0,500,0,0,0,0,8666,0,0,0,0
"BD 2023.xlsx","SO2",2023,"O3",8760,8592,1.91780821917809,0,0,175,0,0,0,0,8592,0,0,0,0
"BD 2023.xlsx","SO2",2023,"PM10",8760,8431,3.75570776255708,0,0,900,0,1,0.0118609892064998,0,8430,0,0,0,0
"BD 2023.xlsx","SO2",2023,"PM2.5",8760,7974,8.97260273972603,0,0,800,0,0,0,0,7974,0,0,0,0
"BD 2023.xlsx","SO2",2023,"PRS",8760,8716,0.502283105022827,0,690,740,0,0,0,0,8716,28,193,10,193
"BD 2023.xlsx","SO2",2023,"RAINF",8760,8719,0.46803652968036,0,0,70,0,0,0,0,8719,59,8512,743,0
"BD 2023.xlsx","SO2",2023,"RH",8760,8648,1.27853881278539,0,0,100,0,0,0,0,8648,26,172,7,172
"BD 2023.xlsx","SO2",2023,"SO2",8760,8671,1.01598173515982,0,0,250,0,0,0,0,8671,12,78,8,78
"BD 2023.xlsx","SO2",2023,"SR",8760,8739,0.239726027397258,0,0,1,33,0,0.377617576381737,33,8706,355,3999,14,0
"BD 2023.xlsx","SO2",2023,"TOUT",8760,8718,0.479452054794516,0,0,45,0,0,0,0,8718,0,0,0,0
"BD 2023.xlsx","SO2",2023,"WSR",8760,8719,0.46803652968036,0,0,40,0,0,0,0,8719,0,0,0,0
"BD 2023.xlsx","SO2",2023,"WDR",8760,8719,0.46803652968036,0,0,360,0,0,0,0,8719,0,0,0,0
"BD 2023.xlsx","SUR",2023,"CO",8760,8508,2.87671232876713,0,0,14,0,0,0,0,8508,0,0,0,0
"BD 2023.xlsx","SUR",2023,"NO",8760,8313,5.10273972602739,0,0,500,0,0,0,0,8313,0,0,0,0
"BD 2023.xlsx","SUR",2023,"NO2",8760,8364,4.52054794520548,0,0,175,0,0,0,0,8364,0,0,0,0
"BD 2023.xlsx","SUR",2023,"NOX",8760,8361,4.55479452054794,0,0,500,0,0,0,0,8361,0,0,0,0
"BD 2023.xlsx","SUR",2023,"O3",8760,8510,2.85388127853882,0,0,175,0,0,0,0,8510,0,0,0,0
"BD 2023.xlsx","SUR",2023,"PM10",8760,8622,1.57534246575343,0,0,900,0,0,0,0,8622,0,0,0,0
"BD 2023.xlsx","SUR",2023,"PM2.5",8760,6966,20.4794520547945,0,0,800,0,0,0,0,6966,0,0,0,0
"BD 2023.xlsx","SUR",2023,"PRS",8760,8463,3.39041095890411,0,690,740,0,0,0,0,8463,0,0,0,0
"BD 2023.xlsx","SUR",2023,"RAINF",8760,8722,0.433789954337904,0,0,70,0,0,0,0,8722,31,8722,743,0
"BD 2023.xlsx","SUR",2023,"RH",8760,8464,3.37899543378996,0,0,100,0,0,0,0,8464,13,88,7,88
"BD 2023.xlsx","SUR",2023,"SO2",8760,8590,1.9406392694064,0,0,250,0,0,0,0,8590,17,108,8,108
"BD 2023.xlsx","SUR",2023,"SR",8760,8752,0.0913242009132453,0,0,1,0,0,0,0,8752,264,2668,222,2408
"BD 2023.xlsx","SUR",2023,"TOUT",8760,8476,3.24200913242009,0,0,45,8,0,0.0943841434638981,8,8468,0,0,0,0
"BD 2023.xlsx","SUR",2023,"WSR",8760,8722,0.433789954337904,0,0,40,0,0,0,0,8722,0,0,0,0
"BD 2023.xlsx","SUR",2023,"WDR",8760,8704,0.639269406392695,0,0,360,0,0,0,0,8704,0,0,0,0
"BD 2024.xlsx","CE",2024,"CO",8784,8597,2.12887067395264,0,0,18,0,0,0,0,8597,0,0,0,0
"BD 2024.xlsx","CE",2024,"NO",8784,8501,3.22176684881603,0,0,400,0,0,0,0,8501,13,86,9,86
"BD 2024.xlsx","CE",2024,"NO2",8784,8501,3.22176684881603,0,0,130,0,0,0,0,8501,0,0,0,0
"BD 2024.xlsx","CE",2024,"NOX",8784,8501,3.22176684881603,0,0,500,0,0,0,0,8501,0,0,0,0
"BD 2024.xlsx","CE",2024,"O3",8784,8411,4.24635701275046,0,0,180,0,0,0,0,8411,1,6,6,6
"BD 2024.xlsx","CE",2024,"PM10",8784,8546,2.70947176684881,0,0,999,0,0,0,0,8546,0,0,0,0
"BD 2024.xlsx","CE",2024,"PM2.5",8784,7099,19.1826047358834,0,0,999,0,0,0,0,7099,0,0,0,0
"BD 2024.xlsx","CE",2024,"PRS",8784,8577,2.35655737704918,0,687.5,740,12,0,0.139909059111577,0,8565,0,0,0,0
"BD 2024.xlsx","CE",2024,"RAINF",8784,8599,2.10610200364298,0,0,50,0,2,0.0232585184323759,0,8597,62,8335,640,0
"BD 2024.xlsx","CE",2024,"RH",8784,8549,2.67531876138434,0,0,100,0,0,0,0,8549,16,111,7,111
"BD 2024.xlsx","CE",2024,"SO2",8784,8562,2.52732240437158,0,0,150,0,0,0,0,8562,58,390,8,390
"BD 2024.xlsx","CE",2024,"SR",8784,8623,1.83287795992714,0,0,1.26,2,0,0.0231937840658703,2,8621,352,3828,39,2512
"BD 2024.xlsx","CE",2024,"TOUT",8784,8592,2.18579234972678,0,-4,45.5,0,0,0,14,8592,0,0,0,0
"BD 2024.xlsx","CE",2024,"WSR",8784,8588,2.23132969034608,0,0,38,0,2,0.0232883092687471,0,8586,0,0,0,0
"BD 2024.xlsx","CE",2024,"WDR",8784,8589,2.21994535519126,0,0,360,0,0,0,0,8589,0,0,0,0
"BD 2024.xlsx","NE",2024,"CO",8784,8620,1.86703096539163,0,0,18,0,0,0,0,8620,0,0,0,0
"BD 2024.xlsx","NE",2024,"NO",8784,8616,1.91256830601093,0,0,400,0,0,0,0,8616,0,0,0,0
"BD 2024.xlsx","NE",2024,"NO2",8784,8644,1.59380692167578,0,0,130,0,0,0,0,8644,0,0,0,0
"BD 2024.xlsx","NE",2024,"NOX",8784,8645,1.58242258652095,0,0,500,0,0,0,0,8645,0,0,0,0
"BD 2024.xlsx","NE",2024,"O3",8784,8456,3.73406193078324,0,0,180,0,0,0,0,8456,0,0,0,0
"BD 2024.xlsx","NE",2024,"PM10",8784,8478,3.48360655737705,0,0,999,0,0,0,0,8478,0,0,0,0
"BD 2024.xlsx","NE",2024,"PM2.5",8784,8022,8.67486338797814,0,0,999,0,0,0,0,8022,0,0,0,0
"BD 2024.xlsx","NE",2024,"PRS",8784,8619,1.87841530054644,0,687.5,740,2,0,0.0232045480914259,0,8617,0,0,0,0
"BD 2024.xlsx","NE",2024,"RAINF",8784,8653,1.49134790528234,0,0,50,0,0,0,0,8653,71,8278,744,6
"BD 2024.xlsx","NE",2024,"RH",8784,8562,2.52732240437158,0,0,100,0,0,0,0,8562,32,215,7,215
"BD 2024.xlsx","NE",2024,"SO2",8784,8641,1.62795992714025,0,0,150,0,0,0,0,8641,40,255,8,255
"BD 2024.xlsx","NE",2024,"SR",8784,8692,1.04735883424408,0,0,1.26,9,0,0.103543488265071,9,8683,361,4158,15,7
"BD 2024.xlsx","NE",2024,"TOUT",8784,5006,43.0100182149363,0,-4,45.5,19,1,0.399520575309628,35,4986,0,0,0,0
"BD 2024.xlsx","NE",2024,"WSR",8784,8639,1.65072859744991,0,0,38,0,0,0,0,8639,0,0,0,0
"BD 2024.xlsx","NE",2024,"WDR",8784,8641,1.62795992714025,0,0,360,0,0,0,0,8641,0,0,0,0
"BD 2024.xlsx","NE2",2024,"CO",8784,7236,17.6229508196721,0,0,18,0,0,0,0,7236,0,0,0,0
"BD 2024.xlsx","NE2",2024,"NO",8784,8512,3.09653916211293,0,0,400,0,0,0,0,8512,0,0,0,0
"BD 2024.xlsx","NE2",2024,"NO2",8784,8523,2.97131147540983,0,0,130,0,0,0,0,8523,0,0,0,0
"BD 2024.xlsx","NE2",2024,"NOX",8784,8523,2.97131147540983,0,0,500,0,0,0,0,8523,0,0,0,0
"BD 2024.xlsx","NE2",2024,"O3",8784,8171,6.97859744990893,0,0,180,0,0,0,0,8171,0,0,0,0
"BD 2024.xlsx","NE2",2024,"PM10",8784,8347,4.97495446265938,0,0,999,0,0,0,0,8347,0,0,0,0
"BD 2024.xlsx","NE2",2024,"PM2.5",8784,5184,40.9836065573771,0,0,999,0,0,0,0,5184,0,0,0,0
"BD 2024.xlsx","NE2",2024,"PRS",8784,8450,3.8023679417122,0,687.5,740,22,0,0.260355029585799,0,8428,0,0,0,0
"BD 2024.xlsx","NE2",2024,"RAINF",8784,8525,2.94854280510018,0,0,50,0,0,0,0,8525,37,8524,744,0
"BD 2024.xlsx","NE2",2024,"RH",8784,8497,3.26730418943534,0,0,100,0,1,0.011768859597505,0,8496,15,99,7,99
"BD 2024.xlsx","NE2",2024,"SO2",8784,8474,3.52914389799636,0,0,150,0,0,0,0,8474,52,368,8,368
"BD 2024.xlsx","NE2",2024,"SR",8784,8732,0.591985428051001,0,0,1.26,0,1,0.0114521300961979,0,8731,334,3884,51,0
"BD 2024.xlsx","NE2",2024,"TOUT",8784,8524,2.95992714025501,0,-4,45.5,0,1,0.011731581417175,9,8523,0,0,0,0
"BD 2024.xlsx","NE2",2024,"WSR",8784,8490,3.34699453551912,0,0,38,0,22,0.259128386336867,0,8468,0,0,0,0
"BD 2024.xlsx","NE2",2024,"WDR",8784,8521,2.99408014571949,0,0,360,0,0,0,0,8521,0,0,0,0
"BD 2024.xlsx","NE3",2024,"CO",8784,8367,4.74726775956285,0,0,18,0,0,0,0,8367,0,0,0,0
"BD 2024.xlsx","NE3",2024,"NO",8784,8222,6.39799635701275,0,0,400,0,0,0,0,8222,0,0,0,0
"BD 2024.xlsx","NE3",2024,"NO2",8784,8230,6.30692167577414,0,0,130,0,0,0,0,8230,0,0,0,0
"BD 2024.xlsx","NE3",2024,"NOX",8784,8221,6.40938069216758,0,0,500,0,0,0,0,8221,0,0,0,0
"BD 2024.xlsx","NE3",2024,"O3",8784,8329,5.17987249544627,0,0,180,0,0,0,0,8329,0,0,0,0
"BD 2024.xlsx","NE3",2024,"PM10",8784,8301,5.49863387978142,0,0,999,0,0,0,0,8301,0,0,0,0
"BD 2024.xlsx","NE3",2024,"PM2.5",8784,0,100,0,0,999,0,0,,0,0,0,0,0,0
"BD 2024.xlsx","NE3",2024,"PRS",8784,8411,4.24635701275046,0,687.5,740,0,0,0,0,8411,321,2463,18,2463
"BD 2024.xlsx","NE3",2024,"RAINF",8784,8429,4.04143897996357,0,0,50,0,0,0,0,8429,153,7780,255,0
"BD 2024.xlsx","NE3",2024,"RH",8784,8431,4.01867030965392,0,0,100,0,0,0,0,8431,23,154,7,154
"BD 2024.xlsx","NE3",2024,"SO2",8784,996,88.6612021857923,0,0,150,0,0,0,0,996,7,48,8,48
"BD 2024.xlsx","NE3",2024,"SR",8784,7711,12.2153916211293,0,0,1.26,0,20,0.259369731552328,0,7691,255,2669,102,117
"BD 2024.xlsx","NE3",2024,"TOUT",8784,8353,4.90664845173042,0,-4,45.5,0,0,0,13,8353,0,0,0,0
"BD 2024.xlsx","NE3",2024,"WSR",8784,8354,4.89526411657559,0,0,38,0,0,0,0,8354,0,0,0,0
"BD 2024.xlsx","NE3",2024,"WDR",8784,8392,4.46265938069217,0,0,360,0,0,0,0,8392,0,0,0,0
"BD 2024.xlsx","NO",2024,"CO",8784,5758,34.4489981785064,0,0,18,0,0,0,0,5758,1,8,8,8
"BD 2024.xlsx","NO",2024,"NO",8784,6742,23.2468123861566,0,0,400,0,0,0,0,6742,3,25,12,25
"BD 2024.xlsx","NO",2024,"NO2",8784,6748,23.1785063752277,0,0,130,0,0,0,0,6748,1,10,10,10
"BD 2024.xlsx","NO",2024,"NOX",8784,6858,21.9262295081967,0,0,500,0,0,0,0,6858,1,6,6,6
"BD 2024.xlsx","NO",2024,"O3",8784,7815,11.0314207650273,0,0,180,0,0,0,0,7815,0,0,0,0
"BD 2024.xlsx","NO",2024,"PM10",8784,8105,7.72996357012751,0,0,999,0,0,0,0,8105,0,0,0,0
"BD 2024.xlsx","NO",2024,"PM2.5",8784,1450,83.4927140255009,0,0,999,0,0,0,0,1450,0,0,0,0
"BD 2024.xlsx","NO",2024,"PRS",8784,8223,6.38661202185792,0,687.5,740,0,0,0,0,8223,0,0,0,0
"BD 2024.xlsx","NO",2024,"RAINF",8784,8222,6.39799635701275,0,0,50,0,0,0,0,8222,96,7918,538,0
"BD 2024.xlsx","NO",2024,"RH",8784,4373,50.2163023679417,0,0,100,0,20,0.457351932311914,0,4353,5,34,7,34
"BD 2024.xlsx","NO",2024,"SO2",8784,8062,8.21948998178507,0,0,150,0,0,0,0,8062,38,251,8,251
"BD 2024.xlsx","NO",2024,"SR",8784,8319,5.29371584699454,0,0,1.26,0,0,0,0,8319,343,3754,17,0
"BD 2024.xlsx","NO",2024,"TOUT",8784,4151,52.7436247723133,0,-4,45.5,1,0,0.0240905805829921,16,4150,0,0,0,0
"BD 2024.xlsx","NO",2024,"WSR",8784,8223,6.38661202185792,0,0,38,0,0,0,0,8223,0,0,0,0
"BD 2024.xlsx","NO",2024,"WDR",8784,8216,6.46630236794171,0,0,360,0,0,0,0,8216,0,0,0,0
"BD 2024.xlsx","NO2",2024,"CO",8784,8566,2.48178506375227,0,0,18,0,0,0,0,8566,0,0,0,0
"BD 2024.xlsx","NO2",2024,"NO",8784,8356,4.87249544626593,0,0,400,0,0,0,0,8356,1,6,6,6
"BD 2024.xlsx","NO2",2024,"NO2",8784,8460,3.68852459016393,0,0,130,0,0,0,0,8460,0,0,0,0
"BD 2024.xlsx","NO2",2024,"NOX",8784,8464,3.64298724954463,0,0,500,0,0,0,0,8464,0,0,0,0
"BD 2024.xlsx","NO2",2024,"O3",8784,8452,3.77959927140255,0,0,180,0,1,0.0118315191670611,0,8451,0,0,0,0
"BD 2024.xlsx","NO2",2024,"PM10",8784,8503,3.19899817850637,0,0,999,0,0,0,0,8503,0,0,0,0
"BD 2024.xlsx","NO2",2024,"PM2.5",8784,6057,31.0450819672131,0,0,999,0,0,0,0,6057,7,44,7,44
"BD 2024.xlsx","NO2",2024,"PRS",8784,8534,2.84608378870674,0,687.5,740,19,0,0.222638856339348,0,8515,4,25,7,25
"BD 2024.xlsx","NO2",2024,"RAINF",8784,8564,2.50455373406193,0,0,50,0,0,0,0,8564,90,8225,560,0
"BD 2024.xlsx","NO2",2024,"RH",8784,8491,3.3356102003643,0,0,100,0,0,0,0,8491,18,120,7,120
"BD 2024.xlsx","NO2",2024,"SO2",8784,8525,2.94854280510018,0,0,150,0,0,0,0,8525,89,613,8,613
"BD 2024.xlsx","NO2",2024,"SR",8784,5250,40.2322404371585,0,0,1.26,0,0,0,0,5250,64,5238,763,0
"BD 2024.xlsx","NO2",2024,"TOUT",8784,8563,2.51593806921676,0,-4,45.5,0,0,0,28,8563,0,0,0,0
"BD 2024.xlsx","NO2",2024,"WSR",8784,8564,2.50455373406193,0,0,38,0,0,0,0,8564,0,0,0,0
"BD 2024.xlsx","NO2",2024,"WDR",8784,8563,2.51593806921676,0,0,360,0,0,0,0,8563,0,0,0,0
"BD 2024.xlsx","NO3",2024,"CO",8784,7810,11.0883424408015,0,0,18,0,0,0,0,7810,0,0,0,0
"BD 2024.xlsx","NO3",2024,"NO",8784,7509,14.5150273224044,0,0,400,0,0,0,0,7509,2,16,10,16
"BD 2024.xlsx","NO3",2024,"NO2",8784,7510,14.5036429872495,0,0,130,0,0,0,0,7510,0,0,0,0
"BD 2024.xlsx","NO3",2024,"NOX",8784,7510,14.5036429872495,0,0,500,0,0,0,0,7510,0,0,0,0
"BD 2024.xlsx","NO3",2024,"O3",8784,8478,3.48360655737705,0,0,180,0,0,0,0,8478,0,0,0,0
"BD 2024.xlsx","NO3",2024,"PM10",8784,8579,2.33378870673953,0,0,999,0,0,0,0,8579,0,0,0,0
"BD 2024.xlsx","NO3",2024,"PM2.5",8784,2333,73.4403460837887,0,0,999,0,0,0,0,2333,0,0,0,0
"BD 2024.xlsx","NO3",2024,"PRS",8784,8708,0.865209471766848,0,687.5,740,0,0,0,0,8708,0,0,0,0
"BD 2024.xlsx","NO3",2024,"RAINF",8784,8712,0.819672131147542,0,0,50,0,0,0,0,8712,32,8711,743,0
"BD 2024.xlsx","NO3",2024,"RH",8784,8111,7.66165755919854,0,0,100,0,0,0,0,8111,8,54,7,54
"BD 2024.xlsx","NO3",2024,"SO2",8784,8674,1.25227686703097,0,0,150,0,0,0,0,8674,45,314,8,314
"BD 2024.xlsx","NO3",2024,"SR",8784,8664,1.36612021857924,0,0,1.26,0,11,0.126962142197599,0,8653,352,3973,15,0
"BD 2024.xlsx","NO3",2024,"TOUT",8784,8713,0.808287795992713,0,-4,45.5,0,0,0,19,8713,0,0,0,0
"BD 2024.xlsx","NO3",2024,"WSR",8784,8649,1.53688524590164,0,0,38,0,0,0,0,8649,0,0,0,0
"BD 2024.xlsx","NO3",2024,"WDR",8784,8711,0.831056466302371,0,0,360,0,0,0,0,8711,0,0,0,0
"BD 2024.xlsx","NTE",2024,"CO",8784,8683,1.14981785063752,0,0,18,0,0,0,0,8683,0,0,0,0
"BD 2024.xlsx","NTE",2024,"NO",8784,8488,3.36976320582878,0,0,400,0,0,0,0,8488,2,16,10,16
"BD 2024.xlsx","NTE",2024,"NO2",8784,8605,2.03779599271403,0,0,130,0,0,0,0,8605,0,0,0,0
"BD 2024.xlsx","NTE",2024,"NOX",8784,8602,2.07194899817851,0,0,500,0,0,0,0,8602,0,0,0,0
"BD 2024.xlsx","NTE",2024,"O3",8784,8429,4.04143897996357,0,0,180,0,0,0,0,8429,0,0,0,0
"BD 2024.xlsx","NTE",2024,"PM10",8784,8452,3.77959927140255,0,0,999,0,0,0,0,8452,0,0,0,0
"BD 2024.xlsx","NTE",2024,"PM2.5",8784,8178,6.89890710382514,0,0,999,0,0,0,0,8178,7,62,12,62
"BD 2024.xlsx","NTE",2024,"PRS",8784,8567,2.47040072859745,0,687.5,740,17,0,0.198435858526906,0,8550,0,0,0,0
"BD 2024.xlsx","NTE",2024,"RAINF",8784,8704,0.910746812386154,0,0,50,0,0,0,0,8704,32,8694,761,0
"BD 2024.xlsx","NTE",2024,"RH",8784,2323,73.554189435337,0,0,100,0,4,0.172191132156694,0,2319,8,53,7,53
"BD 2024.xlsx","NTE",2024,"SO2",8784,8693,1.03597449908925,0,0,150,0,0,0,0,8693,18,120,8,120
"BD 2024.xlsx","NTE",2024,"SR",8784,7453,15.1525500910747,0,0,1.26,0,1,0.0134174158057158,0,7452,179,5233,585,0
"BD 2024.xlsx","NTE",2024,"TOUT",8784,8700,0.95628415300546,0,-4,45.5,0,0,0,14,8700,0,0,0,0
"BD 2024.xlsx","NTE",2024,"WSR",8784,8698,0.979052823315119,0,0,38,0,0,0,0,8698,0,0,0,0
"BD 2024.xlsx","NTE",2024,"WDR",8784,8684,1.1384335154827,0,0,360,0,0,0,0,8684,0,0,0,0
"BD 2024.xlsx","NTE2",2024,"CO",8784,8625,1.81010928961749,0,0,18,0,0,0,0,8625,0,0,0,0
"BD 2024.xlsx","NTE2",2024,"NO",8784,8665,1.35473588342441,0,0,400,0,0,0,0,8665,0,0,0,0
"BD 2024.xlsx","NTE2",2024,"NO2",8784,8675,1.24089253187614,0,0,130,0,0,0,0,8675,0,0,0,0
"BD 2024.xlsx","NTE2",2024,"NOX",8784,8675,1.24089253187614,0,0,500,0,0,0,0,8675,0,0,0,0
"BD 2024.xlsx","NTE2",2024,"O3",8784,8266,5.89708561020036,0,0,180,0,0,0,0,8266,0,0,0,0
"BD 2024.xlsx","NTE2",2024,"PM10",8784,8624,1.82149362477231,0,0,999,0,0,0,0,8624,2,61,47,61
"BD 2024.xlsx","NTE2",2024,"PM2.5",8784,7940,9.60837887067395,0,0,999,0,0,0,0,7940,0,0,0,0
"BD 2024.xlsx","NTE2",2024,"PRS",8784,8668,1.32058287795993,0,687.5,740,0,0,0,0,8668,0,0,0,0
"BD 2024.xlsx","NTE2",2024,"RAINF",8784,8672,1.27504553734062,0,0,50,0,0,0,0,8672,98,8125,441,0
"BD 2024.xlsx","NTE2",2024,"RH",8784,8635,1.69626593806922,0,0,100,0,0,0,0,8635,18,118,7,118
"BD 2024.xlsx","NTE2",2024,"SO2",8784,8667,1.33196721311475,0,0,150,0,0,0,0,8667,26,173,8,173
"BD 2024.xlsx","NTE2",2024,"SR",8784,8718,0.751366120218577,0,0,1.26,0,0,0,0,8718,364,4097,15,0
"BD 2024.xlsx","NTE2",2024,"TOUT",8784,8670,1.29781420765027,0,-4,45.5,0,0,0,12,8670,0,0,0,0
"BD 2024.xlsx","NTE2",2024,"WSR",8784,8669,1.3091985428051,0,0,38,0,0,0,0,8669,0,0,0,0
"BD 2024.xlsx","NTE2",2024,"WDR",8784,8655,1.46857923497268,0,0,360,0,0,0,0,8655,0,0,0,0
"BD 2024.xlsx","SE",2024,"CO",8784,7870,10.4052823315118,0,0,18,0,1,0.0127064803049555,0,7869,14,105,10,105
"BD 2024.xlsx","SE",2024,"NO",8784,8606,2.0264116575592,0,0,400,0,0,0,0,8606,3,22,10,22
"BD 2024.xlsx","SE",2024,"NO2",8784,8670,1.29781420765027,0,0,130,0,0,0,0,8670,0,0,0,0
"BD 2024.xlsx","SE",2024,"NOX",8784,8670,1.29781420765027,0,0,500,0,0,0,0,8670,0,0,0,0
"BD 2024.xlsx","SE",2024,"O3",8784,8534,2.84608378870674,0,0,180,0,0,0,0,8534,0,0,0,0
"BD 2024.xlsx","SE",2024,"PM10",8784,8455,3.74544626593807,0,0,999,0,0,0,0,8455,0,0,0,0
"BD 2024.xlsx","SE",2024,"PM2.5",8784,6523,25.7399817850637,0,0,999,0,0,0,0,6523,0,0,0,0
"BD 2024.xlsx","SE",2024,"PRS",8784,8671,1.28642987249544,0,687.5,740,5,0,0.0576634759543305,0,8666,3,18,6,18
"BD 2024.xlsx","SE",2024,"RAINF",8784,8674,1.25227686703097,0,0,50,0,0,0,0,8674,105,8073,433,6
"BD 2024.xlsx","SE",2024,"RH",8784,8671,1.28642987249544,0,0,100,0,0,0,0,8671,16,107,7,107
"BD 2024.xlsx","SE",2024,"SO2",8784,8659,1.42304189435337,0,0,150,0,0,0,0,8659,50,345,8,345
"BD 2024.xlsx","SE",2024,"SR",8784,8711,0.831056466302371,0,0,1.26,0,0,0,0,8711,352,3723,13,406
"BD 2024.xlsx","SE",2024,"TOUT",8784,8673,1.2636612021858,0,-4,45.5,0,0,0,12,8673,0,0,0,0
"BD 2024.xlsx","SE",2024,"WSR",8784,8662,1.38888888888888,0,0,38,0,0,0,0,8662,0,0,0,0
"BD 2024.xlsx","SE",2024,"WDR",8784,8671,1.28642987249544,0,0,360,0,0,0,0,8671,0,0,0,0
"BD 2024.xlsx","SE2",2024,"CO",8784,7671,12.6707650273224,0,0,18,0,0,0,0,7671,2,13,7,13
"BD 2024.xlsx","SE2",2024,"NO",8784,8272,5.8287795992714,0,0,400,0,1,0.0120889748549323,0,8271,1,7,7,7
"BD 2024.xlsx","SE2",2024,"NO2",8784,8231,6.29553734061931,0,0,130,0,0,0,0,8231,0,0,0,0
"BD 2024.xlsx","SE2",2024,"NOX",8784,8498,3.25591985428051,0,0,500,0,0,0,0,8498,0,0,0,0
"BD 2024.xlsx","SE2",2024,"O3",8784,7728,12.0218579234973,0,0,180,0,0,0,0,7728,0,0,0,0
"BD 2024.xlsx","SE2",2024,"PM10",8784,8400,4.37158469945356,0,0,999,0,0,0,0,8400,0,0,0,0
"BD 2024.xlsx","SE2",2024,"PM2.5",8784,8330,5.16848816029144,0,0,999,0,0,0,0,8330,0,0,0,0
"BD 2024.xlsx","SE2",2024,"PRS",8784,8565,2.4931693989071,0,687.5,740,2,0,0.0233508464681845,0,8563,21,131,7,131
"BD 2024.xlsx","SE2",2024,"RAINF",8784,8776,0.0910746812386121,0,0,50,0,0,0,0,8776,6,8776,3105,0
"BD 2024.xlsx","SE2",2024,"RH",8784,8565,2.4931693989071,0,0,100,0,0,0,0,8565,27,182,7,182
"BD 2024.xlsx","SE2",2024,"SO2",8784,8409,4.2691256830601,0,0,150,0,0,0,0,8409,47,326,8,326
"BD 2024.xlsx","SE2",2024,"SR",8784,8752,0.364298724954459,0,0,1.26,0,0,0,0,8752,353,3844,38,1105
"BD 2024.xlsx","SE2",2024,"TOUT",8784,8584,2.27686703096539,0,-4,45.5,0,0,0,10,8584,0,0,0,0
"BD 2024.xlsx","SE2",2024,"WSR",8784,8589,2.21994535519126,0,0,38,0,0,0,0,8589,0,0,0,0
"BD 2024.xlsx","SE2",2024,"WDR",8784,8583,2.28825136612022,0,0,360,0,0,0,0,8583,0,0,0,0
"BD 2024.xlsx","SE3",2024,"CO",8784,7565,13.8775045537341,0,0,18,0,0,0,0,7565,0,0,0,0
"BD 2024.xlsx","SE3",2024,"NO",8784,8537,2.81193078324226,0,0,400,0,0,0,0,8537,0,0,0,0
"BD 2024.xlsx","SE3",2024,"NO2",8784,8540,2.77777777777778,0,0,130,0,0,0,0,8540,0,0,0,0
"BD 2024.xlsx","SE3",2024,"NOX",8784,8537,2.81193078324226,0,0,500,0,0,0,0,8537,0,0,0,0
"BD 2024.xlsx","SE3",2024,"O3",8784,8658,1.4344262295082,0,0,180,0,0,0,0,8658,0,0,0,0
"BD 2024.xlsx","SE3",2024,"PM10",8784,8629,1.76457194899818,0,0,999,0,0,0,0,8629,0,0,0,0
"BD 2024.xlsx","SE3",2024,"PM2.5",8784,7949,9.50591985428051,0,0,999,0,0,0,0,7949,0,0,0,0
"BD 2024.xlsx","SE3",2024,"PRS",8784,8625,1.81010928961749,0,687.5,740,1,107,1.25217391304348,0,8517,1,7,7,7
"BD 2024.xlsx","SE3",2024,"RAINF",8784,8719,0.739981785063748,0,0,50,0,0,0,0,8719,75,8309,560,0
"BD 2024.xlsx","SE3",2024,"RH",8784,8682,1.16120218579235,0,0,100,0,0,0,0,8682,16,103,7,103
"BD 2024.xlsx","SE3",2024,"SO2",8784,8705,0.899362477231325,0,0,150,0,1,0.0114876507754164,0,8704,24,156,8,156
"BD 2024.xlsx","SE3",2024,"SR",8784,8757,0.307377049180324,0,0,1.26,2,0,0.0228388717597351,2,8755,343,3685,17,3002
"BD 2024.xlsx","SE3",2024,"TOUT",8784,8701,0.944899817850642,0,-4,45.5,0,0,0,11,8701,0,0,0,0
"BD 2024.xlsx","SE3",2024,"WSR",8784,8635,1.69626593806922,0,0,38,0,0,0,0,8635,0,0,0,0
"BD 2024.xlsx","SE3",2024,"WDR",8784,8705,0.899362477231325,0,0,360,0,0,0,0,8705,0,0,0,0
"BD 2024.xlsx","SO",2024,"CO",8784,8520,3.00546448087432,0,0,18,0,0,0,0,8520,0,0,0,0
"BD 2024.xlsx","SO",2024,"NO",8784,8495,3.29007285974499,0,0,400,0,0,0,0,8495,0,0,0,0
"BD 2024.xlsx","SO",2024,"NO2",8784,8525,2.94854280510018,0,0,130,0,0,0,0,8525,0,0,0,0
"BD 2024.xlsx","SO",2024,"NOX",8784,8526,2.93715846994536,0,0,500,0,0,0,0,8526,0,0,0,0
"BD 2024.xlsx","SO",2024,"O3",8784,8267,5.88570127504554,0,0,180,0,0,0,0,8267,0,0,0,0
"BD 2024.xlsx","SO",2024,"PM10",8784,8420,4.14389799635702,0,0,999,0,0,0,0,8420,0,0,0,0
"BD 2024.xlsx","SO",2024,"PM2.5",8784,7010,20.195810564663,0,0,999,0,0,0,0,7010,0,0,0,0
"BD 2024.xlsx","SO",2024,"PRS",8784,8197,6.68260473588342,0,687.5,740,218,0,2.65950957667439,0,7979,0,0,0,0
"BD 2024.xlsx","SO",2024,"RAINF",8784,8505,3.17622950819673,0,0,50,0,0,0,0,8505,76,8118,743,0
"BD 2024.xlsx","SO",2024,"RH",8784,8419,4.15528233151185,0,0,100,0,0,0,0,8419,14,91,7,91
"BD 2024.xlsx","SO",2024,"SO2",8784,8498,3.25591985428051,0,0,150,0,0,0,0,8498,32,224,8,224
"BD 2024.xlsx","SO",2024,"SR",8784,8593,2.17440801457195,0,0,1.26,12,73,0.989177237286163,12,8508,323,4147,86,7
"BD 2024.xlsx","SO",2024,"TOUT",8784,8525,2.94854280510018,0,-4,45.5,0,0,0,0,8525,0,0,0,0
"BD 2024.xlsx","SO",2024,"WSR",8784,8484,3.41530054644809,0,0,38,0,0,0,0,8484,0,0,0,0
"BD 2024.xlsx","SO",2024,"WDR",8784,8504,3.18761384335154,0,0,360,0,0,0,0,8504,0,0,0,0
"BD 2024.xlsx","SO2",2024,"CO",8784,8700,0.95628415300546,0,0,18,0,0,0,0,8700,0,0,0,0
"BD 2024.xlsx","SO2",2024,"NO",8784,8682,1.16120218579235,0,0,400,0,1,0.0115180833909238,0,8681,0,0,0,0
"BD 2024.xlsx","SO2",2024,"NO2",8784,8751,0.375683060109289,0,0,130,0,0,0,0,8751,0,0,0,0
"BD 2024.xlsx","SO2",2024,"NOX",8784,8750,0.387067395264118,0,0,500,0,0,0,0,8750,0,0,0,0
"BD 2024.xlsx","SO2",2024,"O3",8784,8658,1.4344262295082,0,0,180,0,0,0,0,8658,0,0,0,0
"BD 2024.xlsx","SO2",2024,"PM10",8784,8302,5.48724954462659,0,0,999,0,0,0,0,8302,0,0,0,0
"BD 2024.xlsx","SO2",2024,"PM2.5",8784,7800,11.2021857923497,0,0,999,0,0,0,0,7800,0,0,0,0
"BD 2024.xlsx","SO2",2024,"PRS",8784,8750,0.387067395264118,0,687.5,740,0,0,0,0,8750,21,136,9,136
"BD 2024.xlsx","SO2",2024,"RAINF",8784,8752,0.364298724954459,0,0,50,0,0,0,0,8752,55,8340,744,0
"BD 2024.xlsx","SO2",2024,"RH",8784,8660,1.41165755919854,0,0,100,0,0,0,0,8660,14,96,7,96
"BD 2024.xlsx","SO2",2024,"SO2",8784,8739,0.512295081967218,0,0,150,0,0,0,0,8739,31,209,8,209
"BD 2024.xlsx","SO2",2024,"SR",8784,8772,0.136612021857918,0,0,1.26,20,0,0.227998176014592,20,8752,354,4027,15,8
"BD 2024.xlsx","SO2",2024,"TOUT",8784,8752,0.364298724954459,0,-4,45.5,0,0,0,18,8752,0,0,0,0
"BD 2024.xlsx","SO2",2024,"WSR",8784,8749,0.398451730418947,0,0,38,0,0,0,0,8749,0,0,0,0
"BD 2024.xlsx","SO2",2024,"WDR",8784,8739,0.512295081967218,0,0,360,0,0,0,0,8739,0,0,0,0
"BD 2024.xlsx","SUR",2024,"CO",8784,7666,12.7276867030965,0,0,18,0,0,0,0,7666,0,0,0,0
"BD 2024.xlsx","SUR",2024,"NO",8784,8323,5.24817850637522,0,0,400,0,0,0,0,8323,6,46,11,46
"BD 2024.xlsx","SUR",2024,"NO2",8784,8422,4.12112932604736,0,0,130,0,0,0,0,8422,1,6,6,6
"BD 2024.xlsx","SUR",2024,"NOX",8784,8505,3.17622950819673,0,0,500,0,0,0,0,8505,1,8,8,8
"BD 2024.xlsx","SUR",2024,"O3",8784,8703,0.922131147540983,0,0,180,0,0,0,0,8703,0,0,0,0
"BD 2024.xlsx","SUR",2024,"PM10",8784,8647,1.55965391621129,0,0,999,0,0,0,0,8647,0,0,0,0
"BD 2024.xlsx","SUR",2024,"PM2.5",8784,7019,20.0933515482696,0,0,999,0,0,0,0,7019,0,0,0,0
"BD 2024.xlsx","SUR",2024,"PRS",8784,8186,6.80783242258652,0,687.5,740,0,0,0,0,8186,0,0,0,0
"BD 2024.xlsx","SUR",2024,"RAINF",8784,8751,0.375683060109289,0,0,50,0,0,0,0,8751,68,8333,744,0
"BD 2024.xlsx","SUR",2024,"RH",8784,8299,5.52140255009107,0,0,100,0,0,0,0,8299,11,74,7,74
"BD 2024.xlsx","SUR",2024,"SO2",8784,8733,0.580601092896171,0,0,150,0,0,0,0,8733,29,195,8,195
"BD 2024.xlsx","SUR",2024,"SR",8784,8742,0.47814207650273,0,0,1.26,0,0,0,0,8742,268,2424,23,2323
"BD 2024.xlsx","SUR",2024,"TOUT",8784,8231,6.29553734061931,0,-4,45.5,18,0,0.218685457417082,55,8213,0,0,0,0
"BD 2024.xlsx","SUR",2024,"WSR",8784,8743,0.466757741347901,0,0,38,0,0,0,0,8743,0,0,0,0
"BD 2024.xlsx","SUR",2024,"WDR",8784,8741,0.489526411657559,0,0,360,0,0,0,0,8741,0,0,0,0
"BD 2025.xlsx","CE",2025,"CO",8760,7048,19.5433789954338,0,0,10,0,0,0,0,7048,2,12,6,12
"BD 2025.xlsx","CE",2025,"NO",8760,7759,11.4269406392694,0,0,350,0,0,0,0,7759,4,29,8,29
"BD 2025.xlsx","CE",2025,"NO2",8760,8405,4.05251141552512,0,0,175,0,0,0,0,8405,1,8,8,8
"BD 2025.xlsx","CE",2025,"NOX",8760,8405,4.05251141552512,0,0,400,0,0,0,0,8405,1,8,8,8
"BD 2025.xlsx","CE",2025,"O3",8760,8463,3.39041095890411,0,0,185,0,0,0,0,8463,0,0,0,0
"BD 2025.xlsx","CE",2025,"PM10",8760,8617,1.6324200913242,0,0,820,0,0,0,0,8617,0,0,0,0
"BD 2025.xlsx","CE",2025,"PM2.5",8760,7543,13.8926940639269,0,0,350,0,0,0,0,7543,0,0,0,0
"BD 2025.xlsx","CE",2025,"PRS",8760,8561,2.2716894977169,0,688,740,0,0,0,0,8561,1,6,6,6
"BD 2025.xlsx","CE",2025,"RAINF",8760,8568,2.19178082191781,0,0,25,0,0,0,0,8568,27,8564,1584,0
"BD 2025.xlsx","CE",2025,"RH",8760,8518,2.76255707762557,0,0,100,0,0,0,0,8518,12,80,7,80
"BD 2025.xlsx","CE",2025,"SO2",8760,8500,2.96803652968036,0,0,405,0,0,0,0,8500,32,214,8,214
"BD 2025.xlsx","CE",2025,"SR",8760,8733,0.308219178082192,0,0,1.2,4,0,0.0458032749341578,4,8729,339,4579,187,0
"BD 2025.xlsx","CE",2025,"TOUT",8760,8567,2.20319634703197,0,-4.5,45,0,0,0,16,8567,0,0,0,0
"BD 2025.xlsx","CE",2025,"WSR",8760,8508,2.87671232876713,0,0,40,0,0,0,0,8508,0,0,0,0
"BD 2025.xlsx","CE",2025,"WDR",8760,8566,2.21461187214612,0,0,360,0,0,0,0,8566,0,0,0,0
"BD 2025.xlsx","NE",2025,"CO",8760,7888,9.95433789954338,0,0,10,0,0,0,0,7888,9,70,12,70
"BD 2025.xlsx","NE",2025,"NO",8760,7599,13.2534246575343,0,0,350,0,0,0,0,7599,1,8,8,8
"BD 2025.xlsx","NE",2025,"NO2",8760,7643,12.7511415525114,0,0,175,0,0,0,0,7643,0,0,0,0
"BD 2025.xlsx","NE",2025,"NOX",8760,7640,12.7853881278539,0,0,400,0,0,0,0,7640,0,0,0,0
"BD 2025.xlsx","NE",2025,"O3",8760,7875,10.1027397260274,0,0,185,0,0,0,0,7875,0,0,0,0
"BD 2025.xlsx","NE",2025,"PM10",8760,8366,4.49771689497717,0,0,820,0,0,0,0,8366,0,0,0,0
"BD 2025.xlsx","NE",2025,"PM2.5",8760,8164,6.80365296803653,0,0,350,0,0,0,0,8164,0,0,0,0
"BD 2025.xlsx","NE",2025,"PRS",8760,8517,2.77397260273973,0,688,740,0,0,0,0,8517,1,6,6,6
"BD 2025.xlsx","NE",2025,"RAINF",8760,8531,2.61415525114155,0,0,25,0,0,0,0,8531,96,8149,426,0
"BD 2025.xlsx","NE",2025,"RH",8760,8490,3.08219178082192,0,0,100,0,0,0,0,8490,26,173,7,173
"BD 2025.xlsx","NE",2025,"SO2",8760,7945,9.30365296803652,0,0,405,0,0,0,0,7945,56,405,8,405
"BD 2025.xlsx","NE",2025,"SR",8760,8598,1.84931506849315,0,0,1.2,0,0,0,0,8598,265,5484,357,0
"BD 2025.xlsx","NE",2025,"TOUT",8760,646,92.6255707762557,0,-4.5,45,0,0,0,1,646,0,0,0,0
"BD 2025.xlsx","NE",2025,"WSR",8760,8432,3.74429223744293,0,0,40,0,0,0,0,8432,0,0,0,0
"BD 2025.xlsx","NE",2025,"WDR",8760,8525,2.68264840182648,0,0,360,0,0,0,0,8525,0,0,0,0
"BD 2025.xlsx","NE2",2025,"CO",8760,6634,24.2694063926941,0,0,10,0,0,0,0,6634,0,0,0,0
"BD 2025.xlsx","NE2",2025,"NO",8760,5154,41.1643835616438,0,0,350,0,15,0.291036088474971,0,5139,0,0,0,0
"BD 2025.xlsx","NE2",2025,"NO2",8760,5181,40.8561643835616,0,0,175,0,0,0,0,5181,9,67,10,67
"BD 2025.xlsx","NE2",2025,"NOX",8760,5215,40.4680365296804,0,0,400,0,2,0.0383509108341323,0,5213,0,0,0,0
"BD 2025.xlsx","NE2",2025,"O3",8760,8234,6.00456621004566,0,0,185,0,0,0,0,8234,0,0,0,0
"BD 2025.xlsx","NE2",2025,"PM10",8760,8365,4.50913242009132,0,0,820,0,0,0,0,8365,0,0,0,0
"BD 2025.xlsx","NE2",2025,"PM2.5",8760,364,95.8447488584475,0,0,350,0,0,0,0,364,0,0,0,0
"BD 2025.xlsx","NE2",2025,"PRS",8760,8530,2.6255707762557,0,688,740,1,0,0.0117233294255569,0,8529,0,0,0,0
"BD 2025.xlsx","NE2",2025,"RAINF",8760,8581,2.04337899543379,0,0,25,0,0,0,0,8581,36,8577,773,0
"BD 2025.xlsx","NE2",2025,"RH",8760,8479,3.20776255707762,0,0,100,0,0,0,0,8479,16,105,7,105
"BD 2025.xlsx","NE2",2025,"SO2",8760,8548,2.42009132420091,0,0,405,0,0,0,0,8548,37,248,8,248
"BD 2025.xlsx","NE2",2025,"SR",8760,8707,0.605022831050228,0,0,1.2,0,0,0,0,8707,359,4094,36,0
"BD 2025.xlsx","NE2",2025,"TOUT",8760,8534,2.57990867579909,0,-4.5,45,0,0,0,7,8534,0,0,0,0
"BD 2025.xlsx","NE2",2025,"WSR",8760,8509,2.86529680365297,0,0,40,0,0,0,0,8509,0,0,0,0
"BD 2025.xlsx","NE2",2025,"WDR",8760,8240,5.93607305936074,0,0,360,0,0,0,0,8240,0,0,0,0
"BD 2025.xlsx","NE3",2025,"CO",8760,6565,25.0570776255708,0,0,10,0,0,0,0,6565,0,0,0,0
"BD 2025.xlsx","NE3",2025,"NO",8760,7166,18.1963470319635,0,0,350,0,0,0,0,7166,0,0,0,0
"BD 2025.xlsx","NE3",2025,"NO2",8760,7249,17.2488584474886,0,0,175,0,0,0,0,7249,0,0,0,0
"BD 2025.xlsx","NE3",2025,"NOX",8760,7241,17.3401826484018,0,0,400,0,0,0,0,7241,0,0,0,0
"BD 2025.xlsx","NE3",2025,"O3",8760,8095,7.59132420091324,0,0,185,0,0,0,0,8095,0,0,0,0
"BD 2025.xlsx","NE3",2025,"PM10",8760,8244,5.89041095890411,0,0,820,0,0,0,0,8244,0,0,0,0
"BD 2025.xlsx","NE3",2025,"PM2.5",8760,2207,74.8059360730594,0,0,350,0,0,0,0,2207,1,9,9,9
"BD 2025.xlsx","NE3",2025,"PRS",8760,8300,5.25114155251142,0,688,740,1,0,0.0120481927710843,0,8299,307,2286,17,2286
"BD 2025.xlsx","NE3",2025,"RAINF",8760,8441,3.64155251141552,0,0,25,0,2,0.023693875133278,0,8439,167,7912,529,0
"BD 2025.xlsx","NE3",2025,"RH",8760,8438,3.67579908675799,0,0,100,0,0,0,0,8438,13,90,8,90
"BD 2025.xlsx","NE3",2025,"SO2",8760,4134,52.8082191780822,0,0,405,0,0,0,0,4134,21,156,12,156
"BD 2025.xlsx","NE3",2025,"SR",8760,7953,9.21232876712329,0,0,1.2,41,9,0.628693574751666,41,7903,297,3211,18,70
"BD 2025.xlsx","NE3",2025,"TOUT",8760,8375,4.39497716894978,0,-4.5,45,0,0,0,8,8375,0,0,0,0
"BD 2025.xlsx","NE3",2025,"WSR",8760,8174,6.68949771689498,0,0,40,0,1,0.0122339124051872,0,8173,1,6,6,6
"BD 2025.xlsx","NE3",2025,"WDR",8760,8425,3.824200913242,0,0,360,0,0,0,0,8425,0,0,0,0
"BD 2025.xlsx","NO",2025,"CO",8760,8176,6.66666666666667,0,0,10,0,0,0,0,8176,0,0,0,0
"BD 2025.xlsx","NO",2025,"NO",8760,7507,14.3036529680365,0,0,350,0,34,0.452910616757693,0,7473,4,37,12,37
"BD 2025.xlsx","NO",2025,"NO2",8760,7782,11.1643835616438,0,0,175,0,0,0,0,7782,2,13,7,13
"BD 2025.xlsx","NO",2025,"NOX",8760,7535,13.9840182648402,0,0,400,2,44,0.610484406104844,2,7489,2,13,7,13
"BD 2025.xlsx","NO",2025,"O3",8760,8108,7.44292237442923,0,0,185,0,0,0,0,8108,2,21,14,21
"BD 2025.xlsx","NO",2025,"PM10",8760,8599,1.837899543379,0,0,820,0,0,0,0,8599,0,0,0,0
"BD 2025.xlsx","NO",2025,"PM2.5",8760,297,96.6095890410959,0,0,350,0,0,0,0,297,0,0,0,0
"BD 2025.xlsx","NO",2025,"PRS",8760,8551,2.38584474885845,0,688,740,1,0,0.0116945386504502,0,8550,1,6,6,6
"BD 2025.xlsx","NO",2025,"RAINF",8760,8547,2.43150684931507,0,0,25,0,0,0,0,8547,67,8486,607,0
"BD 2025.xlsx","NO",2025,"RH",8760,7902,9.79452054794521,0,0,100,0,0,0,0,7902,7,47,7,47
"BD 2025.xlsx","NO",2025,"SO2",8760,8252,5.79908675799087,0,0,405,0,0,0,0,8252,14,93,8,93
"BD 2025.xlsx","NO",2025,"SR",8760,8632,1.46118721461187,0,0,1.2,0,0,0,0,8632,359,3902,16,0
"BD 2025.xlsx","NO",2025,"TOUT",8760,7917,9.62328767123287,0,-4.5,45,0,0,0,0,7917,0,0,0,0
"BD 2025.xlsx","NO",2025,"WSR",8760,8557,2.31735159817351,0,0,40,0,0,0,0,8557,0,0,0,0
"BD 2025.xlsx","NO",2025,"WDR",8760,8548,2.42009132420091,0,0,360,0,0,0,0,8548,0,0,0,0
"BD 2025.xlsx","NO2",2025,"CO",8760,8464,3.37899543378996,0,0,10,0,0,0,0,8464,1,6,6,6
"BD 2025.xlsx","NO2",2025,"NO",8760,6023,31.2442922374429,0,0,350,0,0,0,0,6023,0,0,0,0
"BD 2025.xlsx","NO2",2025,"NO2",8760,6123,30.1027397260274,0,0,175,0,0,0,0,6123,0,0,0,0
"BD 2025.xlsx","NO2",2025,"NOX",8760,6128,30.0456621004566,0,0,400,0,0,0,0,6128,0,0,0,0
"BD 2025.xlsx","NO2",2025,"O3",8760,8348,4.70319634703197,0,0,185,0,0,0,0,8348,0,0,0,0
"BD 2025.xlsx","NO2",2025,"PM10",8760,8567,2.20319634703197,0,0,820,0,0,0,0,8567,0,0,0,0
"BD 2025.xlsx","NO2",2025,"PM2.5",8760,7470,14.7260273972603,0,0,350,0,0,0,0,7470,0,0,0,0
"BD 2025.xlsx","NO2",2025,"PRS",8760,8668,1.05022831050229,0,688,740,0,0,0,0,8668,1,7,7,7
"BD 2025.xlsx","NO2",2025,"RAINF",8760,8676,0.958904109589043,0,0,25,0,0,0,0,8676,80,8448,422,0
"BD 2025.xlsx","NO2",2025,"RH",8760,8647,1.28995433789955,0,0,100,0,0,0,0,8647,21,138,7,138
"BD 2025.xlsx","NO2",2025,"SO2",8760,8444,3.60730593607306,0,0,405,0,0,0,0,8444,65,428,8,428
"BD 2025.xlsx","NO2",2025,"SR",8760,6949,20.6735159817352,0,0,1.2,0,25,0.359763994819398,0,6924,68,6030,633,0
"BD 2025.xlsx","NO2",2025,"TOUT",8760,8674,0.981735159817354,0,-4.5,45,0,0,0,19,8674,0,0,0,0
"BD 2025.xlsx","NO2",2025,"WSR",8760,8661,1.13013698630137,0,0,40,0,0,0,0,8661,0,0,0,0
"BD 2025.xlsx","NO2",2025,"WDR",8760,8673,0.99315068493151,0,0,360,0,0,0,0,8673,0,0,0,0
"BD 2025.xlsx","NO3",2025,"CO",8760,6253,28.6187214611872,0,0,10,0,0,0,0,6253,0,0,0,0
"BD 2025.xlsx","NO3",2025,"NO",8760,3641,58.4360730593607,0,0,350,0,0,0,0,3641,2,14,8,14
"BD 2025.xlsx","NO3",2025,"NO2",8760,3641,58.4360730593607,0,0,175,0,0,0,0,3641,0,0,0,0
"BD 2025.xlsx","NO3",2025,"NOX",8760,3641,58.4360730593607,0,0,400,0,0,0,0,3641,0,0,0,0
"BD 2025.xlsx","NO3",2025,"O3",8760,6104,30.3196347031964,0,0,185,0,0,0,0,6104,0,0,0,0
"BD 2025.xlsx","NO3",2025,"PM10",8760,6207,29.1438356164384,0,0,820,0,0,0,0,6207,0,0,0,0
"BD 2025.xlsx","NO3",2025,"PM2.5",8760,1214,86.1415525114155,0,0,350,0,0,0,0,1214,0,0,0,0
"BD 2025.xlsx","NO3",2025,"PRS",8760,6243,28.7328767123288,0,688,740,0,0,0,0,6243,0,0,0,0
"BD 2025.xlsx","NO3",2025,"RAINF",8760,6229,28.8926940639269,0,0,25,0,0,0,0,6229,28,6226,743,0
"BD 2025.xlsx","NO3",2025,"RH",8760,6196,29.2694063926941,0,0,100,0,0,0,0,6196,13,82,7,82
"BD 2025.xlsx","NO3",2025,"SO2",8760,6229,28.8926940639269,0,0,405,0,0,0,0,6229,13,88,8,88
"BD 2025.xlsx","NO3",2025,"SR",8760,8454,3.49315068493151,0,0,1.2,0,0,0,0,8454,340,3819,35,0
"BD 2025.xlsx","NO3",2025,"TOUT",8760,6227,28.9155251141553,0,-4.5,45,0,0,0,13,6227,0,0,0,0
"BD 2025.xlsx","NO3",2025,"WSR",8760,8419,3.89269406392694,0,0,40,0,2,0.023755790473928,0,8417,0,0,0,0
"BD 2025.xlsx","NO3",2025,"WDR",8760,8548,2.42009132420091,0,0,360,0,0,0,0,8548,0,0,0,0
"BD 2025.xlsx","NTE",2025,"CO",8760,8605,1.76940639269406,0,0,10,0,0,0,0,8605,1,6,6,6
"BD 2025.xlsx","NTE",2025,"NO",8760,8470,3.31050228310502,0,0,350,0,0,0,0,8470,1,6,6,6
"BD 2025.xlsx","NTE",2025,"NO2",8760,8616,1.64383561643836,0,0,175,0,0,0,0,8616,0,0,0,0
"BD 2025.xlsx","NTE",2025,"NOX",8760,8613,1.67808219178082,0,0,400,0,0,0,0,8613,0,0,0,0
"BD 2025.xlsx","NTE",2025,"O3",8760,8389,4.2351598173516,0,0,185,0,0,0,0,8389,0,0,0,0
"BD 2025.xlsx","NTE",2025,"PM10",8760,8483,3.16210045662101,0,0,820,0,0,0,0,8483,0,0,0,0
"BD 2025.xlsx","NTE",2025,"PM2.5",8760,7680,12.3287671232877,0,0,350,0,0,0,0,7680,2,12,6,12
"BD 2025.xlsx","NTE",2025,"PRS",8760,8637,1.40410958904109,0,688,740,1,0,0.0115780942456872,0,8636,0,0,0,0
"BD 2025.xlsx","NTE",2025,"RAINF",8760,8595,1.88356164383562,0,0,25,0,21,0.244328097731239,0,8574,97,8112,1050,36
"BD 2025.xlsx","NTE",2025,"RH",8760,57,99.3493150684932,0,0,100,0,0,0,0,57,1,6,6,6
"BD 2025.xlsx","NTE",2025,"SO2",8760,6874,21.5296803652968,0,0,405,0,0,0,0,6874,4,26,8,26
"BD 2025.xlsx","NTE",2025,"SR",8760,6960,20.5479452054795,0,0,1.2,0,0,0,0,6960,150,4726,369,890
"BD 2025.xlsx","NTE",2025,"TOUT",8760,8643,1.33561643835617,0,-4.5,45,0,0,0,9,8643,0,0,0,0
"BD 2025.xlsx","NTE",2025,"WSR",8760,8645,1.31278538812786,0,0,40,0,0,0,0,8645,0,0,0,0
"BD 2025.xlsx","NTE",2025,"WDR",8760,8638,1.39269406392694,0,0,360,0,0,0,0,8638,0,0,0,0
"BD 2025.xlsx","NTE2",2025,"CO",8760,8540,2.51141552511416,0,0,10,0,0,0,0,8540,0,0,0,0
"BD 2025.xlsx","NTE2",2025,"NO",8760,8626,1.5296803652968,0,0,350,0,0,0,0,8626,0,0,0,0
"BD 2025.xlsx","NTE2",2025,"NO2",8760,8629,1.49543378995434,0,0,175,0,0,0,0,8629,0,0,0,0
"BD 2025.xlsx","NTE2",2025,"NOX",8760,8628,1.50684931506849,0,0,400,0,0,0,0,8628,0,0,0,0
"BD 2025.xlsx","NTE2",2025,"O3",8760,8352,4.65753424657535,0,0,185,0,0,0,0,8352,2,12,6,12
"BD 2025.xlsx","NTE2",2025,"PM10",8760,8524,2.69406392694064,0,0,820,0,0,0,0,8524,0,0,0,0
"BD 2025.xlsx","NTE2",2025,"PM2.5",8760,7916,9.63470319634703,0,0,350,0,0,0,0,7916,1,6,6,6
"BD 2025.xlsx","NTE2",2025,"PRS",8760,8625,1.54109589041096,0,688,740,0,0,0,0,8625,0,0,0,0
"BD 2025.xlsx","NTE2",2025,"RAINF",8760,8619,1.60958904109589,0,0,25,1,0,0.011602274045713,1,8618,105,8246,520,0
"BD 2025.xlsx","NTE2",2025,"RH",8760,8568,2.19178082191781,0,0,100,1,0,0.011671335200747,1,8567,17,109,7,109
"BD 2025.xlsx","NTE2",2025,"SO2",8760,8615,1.65525114155252,0,0,405,0,0,0,0,8615,30,202,8,202
"BD 2025.xlsx","NTE2",2025,"SR",8760,8717,0.490867579908671,0,0,1.2,0,0,0,0,8717,363,4079,23,0
"BD 2025.xlsx","NTE2",2025,"TOUT",8760,8625,1.54109589041096,0,-4.5,45,0,0,0,6,8625,0,0,0,0
"BD 2025.xlsx","NTE2",2025,"WSR",8760,8624,1.55251141552512,0,0,40,1,0,0.011595547309833,1,8623,0,0,0,0
"BD 2025.xlsx","NTE2",2025,"WDR",8760,8615,1.65525114155252,0,0,360,0,0,0,0,8615,0,0,0,0
"BD 2025.xlsx","SE",2025,"CO",8760,6206,29.1552511415525,0,0,10,0,0,0,0,6206,1,6,6,6
"BD 2025.xlsx","SE",2025,"NO",8760,8240,5.93607305936074,0,0,350,0,0,0,0,8240,7,43,7,43
"BD 2025.xlsx","SE",2025,"NO2",8760,8429,3.77853881278539,0,0,175,0,0,0,0,8429,0,0,0,0
"BD 2025.xlsx","SE",2025,"NOX",8760,8436,3.6986301369863,0,0,400,0,0,0,0,8436,0,0,0,0
"BD 2025.xlsx","SE",2025,"O3",8760,8497,3.00228310502283,0,0,185,0,0,0,0,8497,0,0,0,0
"BD 2025.xlsx","SE",2025,"PM10",8760,8514,2.80821917808219,0,0,820,0,0,0,0,8514,0,0,0,0
"BD 2025.xlsx","SE",2025,"PM2.5",8760,7711,11.9748858447489,0,0,350,0,0,0,0,7711,0,0,0,0
"BD 2025.xlsx","SE",2025,"PRS",8760,8448,3.56164383561643,0,688,740,1,0,0.0118371212121212,0,8447,5,34,9,34
"BD 2025.xlsx","SE",2025,"RAINF",8760,8461,3.41324200913242,0,0,25,0,0,0,0,8461,94,8168,635,7
"BD 2025.xlsx","SE",2025,"RH",8760,8430,3.76712328767124,0,0,100,0,0,0,0,8430,19,124,7,124
"BD 2025.xlsx","SE",2025,"SO2",8760,8453,3.50456621004567,0,0,405,0,0,0,0,8453,16,103,8,103
"BD 2025.xlsx","SE",2025,"SR",8760,8670,1.02739726027398,0,0,1.2,0,0,0,0,8670,356,3976,76,19
"BD 2025.xlsx","SE",2025,"TOUT",8760,8458,3.44748858447489,0,-4.5,45,0,0,0,7,8458,0,0,0,0
"BD 2025.xlsx","SE",2025,"WSR",8760,8440,3.65296803652968,0,0,40,0,0,0,0,8440,0,0,0,0
"BD 2025.xlsx","SE",2025,"WDR",8760,8450,3.53881278538812,0,0,360,0,0,0,0,8450,0,0,0,0
"BD 2025.xlsx","SE2",2025,"CO",8760,6893,21.3127853881279,0,0,10,0,0,0,0,6893,0,0,0,0
"BD 2025.xlsx","SE2",2025,"NO",8760,8247,5.85616438356165,0,0,350,0,0,0,0,8247,2,12,6,12
"BD 2025.xlsx","SE2",2025,"NO2",8760,8508,2.87671232876713,0,0,175,0,0,0,0,8508,0,0,0,0
"BD 2025.xlsx","SE2",2025,"NOX",8760,8508,2.87671232876713,0,0,400,0,0,0,0,8508,0,0,0,0
"BD 2025.xlsx","SE2",2025,"O3",8760,7882,10.0228310502283,0,0,185,0,0,0,0,7882,0,0,0,0
"BD 2025.xlsx","SE2",2025,"PM10",8760,8507,2.88812785388128,0,0,820,0,0,0,0,8507,0,0,0,0
"BD 2025.xlsx","SE2",2025,"PM2.5",8760,8285,5.42237442922374,0,0,350,0,0,0,0,8285,0,0,0,0
"BD 2025.xlsx","SE2",2025,"PRS",8760,8587,1.97488584474886,0,688,740,2,0,0.0232910213112845,0,8585,21,136,8,136
"BD 2025.xlsx","SE2",2025,"RAINF",8760,8679,0.924657534246576,0,0,25,0,0,0,0,8679,12,8675,2320,0
"BD 2025.xlsx","SE2",2025,"RH",8760,6474,26.0958904109589,0,0,100,2,9,0.169910410874266,2,6463,15,99,7,99
"BD 2025.xlsx","SE2",2025,"SO2",8760,8517,2.77397260273973,0,0,405,0,0,0,0,8517,19,126,8,126
"BD 2025.xlsx","SE2",2025,"SR",8760,8695,0.742009132420096,0,0,1.2,0,0,0,0,8695,355,3792,50,1393
"BD 2025.xlsx","SE2",2025,"TOUT",8760,8589,1.95205479452055,0,-4.5,45,0,0,0,7,8589,0,0,0,0
"BD 2025.xlsx","SE2",2025,"WSR",8760,8589,1.95205479452055,0,0,40,0,0,0,0,8589,0,0,0,0
"BD 2025.xlsx","SE2",2025,"WDR",8760,8584,2.00913242009132,0,0,360,0,0,0,0,8584,0,0,0,0
"BD 2025.xlsx","SE3",2025,"CO",8760,7922,9.56621004566211,0,0,10,0,0,0,0,7922,5,31,7,31
"BD 2025.xlsx","SE3",2025,"NO",8760,8554,2.35159817351598,0,0,350,0,0,0,0,8554,3,19,7,19
"BD 2025.xlsx","SE3",2025,"NO2",8760,8574,2.12328767123288,0,0,175,0,0,0,0,8574,0,0,0,0
"BD 2025.xlsx","SE3",2025,"NOX",8760,8572,2.14611872146119,0,0,400,0,0,0,0,8572,0,0,0,0
"BD 2025.xlsx","SE3",2025,"O3",8760,8716,0.502283105022827,0,0,185,0,0,0,0,8716,0,0,0,0
"BD 2025.xlsx","SE3",2025,"PM10",8760,8605,1.76940639269406,0,0,820,0,0,0,0,8605,0,0,0,0
"BD 2025.xlsx","SE3",2025,"PM2.5",8760,7023,19.8287671232877,0,0,350,0,0,0,0,7023,0,0,0,0
"BD 2025.xlsx","SE3",2025,"PRS",8760,8654,1.21004566210046,0,688,740,0,438,5.06124335567368,0,8216,2,13,7,13
"BD 2025.xlsx","SE3",2025,"RAINF",8760,8665,1.08447488584474,0,0,25,0,0,0,0,8665,41,8548,951,0
"BD 2025.xlsx","SE3",2025,"RH",8760,8643,1.33561643835617,0,0,100,1,0,0.0115700566932778,1,8642,19,127,7,127
"BD 2025.xlsx","SE3",2025,"SO2",8760,8659,1.15296803652968,0,0,405,0,0,0,0,8659,14,89,7,89
"BD 2025.xlsx","SE3",2025,"SR",8760,8406,4.04109589041096,0,0,1.2,0,0,0,0,8406,208,4660,779,173
"BD 2025.xlsx","SE3",2025,"TOUT",8760,8665,1.08447488584474,0,-4.5,45,0,0,0,7,8665,0,0,0,0
"BD 2025.xlsx","SE3",2025,"WSR",8760,8566,2.21461187214612,0,0,40,0,0,0,0,8566,0,0,0,0
"BD 2025.xlsx","SE3",2025,"WDR",8760,8660,1.14155251141552,0,0,360,0,0,0,0,8660,0,0,0,0
"BD 2025.xlsx","SO",2025,"CO",8760,8334,4.86301369863014,0,0,10,0,0,0,0,8334,0,0,0,0
"BD 2025.xlsx","SO",2025,"NO",8760,8181,6.60958904109589,0,0,350,0,220,2.68915780466936,0,7961,0,0,0,0
"BD 2025.xlsx","SO",2025,"NO2",8760,8219,6.17579908675799,0,0,175,0,0,0,0,8219,0,0,0,0
"BD 2025.xlsx","SO",2025,"NOX",8760,8218,6.18721461187215,0,0,400,0,159,1.93477731808226,0,8059,0,0,0,0
"BD 2025.xlsx","SO",2025,"O3",8760,8346,4.72602739726027,0,0,185,0,0,0,0,8346,0,0,0,0
"BD 2025.xlsx","SO",2025,"PM10",8760,8520,2.73972602739726,0,0,820,0,0,0,0,8520,0,0,0,0
"BD 2025.xlsx","SO",2025,"PM2.5",8760,6833,21.9977168949772,0,0,350,0,0,0,0,6833,0,0,0,0
"BD 2025.xlsx","SO",2025,"PRS",8760,7728,11.7808219178082,0,688,740,0,0,0,0,7728,0,0,0,0
"BD 2025.xlsx","SO",2025,"RAINF",8760,7854,10.3424657534247,0,0,25,0,0,0,0,7854,54,7806,1387,0
"BD 2025.xlsx","SO",2025,"RH",8760,2497,71.4954337899543,0,0,100,2,0,0.0800961153384061,2,2495,16,102,7,102
"BD 2025.xlsx","SO",2025,"SO2",8760,8519,2.75114155251142,0,0,405,0,0,0,0,8519,12,80,8,80
"BD 2025.xlsx","SO",2025,"SR",8760,8519,2.75114155251142,0,0,1.2,5,0,0.0586923347810776,5,8514,330,4380,321,0
"BD 2025.xlsx","SO",2025,"TOUT",8760,7629,12.9109589041096,0,-4.5,45,0,0,0,23,7629,0,0,0,0
"BD 2025.xlsx","SO",2025,"WSR",8760,7627,12.9337899543379,0,0,40,0,0,0,0,7627,0,0,0,0
"BD 2025.xlsx","SO",2025,"WDR",8760,7657,12.5913242009132,0,0,360,0,0,0,0,7657,0,0,0,0
"BD 2025.xlsx","SO2",2025,"CO",8760,7913,9.66894977168949,0,0,10,0,0,0,0,7913,0,0,0,0
"BD 2025.xlsx","SO2",2025,"NO",8760,8637,1.40410958904109,0,0,350,0,0,0,0,8637,0,0,0,0
"BD 2025.xlsx","SO2",2025,"NO2",8760,8709,0.582191780821917,0,0,175,0,0,0,0,8709,0,0,0,0
"BD 2025.xlsx","SO2",2025,"NOX",8760,8709,0.582191780821917,0,0,400,0,0,0,0,8709,0,0,0,0
"BD 2025.xlsx","SO2",2025,"O3",8760,8632,1.46118721461187,0,0,185,0,0,0,0,8632,0,0,0,0
"BD 2025.xlsx","SO2",2025,"PM10",8760,8364,4.52054794520548,0,0,820,0,0,0,0,8364,0,0,0,0
"BD 2025.xlsx","SO2",2025,"PM2.5",8760,6846,21.8493150684931,0,0,350,0,0,0,0,6846,0,0,0,0
"BD 2025.xlsx","SO2",2025,"PRS",8760,8729,0.353881278538815,0,688,740,0,0,0,0,8729,25,162,9,162
"BD 2025.xlsx","SO2",2025,"RAINF",8760,8733,0.308219178082192,0,0,25,0,0,0,0,8733,78,8450,732,0
"BD 2025.xlsx","SO2",2025,"RH",8760,8674,0.981735159817354,0,0,100,1,0,0.011528706479133,1,8673,14,95,7,95
"BD 2025.xlsx","SO2",2025,"SO2",8760,8727,0.376712328767126,0,0,405,0,0,0,0,8727,6,38,8,38
"BD 2025.xlsx","SO2",2025,"SR",8760,8750,0.114155251141557,0,0,1.2,8,0,0.0914285714285714,8,8742,357,4097,37,0
"BD 2025.xlsx","SO2",2025,"TOUT",8760,8731,0.331050228310503,0,-4.5,45,0,0,0,24,8731,0,0,0,0
"BD 2025.xlsx","SO2",2025,"WSR",8760,8731,0.331050228310503,0,0,40,0,0,0,0,8731,0,0,0,0
"BD 2025.xlsx","SO2",2025,"WDR",8760,8726,0.388127853881282,0,0,360,1,0,0.0114600045840018,1,8725,0,0,0,0
"BD 2025.xlsx","SUR",2025,"CO",8760,8153,6.92922374429223,0,0,10,0,0,0,0,8153,0,0,0,0
"BD 2025.xlsx","SUR",2025,"NO",8760,8074,7.8310502283105,0,0,350,0,0,0,0,8074,0,0,0,0
"BD 2025.xlsx","SUR",2025,"NO2",8760,8272,5.57077625570777,0,0,175,0,0,0,0,8272,0,0,0,0
"BD 2025.xlsx","SUR",2025,"NOX",8760,8291,5.35388127853881,0,0,400,0,0,0,0,8291,0,0,0,0
"BD 2025.xlsx","SUR",2025,"O3",8760,8682,0.890410958904109,0,0,185,0,0,0,0,8682,0,0,0,0
"BD 2025.xlsx","SUR",2025,"PM10",8760,8545,2.45433789954338,0,0,820,0,0,0,0,8545,1,7,7,7
"BD 2025.xlsx","SUR",2025,"PM2.5",8760,7028,19.7716894977169,0,0,350,0,0,0,0,7028,0,0,0,0
"BD 2025.xlsx","SUR",2025,"PRS",8760,7575,13.527397260274,0,688,740,1,0,0.0132013201320132,0,7574,0,0,0,0
"BD 2025.xlsx","SUR",2025,"RAINF",8760,8244,5.89041095890411,0,0,25,0,0,0,0,8244,101,7871,686,0
"BD 2025.xlsx","SUR",2025,"RH",8760,7552,13.7899543378995,0,0,100,0,0,0,0,7552,9,60,7,60
"BD 2025.xlsx","SUR",2025,"SO2",8760,8485,3.1392694063927,0,0,405,0,0,0,0,8485,25,161,8,161
"BD 2025.xlsx","SUR",2025,"SR",8760,8528,2.64840182648401,0,0,1.2,0,0,0,0,8528,238,2633,104,2016
"BD 2025.xlsx","SUR",2025,"TOUT",8760,7550,13.8127853881279,0,-4.5,45,0,0,0,0,7550,0,0,0,0
"BD 2025.xlsx","SUR",2025,"WSR",8760,8206,6.32420091324201,0,0,40,0,0,0,0,8206,0,0,0,0
"BD 2025.xlsx","SUR",2025,"WDR",8760,8219,6.17579908675799,0,0,360,0,0,0,0,8219,0,0,0,0
