auc_a,auc_b,eb_a,eb_b,d_auc,d_eb
0.735540182950476,0.806073826524017,0.663678703682582,0.732039525210819,0.0705336435735414,0.0683608215282372
0.717237086058256,0.786692142638054,0.655265125373821,0.714702668507016,0.0694550565797978,0.0594375431331953
0.738002911906991,0.798872116590717,0.660892025201362,0.715620811954465,0.0608692046837268,0.054728786753103
0.725737706582882,0.804571096589021,0.649380176938219,0.729009729395816,0.0788333900061389,0.0796295524575977
0.745342850148259,0.799321326580212,0.679538941277682,0.720521150376096,0.0539784764319525,0.0409822090984142
0.707079449963938,0.783554687718396,0.650394021055457,0.703076341404778,0.0764752377544574,0.0526823203493215
0.7323218996882,0.81677237491191,0.647523424998028,0.736559406507354,0.0844504752237101,0.0890359815093255
0.742723625201559,0.801620868046224,0.67105207353534,0.723258721613814,0.0588972428446654,0.0522066480784735
0.738197095941605,0.823382351902618,0.64757831041512,0.747513068179694,0.0851852559610133,0.0999347577645738
0.721009498395686,0.791709224844248,0.654246127021606,0.714848787663066,0.0706997264485625,0.0606026606414605
0.712084854960894,0.785999542346891,0.645959502876899,0.704407344400531,0.0739146873859966,0.0584478415236329
0.69404464144246,0.781414817714975,0.633241459461552,0.707102943835211,0.087370176272515,0.0738614843736593
0.725994829854573,0.772356294953741,0.64585581265236,0.702925955180058,0.0463614650991676,0.0570701425276982
0.729418016646286,0.795090822437559,0.654094768701871,0.71216621881032,0.0656728057912733,0.0580714501084494
0.724541644897169,0.787710626678908,0.657938396610408,0.711324329396829,0.0631689817817389,0.0533859327864208
0.733783892351614,0.801092626638566,0.666818192009327,0.72709734615787,0.0673087342869527,0.0602791541485435
0.7236131770687,0.811851150159364,0.655678944702246,0.728847241208013,0.088237973090664,0.0731682965057661
0.695300353467765,0.773211324460817,0.621393840435897,0.696886585168788,0.0779109709930514,0.075492744732891
0.71331600416796,0.786608190239475,0.636455770184821,0.709719023615672,0.0732921860715157,0.0732632534308512
0.723659140249529,0.785695540157783,0.65516767747889,0.715148670297412,0.0620363999082535,0.0599809928185213
0.748562116122995,0.825313571505539,0.675271252361169,0.74664426223318,0.0767514553825439,0.0713730098720111
0.724030743678395,0.798281472442546,0.655455647074775,0.721126533794319,0.0742507287641515,0.0656708867195445
0.732732499288791,0.80202890214577,0.65568479047248,0.729274815562311,0.0692964028569794,0.0735900250898304
0.725482851723186,0.785843314388709,0.653140035175952,0.706676617439714,0.0603604626655232,0.0535365822637615
0.720881443435791,0.791340402753446,0.645987949248819,0.71296738688043,0.0704589593176549,0.0669794376316116
0.702008966461222,0.783236513658403,0.639756738155568,0.706333542172691,0.0812275471971804,0.0665768040171229
0.709238307636951,0.785997168985112,0.655491540900358,0.701625033096397,0.0767588613481606,0.0461334921960392
0.705615082787168,0.783030512711006,0.645398214764807,0.700390836741734,0.077415429923838,0.0549926219769269
0.724191368361245,0.824973885225566,0.648858625551189,0.747472777994421,0.100782516864321,0.0986141524432312
0.703984964137116,0.78771613441649,0.634090389993967,0.705393379257005,0.0837311702793746,0.0713029892630378
0.744784217459525,0.811203877296862,0.669902483106513,0.728692716130976,0.066419659837337,0.0587902330244625
0.736572460538033,0.806965090780723,0.655568253322444,0.735324855080918,0.0703926302426903,0.0797566017584745
0.721785710606835,0.792008951992015,0.655763685193341,0.715192074046217,0.0702232413851804,0.0594283888528762
0.713975474852399,0.784741743134995,0.649811794491761,0.714834103439903,0.0707662682825958,0.0650223089481414
0.714536345167177,0.796271172174206,0.662234427189146,0.713529148445302,0.0817348270070284,0.0512947212561551
0.69612453587256,0.763771671757097,0.634697456282189,0.686662324829321,0.0676471358845371,0.0519648685471315
0.715489110468559,0.78947894724641,0.63809846844415,0.718244645801924,0.0739898367778508,0.0801461773577745
0.738813495895235,0.787172268304695,0.675712662532817,0.710008298723005,0.0483587724094605,0.0342956361901882
0.713771293237745,0.772240834041046,0.672464479792428,0.690097179093746,0.0584695408033011,0.0176326993013187
0.743770544763414,0.814662849722769,0.668044669090772,0.735615226745018,0.0708923049593545,0.0675705576542458
0.711285437477661,0.798157259712652,0.65682643353223,0.719960083936606,0.0868718222349918,0.0631336504043767
0.689115630586631,0.765521111704971,0.636420501667926,0.696308630826222,0.0764054811183398,0.0598881291582962
0.739441917986098,0.800522141715282,0.666997350128436,0.71873684737004,0.0610802237291846,0.0517394972416044
0.699257550175602,0.762772575409304,0.640012280748386,0.692717608659391,0.063515025233702,0.0527053279110052
0.733680353162585,0.804152953900068,0.663106813063123,0.723460441114709,0.0704726007374832,0.0603536280515865
0.692233332850962,0.769910294938152,0.639958467794452,0.69440095059388,0.0776769620871903,0.0544424827994282
0.730410710489353,0.795735719256676,0.665042455650063,0.715636634874141,0.0653250087673234,0.0505941792240783
0.714264925186963,0.780723912056964,0.650204505334285,0.704261408859403,0.0664589868700012,0.0540569035251183
0.721059549291523,0.790718677954998,0.64185021486577,0.714439287095371,0.069659128663475,0.072589072229601
0.740052481962606,0.815241255412343,0.673742163422292,0.736480813672909,0.0751887734497366,0.0627386502506167
0.731274582007305,0.803447809478202,0.664890875761067,0.722616824722731,0.0721732274708974,0.0577259489616634
0.729578968850169,0.802452085979585,0.666726364938232,0.72105463623345,0.0728731171294163,0.054328271295218
0.742296741887777,0.800999553243605,0.674420179524179,0.715729419678849,0.0587028113558287,0.0413092401546701
0.708164332449547,0.812929286546922,0.641551859475512,0.732212884813696,0.104764954097375,0.090661025338184
0.729380756970836,0.80454378770723,0.66675034091162,0.723289596886733,0.0751630307363934,0.0565392559751129
0.710601917922738,0.774616243228575,0.655382090388696,0.698947479153924,0.0640143253058372,0.043565388765229
0.708939382636904,0.783957690546687,0.635130883092802,0.711218406586473,0.0750183079097836,0.0760875234936708
0.73650721936159,0.808285657751142,0.663393298208789,0.728517078923965,0.0717784383895528,0.0651237807151757
0.704727594395961,0.797047320145191,0.632500055486652,0.717482188784775,0.0923197257492298,0.0849821332981229
0.742518891103797,0.802496773201838,0.670748657839025,0.723279589962808,0.059977882098041,0.0525309321237822
0.732211731495784,0.785973303782504,0.661175687397273,0.710440724625439,0.05376157228672,0.049265037228166
0.739327515352135,0.807897533313898,0.666347179250872,0.730789001006235,0.0685700179617631,0.0644418217553627
0.687228695605802,0.766242838859093,0.624318548878596,0.691947620825207,0.0790141432532912,0.0676290719466114
0.738234470555168,0.810530161718027,0.662860962528888,0.731492286027404,0.0722956911628594,0.0686313234985152
0.751440906330651,0.817949749506604,0.672042659784424,0.746995217853348,0.0665088431759526,0.0749525580689238
0.731489164000154,0.818235408747021,0.655715836241235,0.738032747922153,0.0867462447468674,0.0823169116809184
0.705725401119776,0.78345581651425,0.638217046461962,0.703247771474579,0.0777304153944745,0.0650307250126171
0.732954015824082,0.783330057707174,0.660904372305797,0.70805813394129,0.050376041883092,0.0471537616354921
0.736836746999932,0.802603704935578,0.667604975698596,0.723129018115261,0.0657669579356459,0.0555240424166648
0.672020678615611,0.748462517466336,0.624155767291831,0.678029082163931,0.0764418388507248,0.0538733148721
0.695625088401548,0.765786473703815,0.641133575983255,0.685918997602991,0.070161385302267,0.0447854216197362
0.707663223014697,0.775889515693963,0.651949461716983,0.701623380301235,0.0682262926792661,0.0496739185842513
0.741354282673085,0.811533176795636,0.6726231149203,0.730477700798045,0.0701788941225513,0.0578545858777454
0.72938295159474,0.794899438793079,0.670867497463866,0.718100551900007,0.0655164871983396,0.0472330544361406
0.747159133926317,0.807028796278866,0.676503462017816,0.722884349967108,0.0598696623525494,0.0463808879492916
0.755445256271797,0.832300272167035,0.673383348831379,0.751115790540815,0.0768550158952386,0.0777324417094362
0.718639758149981,0.77514274768053,0.660273105958429,0.689013804739764,0.0565029895305484,0.0287406987813355
0.730416496401723,0.799243323246178,0.648823400866981,0.722971899380322,0.0688268268444545,0.0741484985133418
0.685281822249621,0.753109070365226,0.633069338325122,0.687497686254501,0.0678272481156053,0.0544283479293789
0.7128382053609,0.788371690232374,0.658765069122577,0.708770150612498,0.0755334848714742,0.0500050814899213
0.719351573153359,0.795556721667173,0.662568488585045,0.711959539202478,0.0762051485138137,0.0493910506174332
0.745981235816597,0.797418504505119,0.673998704707366,0.71993046323755,0.0514372686885214,0.0459317585301837
0.69847746869129,0.76472728441123,0.647290894107952,0.68318874436292,0.0662498157199397,0.0358978502549679
0.736198129288509,0.798908589928637,0.649295703169896,0.717490361350471,0.0627104606401288,0.0681946581805752
0.716575827247203,0.771474569636671,0.656705264709077,0.700780357269423,0.0548987423894686,0.0440750925603459
0.7393193051765,0.803370864512905,0.670809189580295,0.720555141388465,0.0640515593364043,0.0497459518081703
0.719925691977015,0.798294512435847,0.654210641751108,0.71687415010747,0.0783688204588323,0.0626635083563627
0.73597903790483,0.796136873357877,0.652125013550141,0.716229374235841,0.0601578354530475,0.0641043606856999
0.728694161477874,0.794815404008515,0.660952954529661,0.718186902647461,0.0661212425306414,0.0572339481178001
0.703034481408026,0.788333327398904,0.639492499474803,0.709567397907045,0.0852988459908777,0.0700748984322424
0.725758490196718,0.783626561837341,0.649407969856132,0.715435927967899,0.0578680716406225,0.0660279581117673
0.719296275078592,0.780813877091861,0.64150629190065,0.709579032230785,0.0615176020132694,0.0680727403301357
0.713729771123993,0.802392387366599,0.65231361033771,0.721826900157723,0.0886626162426062,0.069513289820013
0.712449385210404,0.785305012925406,0.642103676411801,0.71572185726088,0.0728556277150015,0.0736181808490792
0.737844137483044,0.81120469050806,0.659547627155407,0.732591534923134,0.0733605530250158,0.0730439077677267
0.729045280769938,0.791444147870124,0.658851123213598,0.710800588640147,0.0623988671001865,0.0519494654265492
0.717491434935765,0.795812179764749,0.638079202429575,0.722104832878021,0.0783207448289836,0.0840256304484463
0.714409074471568,0.78041272850099,0.658331559941013,0.703994634721616,0.0660036540294214,0.0456630747806027
0.725814982526023,0.778828491977002,0.655934200142798,0.703586298898952,0.0530135094509789,0.0476520987561535
0.698267869745853,0.761660076694369,0.639446140656855,0.688390716136826,0.0633922069485154,0.0489445754799712
0.733990556942537,0.780053207615008,0.669533055842466,0.705484983191344,0.0460626506724704,0.0359519273488771
0.720699923880895,0.794008032709773,0.654631505804752,0.718970073666676,0.0733081088288782,0.0643385678619242
0.709138012157814,0.773951780683173,0.644507064343442,0.698833443246216,0.0648137685253597,0.0543263789027734
0.727213944071828,0.797021568597403,0.66582200160398,0.718991203649311,0.0698076245255743,0.0531692020453303
0.712995280692683,0.775522167394438,0.651030486705342,0.70008757169372,0.0625268867017551,0.0490570849883786
0.720603003437554,0.772548441800561,0.658028958667496,0.696302642911647,0.0519454383630071,0.0382736842441513
0.698095882696645,0.783976896075523,0.639778038052382,0.711059937481218,0.0858810133788784,0.0712818994288353
0.737727975990417,0.787555429200603,0.670553788058574,0.710735968075029,0.0498274532101855,0.0401821800164556
0.729633217545557,0.789176431703492,0.66249131169017,0.705655278720134,0.059543214157935,0.0431639670299642
0.728493926673734,0.805905886754672,0.656821881079528,0.72582373656338,0.0774119600809378,0.0690018554838514
0.708511847799694,0.756021310328082,0.644998976380577,0.687680954489404,0.0475094625283876,0.0426819781088273
0.708137175324675,0.789429387457462,0.640393430099312,0.710618792971734,0.0812922121327869,0.0702253628724218
0.696755981173907,0.764385717203595,0.657775810004415,0.687587197879278,0.0676297360296876,0.0298113878748624
0.753195517236363,0.815842881488396,0.678650954362114,0.734203109476632,0.0626473642520323,0.0555521551145183
0.702739604892406,0.783810487477577,0.639645192930221,0.709503650031208,0.0810708825851707,0.0698584571009874
0.694844562083723,0.791754092527874,0.636878805311059,0.71084299589999,0.0969095304441511,0.0739641905889316
0.735564662087121,0.803565944085668,0.663297992678212,0.728421804944264,0.0680012819985466,0.0651238122660525
0.713880176273745,0.795139819202155,0.636978311174197,0.723514073870313,0.0812596429284097,0.0865357626961161
0.739136970059605,0.808136771032862,0.666633555908858,0.725185720564642,0.0689998009732571,0.0585521646557843
0.73054160638552,0.791764806627095,0.670337168791718,0.712730476795702,0.0612232002415752,0.0423933080039842
0.691485039245898,0.788082791818096,0.636851141229407,0.708288061682494,0.0965977525721974,0.0714369204530864
0.735709122089985,0.787140802124701,0.655491123260406,0.715100419453198,0.0514316800347163,0.059609296192792
0.730343857116853,0.79665519813974,0.657456166213309,0.715658833543134,0.0663113410228866,0.0582026673298246
0.737095613358354,0.800565072912521,0.664891968886368,0.720240647340367,0.0634694595541667,0.0553486784539986
0.714058935035749,0.785160998692339,0.650606656726917,0.706948071553745,0.0711020636565896,0.0563414148268273
0.703707527156495,0.767854797516549,0.648094798258901,0.694165814866156,0.0641472703600546,0.0460710166072548
0.727023001938206,0.785320631182027,0.661391058671731,0.705446127899313,0.0582976292438218,0.0440550692275821
0.748230696546116,0.802360434109091,0.676579301227917,0.7292664755666,0.0541297375629743,0.0526871743386832
0.732169468875555,0.803516861732362,0.662071748641229,0.724269773231705,0.0713473928568077,0.0621980245904756
0.730965167870664,0.793136656857422,0.656377573250927,0.723222884364868,0.062171488986758,0.0668453111139414
0.71813938259686,0.784915287098,0.649990306090149,0.708775560268422,0.0667759045011396,0.058785254178273
0.680672502141084,0.770442122974621,0.630514371934357,0.701679633319588,0.0897696208335376,0.0711652613852307
0.714216024356315,0.777581299658583,0.654481477174069,0.703856206145155,0.0633652753022677,0.0493747289710864
0.710115589008323,0.7904974808089,0.640106526784727,0.712487495359468,0.0803818918005769,0.0723809685747402
0.72609440470403,0.773694160859936,0.667971026794556,0.698483433777551,0.0475997561559058,0.0305124069829952
0.712840375377119,0.780635893526006,0.651793743119029,0.706160088235265,0.0677955181488861,0.0543663451162357
0.703870751256999,0.779569328649083,0.636405569975355,0.699494651565204,0.0756985773920845,0.0630890815898484
0.716941989840762,0.76511420445717,0.657807643160449,0.687996723873899,0.0481722146164081,0.0301890807134504
0.745960202782104,0.808753374972125,0.675328847251169,0.731108074513789,0.0627931721900207,0.05577922726262
0.713190570892579,0.784523069751035,0.644994568753307,0.706917325735685,0.0713324988584565,0.0619227569823782
0.71658461290376,0.782368633879666,0.64764624881743,0.71002251241193,0.0657840209759063,0.0623762635945004
0.747900494538892,0.805245934814871,0.664810816025439,0.726996833152239,0.0573454402759785,0.0621860171268002
0.752697042432801,0.805013597693081,0.685958795955997,0.727716108163719,0.0523165552602799,0.0417573122077219
0.711419848602836,0.793455993472115,0.646930753654383,0.715329366638726,0.0820361448692784,0.0683986129843436
0.74077944321845,0.801985372494101,0.666383633645553,0.724251410119186,0.0612059292756508,0.0578677764736333
0.721065387010224,0.790270742857932,0.65530478183772,0.713393270357027,0.0692053558477083,0.0580884885193069
0.732091394377553,0.789196067267607,0.661403662958873,0.710672293953787,0.0571046728900539,0.0492686309949141
0.696607043385308,0.767083583957452,0.645783334803961,0.690500038056697,0.0704765405721437,0.0447167032527361
0.697386728953185,0.756146817024982,0.642452782800884,0.685647729555957,0.0587600880717969,0.0431949467550732
0.72641703404677,0.80233408227684,0.648377968344828,0.727422287737118,0.0759170482300707,0.0790443193922896
0.703031688374034,0.801942036572285,0.644412223239457,0.724610848511909,0.0989103481982509,0.0801986252724525
0.715780637275084,0.783464261468335,0.654020985099262,0.707404164447933,0.0676836241932504,0.0533831793486714
0.703598465294596,0.768248962884082,0.647532586760642,0.697178294131548,0.0646504975894859,0.0496457073709059
0.730159623969346,0.800316835814182,0.664154770383675,0.720255734092609,0.0701572118448353,0.0561009637089347
0.726422510847429,0.781738337830848,0.660179542079086,0.706014235522309,0.055315826983419,0.0458346934432226
0.762589317628422,0.831474332404217,0.680414477426847,0.744128068641583,0.0688850147757956,0.0637135912147365
0.748577476543317,0.813165313040357,0.674502334219974,0.733362448220643,0.0645878364970406,0.0588601140006695
0.721532896416716,0.791152012937271,0.645979445059154,0.712623414758703,0.0696191165205549,0.066643969699549
0.670790165123237,0.765328416353198,0.62933931802677,0.701667041855622,0.0945382512299611,0.072327723828852
0.732948304996692,0.791519678881774,0.662278780056983,0.710006945166,0.0585713738850821,0.0477281651090172
0.73752053151671,0.795041056378147,0.671410545146709,0.715428186943952,0.0575205248614372,0.0440176417972432
0.708879583242231,0.786075879573736,0.642636202028652,0.713500898348749,0.0771962963315049,0.0708646963200973
0.723050173917887,0.80454855620302,0.644572531805002,0.723516978656376,0.0814983822851324,0.0789444468513745
0.743929109094461,0.809380422832495,0.663027439293006,0.729857134101261,0.0654513137380338,0.0668296948082545
0.707682765429025,0.789661107350728,0.644357653071369,0.71451672160284,0.0819783419217027,0.070159068531471
0.717563410754226,0.786451210441709,0.645867394679746,0.71706289224104,0.068887799687483,0.0711954975612933
0.751772349588064,0.816302259336106,0.659456114466209,0.736235217765217,0.0645299097480426,0.0767791032990079
0.716728081106696,0.808797477675336,0.639539008952403,0.720100920964026,0.0920693965686405,0.0805619120116232
0.710008956653024,0.784245513519147,0.643412361080962,0.707280720401336,0.0742365568661236,0.0638683593203742
0.729868073645636,0.793134531325886,0.659450306856815,0.717942955538876,0.0632664576802509,0.0584926486820611
0.733325362995542,0.797891346438235,0.671923095882308,0.718086242592207,0.064565983442693,0.0461631467098993
0.751884621031888,0.808780605275505,0.681875365893153,0.726111305499221,0.056895984243617,0.0442359396060678
0.703469977855583,0.784443920758895,0.64966166172906,0.703107886704372,0.0809739429033126,0.053446224975312
0.719746649050084,0.791963383678489,0.647332396221159,0.718613073981207,0.0722167346284055,0.0712806777600485
0.719114819569836,0.769141300383096,0.651697348003223,0.701356291614547,0.0500264808132598,0.0496589436113235
0.735437741577477,0.796826348505751,0.657525189662808,0.721033208987183,0.0613886069282735,0.0635080193243759
0.724836314137049,0.786436773224891,0.648176071812827,0.715366297694379,0.0616004590878421,0.067190225881552
0.706859721180605,0.782199872228241,0.635101124463944,0.710031773865724,0.0753401510476359,0.0749306494017794
0.670755115115522,0.779839384500953,0.619690216633351,0.697842092417833,0.109084269385431,0.0781518757844824
0.71973484609197,0.798150997906901,0.653953934983386,0.723999713620303,0.0784161518149313,0.0700457786369169
0.735354779429733,0.819373576532458,0.649247822644497,0.737069660713762,0.0840187971027242,0.0878218380692648
0.71095132261538,0.788221830270838,0.646892357885308,0.71036284418499,0.0772705076554575,0.0634704862996818
0.708668635640944,0.773125308486818,0.639635597529534,0.700692929635845,0.0644566728458746,0.0610573321063112
0.724345547896207,0.792039457742907,0.653070155417997,0.71920746762719,0.0676939098467002,0.0661373122091924
0.732329223944948,0.802073996611495,0.650246120223443,0.724722447012176,0.0697447726665477,0.0744763267887328
0.759066294874487,0.829389507770421,0.680868041829323,0.749320165414834,0.0703232128959332,0.0684521235855118
0.690216888723108,0.779092113596537,0.632743319850641,0.704162538320764,0.0888752248734298,0.0714192184701223
0.72432309663539,0.788583854265046,0.665483484811198,0.716022848498897,0.0642607576296559,0.0505393636876981
0.729588445384528,0.806551635166497,0.660558765822523,0.724221050336802,0.0769631897819686,0.0636622845142792
0.714559269394963,0.787646048399455,0.65499141941835,0.710279107587416,0.073086779004492,0.0552876881690667
0.743529196065043,0.817171180739954,0.663800166906912,0.733277697696179,0.0736419846749109,0.0694775307892673
0.707880482207009,0.777792924952336,0.648139531820592,0.699747601971767,0.0699124427453266,0.0516080701511754
0.726973058004799,0.79926703182085,0.658477675628333,0.723587402370652,0.0722939738160512,0.0651097267423193
0.714671530236384,0.776243301096858,0.641667816144804,0.698773889987279,0.0615717708604738,0.0571060738424755
0.700696387815026,0.803425461119766,0.637806812134967,0.726484114047404,0.10272907330474,0.088677301912437
0.724842203501369,0.787765186023709,0.660173522293033,0.702082538530976,0.0629229825223396,0.0419090162379425
0.684054961400912,0.767956873542847,0.629026692732108,0.693814489041884,0.083901912141935,0.0647877963097763
0.718058516421816,0.790117410725426,0.652319561443223,0.714584833571589,0.0720588943036101,0.0622652721283657
0.700768965184995,0.785329040339157,0.643001830678315,0.710425793293936,0.0845600751541624,0.0674239626156218
0.713845192909376,0.786807011453828,0.641900695177151,0.716517384757563,0.0729618185444519,0.074616689580412
0.716793039758919,0.770116740457948,0.648476453069629,0.695095221683148,0.0533237006990287,0.0466187686135192
0.774055437019694,0.818748937897698,0.688687666396027,0.733610935405298,0.0446935008780046,0.0449232690092709
0.723592927658462,0.788563629825766,0.665771795626165,0.708278170050015,0.0649707021673042,0.0425063744238501
0.703394981331944,0.785313338942864,0.642546174258839,0.709006178127887,0.08191835761092,0.0664600038690475
0.72870875237849,0.797408987145729,0.649727139852874,0.714716096616961,0.0687002347672394,0.0649889567640863
0.693598846111704,0.764791840953227,0.643324851050235,0.698180751772079,0.0711929948415224,0.0548559007218438
0.691959388557364,0.782575909250577,0.634698597171668,0.708586900804217,0.0906165206932122,0.0738883036325493
0.715328887600341,0.801227865054976,0.652029133998575,0.725214941197434,0.0858989774546347,0.0731858071988596
0.701443404616432,0.77114857691102,0.638377893557434,0.697220214862711,0.0697051722945872,0.0588423213052772
0.717619824297969,0.799735066190304,0.645796786275221,0.718132863874074,0.082115241892335,0.072336077598854
0.740512121019464,0.819672127638305,0.656858388278059,0.74487291376477,0.0791600066188406,0.0880145254867106
0.711449523651988,0.776405433399892,0.651392023189228,0.701851436133133,0.0649559097479038,0.0504594129439056
0.71953053524508,0.787165792035366,0.654587971806864,0.708384932920537,0.0676352567902861,0.0537969611136727
0.676315041543754,0.762097734181959,0.622274087347539,0.693776290617507,0.0857826926382045,0.0715022032699683
0.692741634428136,0.78349795393318,0.650389254998657,0.708760266000575,0.0907563195050444,0.0583710110019189
0.715685968701885,0.797045212528604,0.659036310562009,0.716967630078839,0.0813592438267192,0.0579313195168296
0.688843619872191,0.774746815089672,0.642406431663575,0.69891280148423,0.0859031952174809,0.0565063698206556
0.752224197678648,0.803382181004642,0.673468369130292,0.727400599930484,0.0511579833259936,0.0539322308001919
0.738360072943453,0.807325596413885,0.673559082299832,0.731168513284903,0.0689655234704321,0.0576094309850708
0.67738535232117,0.743425012992472,0.633168233974306,0.668807666794228,0.0660396606713023,0.0356394328199212
0.724848962564444,0.795047299915383,0.643304801692826,0.717141074094952,0.0701983373509392,0.073836272402126
0.741054972188583,0.790821992544568,0.666844425135159,0.71274009119885,0.0497670203559852,0.0458956660636916
0.737881331313135,0.811636726095526,0.660344935558335,0.729417633132183,0.0737553947823909,0.0690726975738483
0.708874553022847,0.791781990169415,0.650884272228014,0.719077043136935,0.0829074371465678,0.0681927709089214
0.76657091054392,0.819446747628994,0.681238180252907,0.740161383651349,0.052875837085074,0.0589232033984419
0.691824376018113,0.790251102655323,0.623113889293172,0.711186415877925,0.0984267266372106,0.0880725265847533
0.678795180307582,0.760358357333554,0.620014374279347,0.689737385018692,0.0815631770259719,0.0697230107393445
0.734166110758107,0.808118611818587,0.661290282835715,0.72781062380861,0.0739525010604799,0.0665203409728957
0.704974870280459,0.769605232519722,0.651800576461371,0.684419652549866,0.0646303622392629,0.0326190760884956
0.713690108746366,0.784101496608406,0.652919642536697,0.704383052794028,0.0704113878620393,0.0514634102573305
0.709826342468533,0.782938035798291,0.653061166233754,0.704345940313563,0.0731116933297578,0.0512847740798086
0.724803371876215,0.79783888585788,0.660888398424829,0.722257668063499,0.0730355139816648,0.0613692696386697
0.72244806819115,0.80421452014575,0.654964997411829,0.732169994380763,0.0817664519545995,0.0772049969689337
0.737443136336125,0.776914231047072,0.667023955953845,0.703830609734669,0.0394710947109471,0.0368066537808235
0.743234967712062,0.793292630567509,0.662498926633935,0.721186996129361,0.0500576628554472,0.0586880694954255
0.70228046095816,0.791798495241419,0.642488623702968,0.711140045907889,0.0895180342832597,0.068651422204921
0.717084847445752,0.783390817650394,0.651622215591795,0.706250686546072,0.0663059702046427,0.0546284709542768
0.705840185261817,0.788957448836812,0.631688418244404,0.713560588019179,0.0831172635749947,0.0818721697747745
0.718953050076696,0.783029282638436,0.649626033169095,0.699866514808348,0.0640762325617406,0.0502404816392523
0.695270668629354,0.779504695231594,0.63473686952575,0.707438931671819,0.0842340266022407,0.0727020621460696
0.701504817444219,0.772423545014823,0.638834451552504,0.703392494929006,0.0709187275706038,0.0645580433765017
0.712233062028874,0.792262692289219,0.648071795252463,0.714189157719005,0.0800296302603446,0.0661173624665418
0.707922068142587,0.77010966477654,0.642192043466676,0.692887941597669,0.0621875966339526,0.0506958981309935
0.703312646517551,0.749954254277225,0.645320475035584,0.679896742154608,0.0466416077596744,0.0345762671190244
0.728844382088415,0.804572168491208,0.660431371333107,0.724800991003162,0.0757277864027929,0.0643696196700545
0.705409187149038,0.762831221168697,0.635850440332628,0.698764613826751,0.057422034019659,0.0629141734941239
0.739927137285874,0.811525410498476,0.664255925596003,0.723921982331117,0.0715982732126022,0.0596660567351137
0.718072120426395,0.784231433277289,0.648451195397606,0.708874948773126,0.0661593128508944,0.0604237533755199
0.715654974933973,0.785347407545322,0.651645151947703,0.715460601170897,0.0696924326113491,0.0638154492231946
0.742376060306867,0.804172041770866,0.65844766189974,0.726227025183114,0.0617959814639982,0.067779363283374
0.695318293112455,0.761188879606202,0.629091410263173,0.689030445132233,0.0658705864937478,0.0599390348690603
0.739959049404535,0.796710878056411,0.670282873754102,0.721439150687308,0.0567518286518756,0.0511562769332059
0.735513247620179,0.809061655551458,0.660270733978786,0.738538417786001,0.0735484079312795,0.0782676838072142
0.703707197397129,0.787234201441908,0.638977159236825,0.709590915576078,0.0835270040447799,0.0706137563392522
0.75257957949215,0.8059010931423,0.673582794012122,0.726252990599627,0.0533215136501499,0.0526701965875053
0.727185989373741,0.799418677339709,0.657686090603093,0.716313614178239,0.0722326879659675,0.0586275235751464
0.714537344450921,0.784462663331896,0.652564168828062,0.70483087439551,0.0699253188809746,0.0522667055674482
0.735393494818814,0.787396066021345,0.667167721518987,0.71113509090345,0.0520025712025317,0.0439673693844627
0.693889365600858,0.754420034631965,0.63356659507412,0.683036530111078,0.0605306690311073,0.0494699350369577
0.750007721574881,0.819115912087677,0.666391835797755,0.747333768792025,0.0691081905127965,0.0809419329942704
0.711052867796368,0.79212578301975,0.650135190858267,0.714298890298013,0.0810729152233823,0.064163699439746
0.741494694305633,0.812283813519238,0.674239619964217,0.727742475031018,0.0707891192136056,0.053502855066801
0.733968706160996,0.791100065168707,0.656160371752864,0.713557341464734,0.0571313590077109,0.0573969697118696
0.706873080280245,0.779532472848736,0.649519045800372,0.697919018510196,0.072659392568491,0.0483999727098232
0.741729501041193,0.796353737188494,0.659503767863543,0.722784085036953,0.0546242361473018,0.0632803171734095
0.706825252139664,0.798036753347295,0.6409031719473,0.713239339138997,0.0912115012076303,0.0723361671916976
0.712783995293868,0.757739513667552,0.658757696888456,0.678960118424796,0.0449555183736843,0.02020242153634
0.740440376871368,0.784734141423388,0.665018744400624,0.707083247515085,0.0442937645520203,0.0420645031144609
0.705376145607803,0.772296654615013,0.643622586165822,0.695829961322599,0.06692050900721,0.0522073751567765
0.715080708820127,0.79848838539235,0.655277151219585,0.722460376834909,0.0834076765722236,0.0671832256153239
0.725741747814011,0.797218678842646,0.656134208561976,0.721062692116443,0.0714769310286346,0.0649284835544671
0.719365397915349,0.796795506376722,0.663112195069974,0.717402817471694,0.0774301084613722,0.0542906224017203
0.69308417597644,0.787359367847937,0.636551072896203,0.704536602868892,0.0942751918714962,0.0679855299726894
0.699534127056481,0.781631271903564,0.632646895042762,0.710201424496511,0.0820971448470827,0.0775545294537487
0.692204309273065,0.773427611921064,0.618653946835392,0.699753102062362,0.0812233026479995,0.0810991552269704
0.692249717549712,0.759539309246522,0.633914748871612,0.682380209986344,0.0672895916968095,0.0484654611147317
0.694076767819106,0.779621053770282,0.638211894183148,0.702184869195015,0.0855442859511767,0.0639729750118674
0.688611103459116,0.755968826311773,0.62974014094435,0.685460495719654,0.0673577228526566,0.055720354775304
0.726551535363786,0.796614491541071,0.651402978496859,0.712649143261455,0.0700629561772844,0.0612461647645964
0.732991436681535,0.798587710626448,0.668537291913482,0.723116365894793,0.0655962739449131,0.0545790739813115
0.731542547320179,0.800138991297591,0.662219357231477,0.722469082383692,0.0685964439774117,0.0602497251522149
0.687456736744632,0.768603111785562,0.628489667871994,0.693981170141224,0.0811463750409307,0.0654915022692304
0.741721057510381,0.806202884196179,0.671436976461675,0.735067173750175,0.0644818266857986,0.0636301972885001
0.734093421183125,0.816127682921757,0.653879599237313,0.735547953477361,0.0820342617386325,0.0816683542400481
0.720376637012444,0.794737616878787,0.660548000113509,0.722145958370579,0.0743609798663432,0.0615979582570696
0.732686025162792,0.796064818421335,0.656028623229703,0.714000585486335,0.0633787932585431,0.0579719622566316
0.680434242981352,0.774005545583464,0.624515018130954,0.697047740817959,0.093571302602112,0.072532722687005
0.705154000430802,0.782974779480452,0.630404511924349,0.709292866686469,0.0778207790496502,0.0788883547621198
0.720116509315053,0.804839070365039,0.653954526603401,0.725088230749839,0.0847225610499866,0.0711337041464386
0.710992913889623,0.795907774118929,0.630071215924348,0.713574805907419,0.0849148602293056,0.0835035899830716
0.730358045226317,0.789320022587065,0.670830282698162,0.711825873581678,0.0589619773607482,0.0409955908835168
0.721547536309365,0.815223202352312,0.645622471709882,0.733435623273635,0.0936756660429475,0.087813151563753
0.732377974716385,0.795825631205925,0.668481457404656,0.715253086747329,0.0634476564895399,0.0467716293426731
0.724386874770075,0.784557021952922,0.654438490727675,0.707143332913192,0.0601701471828467,0.0527048421855162
0.724397004131747,0.788076684813496,0.650192048849348,0.711067419826161,0.0636796806817489,0.0608753709768122
0.708486471283714,0.806346933611469,0.643585751227499,0.728205978221099,0.0978604623277556,0.0846202269936001
0.729259513594407,0.792612509437422,0.663025229325091,0.717877264403881,0.0633529958430151,0.0548520350787903
0.695161919127881,0.773658264652515,0.64221246966749,0.698234702577444,0.078496345524634,0.0560222329099535
0.710817741341368,0.792262789911004,0.642363833085142,0.711862454651257,0.0814450485696365,0.069498621566115
0.704397555976142,0.780070013025858,0.650601569727628,0.697457781506054,0.0756724570497163,0.0468562117784265
0.704277485057675,0.780078171190071,0.623672228789378,0.704412920837881,0.0758006861323961,0.080740692048503
0.731631155526341,0.808841909163798,0.672166453449984,0.731683477131774,0.077210753637457,0.0595170236817902
0.727874916274108,0.786611127343291,0.658211442676362,0.706777972717074,0.058736211069183,0.0485665300407121
0.735938623400751,0.812329775807191,0.652491182475599,0.725620008697169,0.0763911524064404,0.0731288262215695
0.738763543658381,0.810842424924081,0.6595020111295,0.730205290529214,0.0720788812656994,0.070703279399714
0.732751481794791,0.808788960948349,0.659957381909639,0.735330917557729,0.0760374791535576,0.0753735356480907
0.732293149275712,0.800307218047931,0.664323914513452,0.726776989855079,0.0680140687722188,0.0624530753416273
0.721658405837428,0.782023699784081,0.662059573571772,0.706780752125379,0.0603652939466529,0.0447211785536074
0.738669514937854,0.803245713597947,0.672022540785723,0.727473034608909,0.0645761986600926,0.0554504938231866
0.727868035204727,0.783111354920048,0.656257885695313,0.706288249532031,0.055243319715321,0.0500303638367187
0.737358412017416,0.800838011976556,0.655373260325298,0.721250676981846,0.0634795999591401,0.0658774166565481
0.721802936534036,0.788054819231748,0.654773952123913,0.710128747151351,0.0662518826977128,0.0553547950274373
0.732814351091069,0.793607167424619,0.648339033897657,0.718687182328888,0.0607928163335499,0.0703481484312303
0.668503945252583,0.75230597473006,0.616370618236048,0.684755024944488,0.0838020294774772,0.0683844067084399
0.741135610597395,0.804518919675435,0.66815615306311,0.723174210591344,0.0633833090780401,0.0550180575282343
0.700504383435857,0.783237700667216,0.641888667184541,0.70795063947319,0.0827333172313599,0.0660619722886489
0.721779695024077,0.795295421539402,0.652357544141252,0.714551803867614,0.0735157265153252,0.0621942597263625
0.720409742451411,0.800027293203067,0.64718702250782,0.718594114889202,0.0796175507516556,0.0714070923813819
0.732567386743316,0.799636229653696,0.658922551725823,0.730231819625278,0.06706884291038,0.0713092678994554
0.742406946518445,0.80562715642855,0.666579707555317,0.725440900562852,0.0632202099101055,0.0588611930075346
0.732746871382961,0.796325282954378,0.657878638401007,0.721265856708951,0.0635784115714164,0.0633872183079445
0.699621757521952,0.796706197764456,0.63861693267528,0.720343961922099,0.0970844402425038,0.0817270292468181
0.721667705724681,0.778648590579442,0.658786028015822,0.705253582989035,0.0569808848547608,0.0464675549732135
0.685124707880823,0.761462495747043,0.627552395190992,0.686484929837589,0.07633778786622,0.0589325346465969
0.718320904010203,0.764127344833949,0.670803471506815,0.695876288659794,0.0458064408237465,0.025072817152979
0.701228633022695,0.774805214645822,0.653193291575427,0.695232808813295,0.0735765816231264,0.0420395172378674
0.719296450241065,0.79991257330536,0.653909726059461,0.717114879888048,0.0806161230642949,0.0632051538285874
0.720690100609672,0.801769898698561,0.652020275817185,0.723129283393439,0.0810797980888891,0.0711090075762548
0.709135791088492,0.780845372228851,0.636832236990862,0.702326669472747,0.0717095811403584,0.0654944324818851
0.742143991318445,0.810003502655471,0.671243235565971,0.725196705358619,0.0678595113370268,0.053953469792648
0.704239127866656,0.790470561747157,0.634843239896432,0.710638766933093,0.0862314338805014,0.0757955270366617
0.722853788442816,0.802817310323324,0.652895500448619,0.72760047789041,0.0799635218805083,0.0747049774417909
0.702058790568787,0.781888416098129,0.6435842142976,0.710075933290092,0.0798296255293427,0.0664917189924916
0.695610934449094,0.766086248256625,0.64719609483961,0.689048814504881,0.0704753138075314,0.0418527196652719
0.721477611186834,0.778331678642144,0.652066821478453,0.698581873559157,0.0568540674553093,0.0465150520807041
0.687855043819953,0.764971059517015,0.623390908279932,0.692615088544973,0.0771160156970616,0.0692241802650415
0.723753796772022,0.792514748733919,0.650729965376454,0.713993110579572,0.0687609519618969,0.0632631452031188
0.714954790760429,0.794573510263246,0.651453585071379,0.720717913644388,0.0796187195028166,0.0692643285730093
0.69945945145743,0.77774875771822,0.641385377696663,0.702018386263807,0.07828930626079,0.0606330085671446
0.720789576738082,0.794842663091405,0.654015835328724,0.714551272565848,0.0740530863533231,0.0605354372371241
0.70619869161619,0.793080197211138,0.640405989453478,0.710410779900626,0.0868815055949482,0.0700047904471475
0.734852547669918,0.807062806509661,0.663471912994793,0.732087477084921,0.0722102588397433,0.0686155640901286
0.708475515606292,0.792895631998893,0.645434238659027,0.713161504989816,0.0844201163926018,0.0677272663307886
0.718599867935777,0.77007220204093,0.654078392768011,0.700154854833343,0.0514723341051523,0.0460764620653319
0.733022863969956,0.801649295285695,0.664479072232996,0.717553458801874,0.0686264313157385,0.0530743865688788
0.710502226385337,0.793633449071722,0.647687876048708,0.714866587308194,0.0831312226863848,0.0671787112594859
0.684606346471691,0.777473825002408,0.631601425100016,0.701330397723686,0.0928674785307172,0.0697289726236703
0.763410128541161,0.80211243247456,0.695191565548507,0.723820056649704,0.0387023039333986,0.0286284911011969
0.722123098199483,0.797460528869335,0.657656038734412,0.71804950295876,0.0753374306698517,0.0603934642243484
0.754740388598929,0.824689709184533,0.677522856813156,0.743404865904805,0.0699493205856036,0.0658820090916487
0.751384704395798,0.809521293990391,0.682604892906002,0.731668437215189,0.0581365895945928,0.0490635443091863
0.719230263269168,0.788553457228392,0.649353149777211,0.713318969324416,0.0693231939592233,0.0639658195472048
0.705371177210281,0.778209957418932,0.635684327832808,0.699223794383516,0.072838780208651,0.0635394665507076
0.735082643149046,0.809213454469624,0.671491440002988,0.732073494122151,0.0741308113205785,0.0605820541191631
0.710147093143865,0.800642006361719,0.631975849669813,0.726895118072123,0.0904949132178543,0.0949192684023096
0.739915882598213,0.778113159659905,0.662014699826741,0.705822825132664,0.0381972770616922,0.0438081253059226
0.723280968696169,0.779118319105071,0.657319057932722,0.70744608270007,0.0558373504089023,0.0501270247673487
0.740906541287736,0.80986151913725,0.662422431672749,0.731405923654971,0.0689549778495141,0.0689834919822212
0.71651401677048,0.779768572026963,0.649608081168504,0.706352924750033,0.0632545552564828,0.0567448435815291
0.711600479211963,0.787284909260328,0.655692614120976,0.710467724679909,0.0756844300483649,0.0547751105589328
0.738723616871822,0.819536267393631,0.649329132659888,0.741096739530372,0.080812650521809,0.0917676068704845
0.73577397330599,0.799010051771412,0.668035115391745,0.724453757510231,0.0632360784654218,0.0564186421184864
0.735474321905549,0.80231524623753,0.668483930478039,0.72935841782724,0.0668409243319814,0.0608744873492015
0.723615554334873,0.789942021632847,0.653551699658554,0.71565561908377,0.0663264672979744,0.0621039194252167
0.753579719724283,0.794280147050568,0.69188739429337,0.709524872834833,0.0407004273262854,0.0176374785414628
0.722491661912769,0.796108277537581,0.657257544936848,0.715691241818291,0.0736166156248124,0.0584336968814428
0.736657463461587,0.811602704169172,0.664702153443336,0.731394338895695,0.0749452407075847,0.066692185452359
0.705520485633752,0.775182970479523,0.647465172790481,0.697639337305633,0.0696624848457703,0.050174164515152
0.705682090483701,0.784207879207603,0.64481530830518,0.705916888517893,0.0785257887239013,0.0611015802127138
0.727226622625109,0.781439061561908,0.659389602350783,0.708835199837877,0.054212438936799,0.0494455974870945
0.72377002864409,0.783899787268913,0.659815105782551,0.706057332210292,0.0601297586248228,0.0462422264277402
0.72621417020341,0.777484747466107,0.657292407574419,0.701107359889381,0.0512705772626976,0.0438149523149619
0.731236028644945,0.79948179518218,0.656440562697634,0.727336321871285,0.0682457665372352,0.0708957591736501
0.705610322626679,0.80279940945122,0.635765879553459,0.717730642845221,0.0971890868245406,0.0819647632917616
0.709846059883588,0.77790992442806,0.654849076874398,0.700402878650743,0.0680638645444712,0.0455538017763453
0.721281512295833,0.802058044154631,0.643839352974223,0.717068913742703,0.080776531858798,0.0732295607684808
0.711718205133192,0.783300777360679,0.65175112232432,0.709021107199455,0.0715825722274861,0.0572699848751342
0.718553557466771,0.779670178181968,0.645418912801942,0.703967120694622,0.0611166207151969,0.0585482078926793
0.707518311213225,0.790609504721401,0.647157790107464,0.712003519663677,0.0830911935081758,0.0648457295562127
0.749846948916716,0.803718210254318,0.669502243982048,0.728766908326272,0.0538712613376017,0.0592646643442236
0.716667924861306,0.785848895305107,0.656909625774996,0.708242502021729,0.0691809704438015,0.051332876246733
0.702573429012315,0.758711388929233,0.632878322337019,0.686830767683291,0.0561379599169177,0.0539524453462723
0.761802867462862,0.799083035171464,0.696272323823375,0.723181184212095,0.0372801677086012,0.0269088603887201
0.734931681006976,0.813505383981044,0.660757695392915,0.729671693875891,0.0785737029740684,0.0689139984829757
0.707015725116471,0.783577099700652,0.638897076885286,0.70292311471383,0.0765613745841816,0.0640260378285433
0.70777846181496,0.770133421408595,0.639389643957333,0.697112868237097,0.0623549595936347,0.0577232242797641
0.722108910188805,0.790317669345317,0.650158197012599,0.709627878784405,0.0682087591565118,0.0594696817718066
0.721214586129754,0.797927337807606,0.655892617449664,0.720151230425056,0.0767127516778524,0.0642586129753915
0.731403476366888,0.79892685534031,0.658597776857873,0.717673132782438,0.0675233789734212,0.0590753559245654
0.713279403558298,0.790441176470588,0.654600101759454,0.704773462119223,0.0771617729122899,0.0501733603597689
0.716893932906857,0.793265692996691,0.648885928986001,0.713939976511065,0.0763717600898344,0.0650540475250641
0.710372581336204,0.804999974142043,0.634551979068581,0.725325143919422,0.094627392805839,0.0907731648508413
0.72671105071204,0.793534103915017,0.663021635539659,0.717510461536943,0.0668230532029778,0.0544888259972838
0.724548907882241,0.800649951088548,0.648868342508694,0.726588729658905,0.0761010432063063,0.0777203871502117
0.737735682704077,0.807747213273518,0.66774533284015,0.72925909547711,0.0700115305694407,0.0615137626369599
0.72907670173565,0.791831038852806,0.666707330236416,0.709985696203294,0.0627543371171557,0.0432783659668776
0.728054068662777,0.781155731837216,0.663064917531017,0.702781387238098,0.0531016631744391,0.0397164697070814
0.725455284198918,0.778005393964647,0.651590929349843,0.704404829277495,0.0525501097657295,0.0528138999276521
0.771140016920474,0.821447341434651,0.683358543130117,0.739741321847921,0.0503073245141773,0.0563827787178041
0.694020997894813,0.779710131889091,0.639333897115713,0.70157628155532,0.0856891339942781,0.0622423844396064
0.716096140240414,0.78755390867515,0.642961342317548,0.704011012772209,0.0714577684347357,0.0610496704546609
0.70402544569065,0.796683146215423,0.651442668422024,0.720890288567365,0.0926577005247734,0.0694476201453409
0.739386528430372,0.796327041304276,0.670365249010137,0.721836519779654,0.0569405128739036,0.0514712707695164
0.721744741838627,0.806512356127285,0.65605130110977,0.728817962379677,0.084767614288658,0.0727666612699066
0.728905814961512,0.802241729618421,0.654124121445059,0.725626053233035,0.0733359146569088,0.071501931787976
0.700480296620087,0.786322159502706,0.641982654117024,0.708272142796035,0.0858418628826191,0.0662894886790109
0.707622820339583,0.75963270833213,0.650029883411386,0.684587811032898,0.0520098879925469,0.0345579276215116
0.721791185700136,0.803691786464746,0.659474678095697,0.72838682205704,0.0819006007646095,0.0689121439613437
0.700789716735216,0.766241525386425,0.638127497564962,0.695147510898647,0.0654518086512088,0.0570200133336854
0.756775551462952,0.817953852047764,0.681785913750687,0.740898034165547,0.0611783005848116,0.0591121204148608
0.715352846803146,0.784664397103289,0.649035103950911,0.709912394323041,0.0693115503001435,0.0608772903721302
0.724335146113135,0.796755669531072,0.659453960846802,0.714672490325518,0.0724205234179376,0.0552185294787161
0.74382028204215,0.813452589562329,0.669119118606462,0.735868936598034,0.0696323075201785,0.0667498179915724
0.716302443980305,0.783950764533289,0.638883109955846,0.704959973502071,0.067648320552984,0.0660768635462254
0.734203078109788,0.803264721366812,0.667349501217199,0.723592157705983,0.0690616432570248,0.0562426564887841
0.726132919114289,0.799000248120527,0.656922009555011,0.718355940748186,0.0728673290062377,0.0614339311931753
0.732978886443303,0.791165022689601,0.656796282709709,0.719300019021222,0.0581861362462977,0.0625037363115133
0.721017074058209,0.788724949680581,0.640979674178884,0.713361152948004,0.0677078756223717,0.0723814787691203
0.728115290817733,0.77967258230744,0.669882612093276,0.70314558629776,0.051557291489707,0.0332629742044841
0.717442247866031,0.793591380709152,0.650717250579914,0.72338395438392,0.0761491328431205,0.0726667038040062
0.727107355514326,0.785727952398212,0.644972864888585,0.714359776970222,0.0586205968838862,0.0693869120816375
0.724250997684703,0.795607434058832,0.65923905043103,0.710589113957601,0.0713564363741287,0.0513500635265708
0.713517266161667,0.813020799776647,0.633610070534238,0.738165611260934,0.0995035336149793,0.104555540726696
0.74566742287837,0.81074319110372,0.661266756793942,0.728960166536062,0.0650757682253501,0.0676934097421204
0.718858228173919,0.796809253323109,0.650048795558633,0.720306320299318,0.0779510251491906,0.0702575247406851
0.727488530886589,0.796518343751857,0.663147423007335,0.719425172871943,0.0690298128652682,0.0562777498646078
0.712723369189358,0.796237454518621,0.648818314558,0.717781342097742,0.0835140853292631,0.0689630275397419
0.733441582054739,0.800434466773855,0.661853267462006,0.72413426997374,0.0669928847191161,0.062281002511734
0.737212420539759,0.786851471203989,0.674397244109474,0.708330478474363,0.0496390506642306,0.033933234364889
0.754008379544054,0.839120887245841,0.682811829944547,0.758318176216882,0.0851125077017868,0.0755063462723352
0.701507368025164,0.778885165937272,0.645289848878556,0.708278486278264,0.077377797912108,0.0629886373997083
0.684404501277341,0.769484666220051,0.636141988736316,0.691921102928342,0.0850801649427099,0.0557791141920258
0.712603658064016,0.787727456283117,0.639813874374381,0.712319350457054,0.0751237982191004,0.0725054760826736
0.720988299867011,0.798894686635737,0.654852540727195,0.722842605469715,0.0779063867687265,0.0679900647425203
0.700631915668934,0.769816644082664,0.624188339672128,0.694495940334592,0.0691847284137302,0.070307600662464
0.748318728126102,0.812457925246661,0.682492833048464,0.735178653788763,0.0641391971205585,0.0526858207402986
0.715474142371651,0.785151626666128,0.643380903537794,0.707522498757388,0.069677484294477,0.0641415952195934
0.698006809476522,0.770182589469532,0.643475030189371,0.69327849651741,0.0721757799930106,0.0498034663280382
0.728662391015579,0.796205140109222,0.659819341043224,0.73060549926961,0.0675427490936433,0.0707861582263857
0.697966003836067,0.775284932346916,0.653716189767879,0.700886111872236,0.0773189285108492,0.0471699221043567
0.700254129606099,0.773827100407326,0.638735247907024,0.696364770711726,0.0735729708012268,0.0576295228047024
0.697658115557972,0.779471425769704,0.645362637024269,0.698635132692906,0.0818133102117317,0.0532724956686361
0.751720958290245,0.822193209238194,0.677685625646329,0.74086280592899,0.070472250947949,0.0631771802826612
0.716605353633256,0.790577705931961,0.64511341076438,0.715216493964348,0.0739723522987046,0.0701030831999678
0.7189221889938,0.794933764140636,0.652760864536196,0.722160974019479,0.0760115751468367,0.0694001094832832
0.707509771825418,0.766349261091372,0.639342735659096,0.696300266985649,0.0588394892659547,0.0569575313265532
0.71532341119026,0.783587364104778,0.65748659495091,0.700603167701568,0.0682639529145171,0.0431165727506573
0.755739260378809,0.816845359676268,0.685536862862423,0.732341587608576,0.0611060992974593,0.0468047247461537
0.672848872651836,0.784191082019636,0.620291737412259,0.70833768598248,0.1113422093678,0.088045948570221
0.749400106863555,0.805458309261474,0.661023740451783,0.726646127643039,0.056058202397919,0.0656223871912558
0.713064232556618,0.788560758039984,0.636190174329108,0.716426950337762,0.0754965254833659,0.0802367760086539
0.708403663911052,0.774261683242874,0.644061575432374,0.693170287096894,0.0658580193318218,0.0491087116645201
0.727014889693327,0.784029337436771,0.664287134838909,0.709516285853184,0.0570144477434441,0.0452291510142751
0.733015152606681,0.79070302701165,0.661259718597086,0.715531745108144,0.0576878744049697,0.0542720265110582
0.720638430133543,0.774729125037693,0.658438773597078,0.696846202047522,0.0540906949041503,0.0384074284504433
0.744279917929615,0.790630229148808,0.672766860379979,0.701137332153064,0.0463503112191928,0.0283704717730857
0.718300261771645,0.791832078337589,0.657923843841903,0.714190204569693,0.0735318165659439,0.0562663607277898
0.700233231668247,0.783557276663144,0.635920478312674,0.707093886524916,0.0833240449948969,0.0711734082122422
0.724090509565139,0.820527196150377,0.657391703419557,0.732418272220151,0.0964366865852384,0.0750265688005947
0.70435090221009,0.789594353905525,0.638617608875291,0.714080168980109,0.0852434516954345,0.0754625601048181
0.703338125149923,0.785996359914799,0.639080414540821,0.708592656183093,0.0826582347648757,0.0695122416422723
0.71524558753086,0.785764029625263,0.642026327425476,0.710984837318988,0.0705184420944028,0.0689585098935113
0.72213345292629,0.790734055162251,0.655998814748374,0.715548018707755,0.0686006022359612,0.0595492039593811
0.714624592751561,0.773298109745193,0.650700195168226,0.697010563188629,0.0586735169936318,0.0463103680204033
0.744352211947326,0.804234579828975,0.676839543328762,0.718869878175793,0.0598823678816497,0.042030334847031
0.708155617268177,0.776002036767027,0.656679243014115,0.704471116990094,0.0678464194988501,0.0477918739759796
0.685740240863787,0.762639045443759,0.63258279692691,0.683622949543189,0.0768988045799716,0.0510401526162791
0.707450306884151,0.79865580543992,0.642708894708514,0.725782978655143,0.0912054985557691,0.0830740839466295
0.727514123715561,0.794560936668441,0.646610512956974,0.723892618823433,0.06704681295288,0.0772821058664593
0.713720312207139,0.775906322797012,0.649087025062254,0.699421347430851,0.0621860105898733,0.0503343223685973
0.705412819282888,0.789043783560512,0.650420214254307,0.713411879921653,0.0836309642776245,0.0629916656673463
0.727492966578113,0.797645075270539,0.656669868603839,0.722654539329628,0.0701521086924255,0.0659846707257891
0.707352318419475,0.785202701852807,0.638313773830937,0.710323559871364,0.0778503834333321,0.0720097860404272
0.777476128693864,0.829133855882399,0.693142603789981,0.750154497032099,0.0516577271885348,0.0570118932421181
0.717618522648555,0.776365587037694,0.667125311864655,0.697579282612736,0.0587470643891395,0.0304539707480809
0.734989760589715,0.797945832796967,0.663462782692926,0.714466742334895,0.0629560722072525,0.0510039596419685
0.680732765493411,0.782335073765404,0.620810271772139,0.706638145647388,0.101602308271993,0.0858278738752487
0.700592885375494,0.796707178982775,0.641902014535254,0.719050161502826,0.0961142936072811,0.077148146967572
0.715786959129625,0.784762258621309,0.637380524862145,0.709780227929229,0.0689752994916839,0.0723997030670838
0.737098893069882,0.796313538441317,0.668959040381467,0.719875159593788,0.0592146453714352,0.0509161192123206
0.73448347015619,0.799750340970474,0.657076130981901,0.722384729863964,0.0652668708142836,0.0653085988820633
0.738508663600575,0.79988691422515,0.659533272768567,0.723005384586267,0.0613782506245743,0.0634721118177001
0.751313106851074,0.822813416460179,0.66742252635123,0.736297212927386,0.071500309609105,0.0688746865761565
0.71930974255949,0.782266304401392,0.643648503027456,0.704910847753309,0.0629565618419021,0.0612623447258536
0.716803267178044,0.807516359845562,0.64641421592518,0.721457486980135,0.090713092667518,0.0750432710549547
0.753163887519332,0.822735911471831,0.667068895041361,0.739989169964139,0.0695720239524995,0.0729202749227781
0.722806755695806,0.794596684594842,0.651996492545326,0.716198485687285,0.0717899288990355,0.064201993141959
0.741627325363464,0.824484763409984,0.677721679598279,0.736843696127176,0.0828574380465197,0.0591220165288974
0.729351125576923,0.788599191053506,0.668017816901222,0.711542942589104,0.0592480654765836,0.043525125687882
0.745059108129079,0.813221067157805,0.662596390721819,0.735430315979405,0.0681619590287261,0.0728339252575867
0.702435742763867,0.783125173556406,0.637038879512646,0.7117262261895,0.0806894307925394,0.0746873466768534
0.716463324707928,0.791294754259946,0.647504098646455,0.721006263853015,0.0748314295520175,0.0735021652065595
0.705334098323344,0.774817919732949,0.634968894621045,0.701216239283818,0.0694838214096046,0.0662473446627722
0.744901000611471,0.819314922696304,0.673223238781391,0.739966914922014,0.0744139220848332,0.0667436761406229
0.723906893078978,0.798887537038439,0.65469095340385,0.72882478271753,0.07498064395946,0.0741338293136804
0.715770225671216,0.787628068869707,0.645032070774645,0.700776834440201,0.0718578431984909,0.0557447636655557
0.710495928773606,0.794319827727617,0.637403367268945,0.722946674438003,0.0838238989540107,0.085543307169058
0.729294688134487,0.797563161781809,0.664665319880401,0.719969236673509,0.0682684736473221,0.0553039167931082
0.708474713951782,0.797384465294325,0.641443933255955,0.722865933993101,0.0889097513425433,0.081422000737146
0.73052052035374,0.787689453895156,0.655005853084795,0.709608623935754,0.0571689335414156,0.054602770850959
0.704922182952885,0.793603393720879,0.660095338228179,0.71701800187276,0.0886812107679941,0.0569226636445808
0.735462795723009,0.804640255232767,0.65665505411599,0.72338715087098,0.0691774595097578,0.0667320967549899
0.705140289175193,0.79733011195635,0.642698911747249,0.717015656736168,0.0921898227811568,0.0743167449889187
0.761488475210467,0.817654438407775,0.683538760057169,0.739449241310718,0.0561659631973085,0.0559104812535496
0.726398891780362,0.787460139933447,0.660155126666827,0.707892824408881,0.0610612481530853,0.0477376977420538
0.743473475639524,0.800409931701925,0.672802950422542,0.72375639787879,0.0569364560624013,0.0509534474562482
0.726264864537395,0.778912407858115,0.653976582299288,0.708544034676839,0.0526475433207201,0.0545674523775507
0.730371113689186,0.800320699115467,0.664051150707071,0.7189877423236,0.0699495854262807,0.0549365916165285
0.698109690780547,0.759998571734628,0.646375980657206,0.686666530641393,0.0618888809540812,0.0402905499841871
0.702222403036958,0.783482026863296,0.639650438012302,0.705170234035046,0.0812596238263376,0.0655197960227444
0.71623321768922,0.777114586618677,0.64044526075583,0.694501400716128,0.0608813689294572,0.0540561399602975
0.71710395254028,0.784064418538324,0.65561804632495,0.707070245424809,0.0669604659980448,0.051452199099859
0.73696735355223,0.80555404336693,0.6626706944773,0.726351954369076,0.0685866898147002,0.0636812598917758
0.745905303030303,0.782371416871417,0.676370802620803,0.704247338247338,0.0364661138411139,0.0278765356265356
0.718820803434795,0.80012794792902,0.645081970281639,0.722492443127437,0.0813071444942251,0.0774104728457974
0.742469347355768,0.794811447881433,0.673458577931505,0.715478761838563,0.0523421005256651,0.0420201839070578
0.731762353155061,0.799507722369013,0.65833291320346,0.721487790643937,0.0677453692139522,0.0631548774404772
0.73250403414661,0.81149850295711,0.657005762524817,0.723538842527016,0.0789944688105003,0.0665330800021995
0.72020016386139,0.783355609420897,0.658369956731532,0.708495023748575,0.0631554455595074,0.0501250670170432
0.728493920952553,0.7930643775311,0.65418984959921,0.72042577568998,0.0645704565785472,0.0662359260907695
0.719653032615911,0.798836253230758,0.645180905589422,0.71949339021489,0.0791832206148465,0.074312484625468
0.711309060335686,0.792221712805387,0.641402581747386,0.712623738327632,0.080912652469701,0.0712211565802464
0.727609707490918,0.769258904459771,0.658785179327554,0.698020793805378,0.0416491969688526,0.0392356144778241
0.726600931131413,0.797049485641059,0.650890402717658,0.717310470393358,0.0704485545096464,0.0664200676757
0.709685558693486,0.797001627273753,0.644980424380105,0.715677643284101,0.087316068580267,0.0706972189039954
0.714927014009524,0.768698780414294,0.654867316837751,0.689187143793049,0.0537717664047703,0.0343198269552987
0.730578058877784,0.801626945613253,0.67723918835827,0.723332778233245,0.0710488867354689,0.0460935898749744
0.732075936222591,0.806095219903912,0.65293884641963,0.732315578049552,0.0740192836813212,0.0793767316299225
0.729702361669934,0.805985856521873,0.663704993216856,0.733131094615731,0.0762834948519386,0.069426101398875
0.729530127804358,0.791838780503248,0.662191706915555,0.713398282570889,0.0623086526988902,0.0512065756553343
0.721420710102366,0.786130561654323,0.663213672718016,0.713318209639109,0.0647098515519567,0.050104536921093
0.731968717347658,0.790948251854759,0.673377441273634,0.713432162016173,0.0589795345071011,0.0400547207425397
0.719911111638395,0.797013757213412,0.653680837952686,0.711507822133949,0.0771026455750177,0.0578269841812633
0.669204463863529,0.75558939408966,0.620489603843998,0.69025372214589,0.0863849302261313,0.0697641183018924
0.686843891480078,0.763283739792918,0.632690361231552,0.693173522110216,0.0764398483128395,0.060483160878664
0.693574271759659,0.762272991632584,0.641585681587933,0.68923086063062,0.0686987198729253,0.0476451790426875
0.723882092470408,0.768849533067596,0.647592373879041,0.695723839861302,0.0449674405971889,0.0481314659822615
0.722101411617066,0.79643631170291,0.649677795613863,0.716852020802778,0.0743349000858442,0.0671742251889149
0.730433328332477,0.796245422371537,0.65428503735476,0.713059450348461,0.0658120940390607,0.0587744129937013
0.732918764560006,0.80499962425791,0.663630983692793,0.722192267227775,0.0720808596979033,0.0585612835349816
0.70351446220306,0.779186999925686,0.645381019188892,0.703663010674579,0.0756725377226256,0.0582819914856874
0.74688658079523,0.801113414352058,0.66611723181891,0.718918480098219,0.0542268335568277,0.0528012482793092
0.705439735006043,0.77183067523782,0.646177087735688,0.692250928665169,0.0663909402317771,0.0460738409294806
0.71427217058127,0.80747476301653,0.638646409625175,0.724837857816608,0.0932025924352602,0.0861914481914332
0.70595591116713,0.766593900885597,0.632261031134709,0.692951352408055,0.0606379897184674,0.0606903212733462
0.749185788646224,0.811456128945997,0.670132712762279,0.733795534285859,0.0622703402997736,0.0636628215235803
0.712463645039401,0.760513999518817,0.659239877965358,0.689794893247624,0.0480503544794165,0.0305550152822653
0.718289146616683,0.782902204824923,0.662471268198491,0.700129705484728,0.0646130582082398,0.0376584372862367
0.738132021899395,0.803604343414654,0.668500942367711,0.713194852589677,0.0654723215152591,0.0446939102219659
0.714832345494859,0.809048647366309,0.635496539812066,0.732941393546435,0.0942163018714497,0.0974448537343688
0.672048247549511,0.761381990969186,0.617819767053129,0.689395969564462,0.0893337434196744,0.0715762025113331
0.716645367432793,0.777537420717723,0.652652158624024,0.706034050332126,0.0608920532849301,0.0533818917081017
0.717522654550646,0.797785690890309,0.652258316466646,0.713027353427787,0.0802630363396629,0.0607690369611408
0.716526086909973,0.794388597666324,0.644208198781371,0.722089194401211,0.0778625107563504,0.0778809956198401
0.736619315886135,0.793531884747938,0.671450142459181,0.719940851492905,0.0569125688618027,0.0484907090337241
0.719271000048559,0.799671978760873,0.652512731881782,0.726593504386665,0.0804009787123134,0.0740807725048831
0.712009780923821,0.802366454775842,0.643331465057614,0.719790336093627,0.0903566738520217,0.0764588710360131
0.699595875998876,0.773360011411638,0.63188739447433,0.703699463733198,0.073764135412762,0.071812069258868
0.712361289291057,0.797116530319354,0.641933936586127,0.713532835656123,0.084755241028296,0.0715988990699958
0.72568087036482,0.800519275770364,0.650011795092804,0.715795780455951,0.0748384054055433,0.0657839853631466
0.72718439105492,0.800359676302852,0.650731952608623,0.716877934398546,0.073175285247932,0.0661459817899227
0.702909578098536,0.775300365096619,0.641831730543528,0.698260554759076,0.0723907869980824,0.0564288242155477
0.719927002300994,0.802930601532183,0.653449755689402,0.721889929375524,0.0830035992311885,0.0684401736861212
0.73066224018592,0.813141290929339,0.657730331059677,0.738366290274833,0.0824790507434191,0.0806359592151555
0.715898843957845,0.781106162433685,0.637766636090471,0.699842043455855,0.06520731847584,0.0620754073653839
0.706493572218196,0.795372057304072,0.640419640122483,0.713431479010657,0.0888784850858756,0.073011838888174
0.721217511659142,0.796540987236429,0.654326179379543,0.719982355181087,0.0753234755772875,0.0656561758015445
0.719919739480697,0.784808878356482,0.66148268174582,0.702764625416725,0.0648891388757847,0.0412819436709051
0.685038967162911,0.754421929096641,0.630434416503008,0.679847725299268,0.0693829619337307,0.0494133087962596
0.722382760060731,0.771839462819,0.650875252342516,0.691651393674614,0.0494567027582685,0.040776141332098
0.736213399485443,0.818762926089014,0.658252070476306,0.736362665311211,0.0825495266035717,0.0781105948349052
0.720823334165939,0.790697445658456,0.649305442111627,0.711365711489285,0.0698741114925169,0.0620602693776575
0.721591505706154,0.779975170039831,0.648705407720578,0.706558425409457,0.0583836643336767,0.0578530176888794
0.723882346109419,0.793731210352401,0.667632779010306,0.716412313345381,0.0698488642429814,0.0487795343350748
0.706736235292637,0.783853210019393,0.653193297029623,0.707995447201836,0.0771169747267557,0.0548021501722134
0.71272524450811,0.790545557572804,0.644879293024363,0.717656571965956,0.0778203130646936,0.0727772789415929
0.755441527172149,0.802490696604912,0.671557948941376,0.731034858347579,0.0470491694327626,0.0594769094062032
0.697047164459547,0.778152760408216,0.649123047358232,0.696943676075747,0.0811055959486691,0.0478206287175148
0.757730275294549,0.819329468878935,0.672259170791211,0.734687258870162,0.0615991935843863,0.0624280880789507
0.729330669914501,0.809028486595582,0.647332833874662,0.72958340925998,0.0796978166810809,0.0822505753853184
0.729881086905459,0.794307130915527,0.66291827747104,0.719670321080299,0.0644260440100685,0.0567520436092593
0.730765006167421,0.793706037166802,0.672225761259966,0.711452541935439,0.0629410309993811,0.0392267806754729
0.728845884336536,0.804671484898752,0.660391297563271,0.721500878007297,0.0758256005622154,0.0611095804440258
0.74395393510378,0.796863525843912,0.672220300015504,0.721796311631935,0.0529095907401315,0.0495760116164309
0.727004337276241,0.788082232190994,0.658931557420983,0.712705801527554,0.0610778949147529,0.0537742441065704
0.708836362627087,0.785575387159725,0.633936065647512,0.708307867231084,0.0767390245326376,0.074371801583572
0.713277272851741,0.785260474622177,0.651121831972896,0.714861504223206,0.0719832017704358,0.0637396722503106
0.707412161941301,0.788865225698819,0.650578590803074,0.70953488928583,0.0814530637575176,0.0589562984827563
0.745232920703731,0.817958671619376,0.665700272552964,0.734409402836744,0.0727257509156453,0.0687091302837802
0.707172150594561,0.769678919619331,0.651196179902898,0.694268254641146,0.0625067690247697,0.0430720747382483
0.721172883240026,0.782707890181382,0.645089422222074,0.700276634983686,0.0615350069413561,0.0551872127616114
0.704437068164014,0.774994985349088,0.638417664175605,0.702678213239221,0.0705579171850732,0.0642605490636156
0.734561604310287,0.803150658950158,0.664274355779523,0.731493067171734,0.0685890546398714,0.0672187113922117
0.695777686830341,0.76342759634461,0.651565994648736,0.692001800132031,0.0676499095142693,0.0404358054832942
0.718099624701467,0.78729803894481,0.654599412946299,0.711943026347645,0.0691984142433434,0.0573436134013461
0.729423386310758,0.791564006696289,0.648562816189223,0.719701469686411,0.0621406203855301,0.0711386534971877
0.724988321979932,0.796244711878899,0.655293733153528,0.716847132654055,0.0712563898989665,0.0615533995005274
0.748159561128844,0.811351898723912,0.67272361436184,0.735720215583697,0.0631923375950679,0.0629966012218572
0.706952016642517,0.779443885236124,0.641808637917787,0.703915388597046,0.0724918685936069,0.062106750679259
0.738413430658398,0.808941541858707,0.661231065679375,0.726779221235107,0.0705281112003086,0.065548155555732
0.726457208085463,0.801658907592465,0.659680569033679,0.725602281488786,0.0752016995070023,0.0659217124551068
0.722515953893603,0.795265906622474,0.659137108942726,0.717453670245599,0.072749952728871,0.0583165613028733
0.732914666666667,0.800724,0.660761904761905,0.723095238095238,0.0678093333333333,0.0623333333333334
0.697785481214625,0.769645931059333,0.635321039556123,0.698100349685478,0.071860449844708,0.0627793101293542
0.715028461721246,0.78317958186048,0.65064472580228,0.708207426753387,0.068151120139235,0.0575627009511073
0.719914109505,0.790804842337924,0.666929295019511,0.71560239832316,0.0708907328329246,0.0486731033036488
0.742018258197578,0.816038119257518,0.669463857732672,0.739598961557891,0.0740198610599402,0.0701351038252196
0.739800572002783,0.803388691827536,0.670948862340478,0.720110564301644,0.0635881198247538,0.049161701961166
0.667467312849194,0.776054113958576,0.618803796705158,0.696666685807144,0.108586801109382,0.0778628891019863
0.702756140485118,0.786865780770441,0.631304103859005,0.713894967735353,0.0841096402853232,0.0825908638763486
0.714876414171071,0.782775650812292,0.656896457232335,0.705250342532785,0.0678992366412214,0.0483538853004502
0.72354287686378,0.794843720413162,0.656725107352501,0.717224178134907,0.0713008435493822,0.0604990707824058
0.712510320127446,0.771585760038846,0.663145137902978,0.69361255026162,0.0590754399113993,0.0304674123586413
0.719713304880312,0.802910474198283,0.651885743686634,0.724491556875116,0.0831971693179709,0.0726058131884817
0.719903807338723,0.806723790576326,0.655957316487653,0.73354474338524,0.0868199832376038,0.0775874268975862
0.715361352355711,0.777783794628695,0.646488015989055,0.707446599929416,0.0624224422729837,0.060958583940361
0.716617009580321,0.770386821708679,0.643456070264078,0.68905187137276,0.0537698121283586,0.0455958011086819
0.72638611037929,0.790336866342992,0.658447907649579,0.710637437549881,0.0639507559637029,0.0521895299003018
0.687333896872358,0.77077508607715,0.631969981238274,0.695795229161083,0.0834411892047914,0.0638252479228089
0.693602380301273,0.772393254250729,0.644512974430578,0.699949201307739,0.0787908739494554,0.0554362268771607
0.722410827867047,0.795057422660631,0.657283012699789,0.721076088578718,0.0726465947935839,0.0637930758789291
0.711140076582402,0.785826706108865,0.653618587880927,0.70788141288983,0.0746866295264623,0.0542628250089022
0.73500858227094,0.800403449209354,0.656390614129649,0.71716221316828,0.0653948669384143,0.0607715990386305
0.735196432167418,0.793425728162267,0.665601319563697,0.708691091755819,0.0582292959948498,0.0430897721921217
0.723382955223146,0.771751225843177,0.667208441225561,0.696932521620821,0.0483682706200308,0.0297240803952599
0.7283344460944,0.788372030558721,0.651642377778545,0.713885531420152,0.0600375844643207,0.0622431536416066
0.707691540474542,0.77973550544841,0.645555595523549,0.700204627040037,0.0720439649738678,0.0546490315164884
0.711677157492535,0.775806079203939,0.646042919545159,0.701918180574443,0.0641289217114035,0.0558752610292835
0.703645223199821,0.776776584166231,0.642223108430332,0.699125977252146,0.0731313609664099,0.0569028688218141
0.690913289941248,0.764182607486578,0.639301975074474,0.696161856546394,0.0732693175453302,0.0568598814719205
0.691710705755421,0.768443206602922,0.630053272591898,0.697839607936014,0.0767325008475009,0.0677863353441164
0.714701494252874,0.792754252873563,0.648277011494253,0.712250574712644,0.0780527586206897,0.0639735632183909
0.714431898739379,0.80348511467505,0.643434737790198,0.730621680211234,0.089053215935671,0.0871869424210358
0.731693046245317,0.797823409604845,0.665285381113184,0.720112502625646,0.0661303633595283,0.0548271215124615
0.734152429478228,0.787300855099221,0.661941547599218,0.712617062318869,0.053148425620993,0.0506755147196507
0.709247506466418,0.780456761139927,0.65794232368386,0.701461892926221,0.071209254673509,0.0435195692423609
0.737175664901722,0.795725076524489,0.66994133018902,0.715916596081299,0.0585494116227669,0.0459752658922799
0.73192558007923,0.805704762926969,0.666202375609026,0.721623766498188,0.0737791828477385,0.0554213908891621
0.706364622581568,0.779367721438031,0.640177192575014,0.704865795164148,0.0730030988564634,0.0646886025891341
0.702440392087602,0.787664606146238,0.635880872483221,0.711661515365595,0.0852242140586366,0.0757806428823737
0.747455839328922,0.795313285083546,0.676831015276724,0.709638821479351,0.0478574457546246,0.0328078062026276
0.718601573560135,0.783648335016963,0.649071107104193,0.704948060929291,0.0650467614568285,0.0558769538250981
0.707577937084375,0.7930198556808,0.638623661745979,0.719820897986134,0.085441918596425,0.0811972362401547
0.686387476160204,0.782113617974813,0.635539176732359,0.702250874125874,0.0957261418146091,0.0667116973935156
0.725530176691805,0.792022006661027,0.657140445823933,0.713114777816252,0.066491829969222,0.0559743319923185
0.720747062236424,0.781806562232094,0.658461278674045,0.705802353674694,0.0610594999956702,0.0473410750006496
0.730745111967143,0.78618401041809,0.656647997887241,0.705945960713603,0.0554388984509466,0.0492979628263621
0.734191083349432,0.789652692811299,0.657073217850473,0.708416511043853,0.055461609461867,0.0513432931933802
0.683576030035044,0.766337160359813,0.628697894218658,0.690754837977453,0.0827611303247693,0.062056943758795
0.705913539023882,0.768887526529591,0.637949803486098,0.696349391179623,0.0629739875057086,0.0583995876935257
0.695830332201361,0.775261582535104,0.631359597365281,0.698917370939097,0.0794312503337422,0.0675577735738152
0.730845800898057,0.790677856428557,0.662088570364125,0.715128237808585,0.0598320555305005,0.0530396674444598
0.722205821605305,0.766063081639943,0.66076085742002,0.697528289477026,0.0438572600346381,0.0367674320570056
0.707055894477085,0.761903538199957,0.649063702384263,0.686677626368056,0.0548476437228721,0.0376139239837927
0.715573895350735,0.805036069069821,0.634950366493666,0.722825881960388,0.0894621737190856,0.0878755154667217
0.72449887293942,0.778086885375485,0.649225106047091,0.700815053798084,0.0535880124360655,0.0515899477509925
0.76657096236968,0.821394825488531,0.681652821663074,0.737917340219057,0.0548238631188506,0.0562645185559827
0.750590425139624,0.806276650843776,0.671849752934945,0.724673527163747,0.0556862257041522,0.0528237742288016
0.729002456346887,0.801942972871613,0.65330684324831,0.718457958432636,0.0729405165247251,0.0651511151843253
0.743203739069674,0.809809278672713,0.663695517732785,0.730521401107027,0.0666055396030389,0.0668258833742419
0.68043672593138,0.761104927828538,0.617426300865719,0.689985734039765,0.0806682018971575,0.0725594331740456
0.733762139624752,0.801919640587206,0.663058676971577,0.719996876566257,0.0681575009624534,0.0569381995946801
0.750005840844603,0.805184299809707,0.672943006900662,0.725013628637407,0.0551784589651039,0.0520706217367455
0.728800688114218,0.78792782390203,0.651603958463778,0.711503867480188,0.0591271357878122,0.0598999090164104
0.73636536303203,0.797961883795217,0.667734718984719,0.720865708365708,0.0615965207631875,0.0531309893809895
0.727756455282069,0.79479646228744,0.645494204731979,0.718295198153265,0.0670400070053714,0.0728009934212854
0.697812839033163,0.751891255265704,0.625587657482431,0.67735478384956,0.0540784162325413,0.0517671263671284
0.737852374013639,0.818282794756492,0.661619567602787,0.730242451586697,0.080430420742853,0.06862288398391
0.747339185606179,0.817119586699503,0.665958103552664,0.73568237429679,0.0697804010933248,0.0697242707441261
0.720403221677903,0.78869396882154,0.660177991042362,0.713340992743579,0.0682907471436373,0.053163001701216
0.748761177680772,0.814259660738875,0.672731992825451,0.727882270985719,0.0654984830581028,0.0551502781602686
0.709172427113573,0.785389768262196,0.65357474187856,0.709680967875683,0.0762173411486223,0.0561062259971228
0.734682411897229,0.799232396607567,0.666877211540262,0.725376702925006,0.0645499847103389,0.0584994913847441
0.709795956076444,0.787594411009045,0.642785872663922,0.711749023334389,0.0777984549326013,0.0689631506704678
0.68238850897374,0.773829499396978,0.63904208827583,0.694859230035275,0.0914409904232386,0.0558171417594456
0.689833047091398,0.788543073172837,0.628289938035861,0.71288886508852,0.0987100260814399,0.0845989270526588
0.710257670283263,0.77406724758528,0.636839992314846,0.702131055089995,0.0638095773020176,0.0652910627751488
0.73088947888557,0.790085402792892,0.656408921235205,0.716733276252998,0.0591959239073214,0.0603243550177933
0.702968428890775,0.774342508215733,0.633468344945731,0.698104474270844,0.0713740793249575,0.064636129325113
0.724577028490981,0.783710500609891,0.663227230595397,0.707475616838651,0.0591334721189096,0.0442483862432541
0.727271555620387,0.792981724371521,0.653903564810828,0.711138781633881,0.0657101687511338,0.057235216823053
0.732134982680458,0.807968585384542,0.669829777639434,0.727394306899084,0.0758336027040834,0.0575645292596496
0.74292287446918,0.81498480294576,0.661605755427767,0.731841288624084,0.0720619284765808,0.0702355331963176
0.695812887754407,0.764347993156513,0.632722481953504,0.696065299799026,0.0685351054021056,0.0633428178455215
0.70212591348989,0.783462250684773,0.638944412831295,0.706143787855407,0.0813363371948833,0.0671993750241118
0.725702468463313,0.776119327706433,0.653593820496737,0.696185198023615,0.0504168592431195,0.0425913775268781
0.688612589716181,0.763874466429605,0.634046881476472,0.690578255779285,0.0752618767134246,0.0565313743028134
0.712923466516601,0.782359847088274,0.644993111210293,0.709070498515514,0.0694363805716726,0.0640773873052218
0.74716627068046,0.807969890670162,0.665706895179268,0.736943630883081,0.0608036199897026,0.0712367357038131
0.726698747642975,0.799362158980675,0.650761768777181,0.725105562034726,0.0726634113377004,0.0743437932575453
0.719360161310993,0.796882471450876,0.660462477210998,0.717308376017495,0.0775223101398828,0.056845898806497
0.734592906851509,0.803204309463975,0.658186566236779,0.723145245919748,0.0686114026124658,0.0649586796829693
0.731325196706073,0.785783894976631,0.663793808831808,0.707931984211147,0.0544586982705576,0.0441381753793384
0.692270130148502,0.765441486760756,0.637075074853809,0.699382581669357,0.0731713566122539,0.0623075068155481
0.726484683981157,0.804727844673401,0.667200370934831,0.722067237448674,0.0782431606922437,0.0548668665138424
0.698759098565932,0.770360463393881,0.629453259293197,0.697157268690599,0.0716013648279497,0.0677040093974019
0.728468714868679,0.784870116094877,0.664754547261352,0.704226537562262,0.0564014012261973,0.0394719903009102
0.682832663301789,0.767095454144001,0.634828446846163,0.695410311180313,0.0842627908422117,0.06058186433415
0.717895004333697,0.771459601721669,0.657924338504949,0.695667673996343,0.0535645973879724,0.0377433354913947
0.746940463890873,0.818548869557149,0.670790473990585,0.741334109094283,0.0716084056662765,0.0705436351036984
0.743874949009869,0.805109175049248,0.674697393283505,0.722429618159928,0.0612342260393793,0.0477322248764229
0.714613976992273,0.799607431121673,0.65079513075239,0.722243400038872,0.0849934541293992,0.0714482692864817
0.738860086657336,0.792995437680011,0.662564868004343,0.712917632895835,0.0541353510226752,0.0503527648914923
0.713824402131319,0.800585065744501,0.643144606037524,0.721434467553376,0.0867606636131821,0.0782898615158525
0.702468662296919,0.787533606080382,0.642200668711975,0.720142307109314,0.0850649437834625,0.0779416383973385
0.700986122570571,0.765276343601939,0.634988627938619,0.692010436523145,0.0642902210313682,0.0570218085845257
0.71443712088498,0.766722061045021,0.663895700595983,0.692401330712233,0.0522849401600408,0.0285056301162502
0.739432543035605,0.81470119455904,0.671110890203291,0.735612439319383,0.0752686515234355,0.0645015491160925
0.719929477024451,0.803332528079408,0.652867804227241,0.721262103317256,0.0834030510549576,0.068394299090015
0.722995915015328,0.782626071689003,0.658232447663346,0.707826781074556,0.0596301566736756,0.0495943334112099
0.732657712257712,0.785764892164892,0.66190171990172,0.710864864864865,0.05310717990718,0.048963144963145
0.714934003299053,0.778848712044463,0.652337663557155,0.701804254129293,0.0639147087454106,0.0494665905721383
0.734165747842942,0.786107084200813,0.673948976412091,0.706816629021238,0.051941336357871,0.0328676526091475
0.71242848449479,0.787411483714999,0.646843819780096,0.708527241983031,0.0749829992202088,0.0616834222029353
0.723490417554254,0.791251772986292,0.661190157662226,0.713000328937343,0.0677613554320377,0.0518101712751173
0.694233888681116,0.776446916944192,0.6353693611868,0.697907205570693,0.0822130282630763,0.0625378443838934
0.718634452613436,0.786222547271087,0.652396593830059,0.708313980095034,0.0675880946576508,0.0559173862649747
0.70657034343776,0.765797385344589,0.636564072210713,0.682734865673605,0.0592270419068288,0.0461707934628918
0.741780963293955,0.794332614201629,0.666231905078183,0.719891511195245,0.0525516509076741,0.0536596061170616
0.733449254935605,0.798662177896253,0.662258113661046,0.717255339032387,0.065212922960648,0.0549972253713407
0.739158767046411,0.80134852209659,0.677223429104352,0.718456085564373,0.0621897550501797,0.0412326564600218
0.742026594513123,0.787388081045621,0.653116933232246,0.715530233212724,0.0453614865324986,0.0624132999804785
0.709415528878884,0.783311039420883,0.651108765783919,0.706270120113442,0.0738955105419987,0.0551613543295234
0.736566008745168,0.807550824953202,0.667900760117354,0.727800234222623,0.0709848162080342,0.059899474105269
0.728530018215273,0.809282854527466,0.65684089837357,0.729594020551513,0.0807528363121931,0.0727531221779425
0.727523004138018,0.80572439894272,0.653704570716168,0.725556927128022,0.0782013948047019,0.0718523564118538
0.714031162067446,0.784667323196275,0.6424355039969,0.702384487430068,0.0706361611288294,0.0599489834331679
0.720661555720914,0.79293520598143,0.650454793009731,0.713514916785945,0.0722736502605156,0.0630601237762137
0.718949804340792,0.805837240856574,0.647168438534049,0.725998094356184,0.0868874365157824,0.0788296558221352
0.718541063197974,0.796310166760241,0.632604947656596,0.72061366244839,0.0777691035622664,0.088008714791794
0.730862598435357,0.815248423346971,0.658652981497031,0.742168545548747,0.0843858249116142,0.0835155640517156
0.724636886472063,0.805141202393467,0.664458505161586,0.725886094714428,0.0805043159214038,0.0614275895528422
0.718066640227493,0.795056839399387,0.661050561542967,0.711823714395165,0.0769901991718942,0.0507731528521983
0.726129128151361,0.810872954439653,0.645138880356477,0.73485923568705,0.0847438262882918,0.089720355330573
0.713439396743854,0.807118631705627,0.640354486610937,0.725668868302974,0.0936792349617735,0.0853143816920374
0.685951472787951,0.775691399225934,0.626977235784543,0.70740013755817,0.089739926437983,0.0804229017736272
0.742687682941912,0.792752408305735,0.680556647290284,0.720564892559561,0.0500647253638225,0.0400082452692768
0.688286673109214,0.748855788410394,0.62255065384783,0.675624397217321,0.0605691153011795,0.053073743369491
0.706273289898415,0.784567697949302,0.655255061473464,0.706411471684231,0.0782944080508876,0.0511564102107661
0.740609846192832,0.792757898748562,0.667807221499182,0.707743434898708,0.0521480525557292,0.039936213399526
0.726886905308541,0.790494361819878,0.647958324673462,0.706561080687441,0.0636074565113367,0.0586027560139784
0.730670662374065,0.785855786851621,0.663016477310409,0.709289693253516,0.0551851244775564,0.0462732159431062
0.714644138036699,0.80786427632381,0.646978140784649,0.729556460647317,0.0932201382871113,0.0825783198626684
0.738818398344203,0.786063613663112,0.669752930059626,0.711692081441818,0.047245215318909,0.0419391513821923
0.727135663006757,0.799380067567568,0.648312922297297,0.724655827702703,0.0722444045608107,0.0763429054054055
0.764574932624446,0.81399780647213,0.686278830825182,0.737543778820632,0.0494228738476844,0.0512649479954499
0.72331943216297,0.786058556126583,0.649748387843626,0.702356097594193,0.0627391239636138,0.0526077097505671
0.688290405325367,0.75918122164275,0.628325404235769,0.68434287295165,0.070890816317382,0.0560174687158814
0.699512672657204,0.782884559740029,0.639069733796296,0.701950104293854,0.0833718870828245,0.062880370497558
0.724220731598049,0.791492675502007,0.653392915282573,0.715498681262198,0.0672719439039581,0.0621057659796251
0.734802593525096,0.788927343050165,0.660198058560969,0.713550583997144,0.0541247495250693,0.0533525254361749
0.707492356081576,0.784690083158229,0.64744720176289,0.707786268583386,0.0771977270766526,0.0603390668204955
0.714211827229431,0.7802766096497,0.646799406044399,0.705859884672851,0.066064782420269,0.0590604786284521
0.70614228664016,0.780131063239867,0.646510628341849,0.708134674508452,0.073988776599707,0.061624046166603
0.749168558773018,0.802794022198605,0.676626805056367,0.726618098694144,0.0536254634255869,0.0499912936377769
0.710154690457926,0.784285707123124,0.641278328939084,0.70380183118778,0.0741310166651983,0.0625235022486952
0.722321259544393,0.785883832832782,0.655641827724872,0.706794609441798,0.0635625732883889,0.0511527817169263
0.709408587302951,0.778197821500511,0.641578771153907,0.705439566209392,0.0687892341975597,0.0638607950554853
0.735928834178075,0.772642896436423,0.683781349903192,0.692431583748852,0.0367140622583481,0.00865023384565999
0.683702893168121,0.746340771613745,0.638000762301773,0.677639886446195,0.0626378784456239,0.0396391241444223
0.708178363927123,0.770845456565718,0.640598861601245,0.692380496454041,0.0626670926385951,0.0517816348527962
0.740768537050978,0.799891745694879,0.673589803540704,0.7216003309293,0.0591232086439008,0.048010527388596
0.735888287449314,0.780915546242943,0.669329491880566,0.706556661428322,0.0450272587936287,0.0372271695477563
0.710788217152476,0.773389148621681,0.654765675419265,0.698378107499636,0.0626009314692052,0.0436124320803705
0.720272754479804,0.787160053565912,0.646809223542745,0.709729422423439,0.0668872990861086,0.0629201988806936
0.724601173258074,0.794244918569167,0.644195181147928,0.716366866852848,0.0696437453110936,0.0721716857049199
0.733771932251844,0.793220954713601,0.656263810806089,0.713335892244286,0.0594490224617568,0.0570720814381975
0.708712102377261,0.776909867407605,0.645041233276527,0.699757758581288,0.0681977650303441,0.0547165253047606
0.687023523992014,0.771825818574477,0.620293018010532,0.695469173553016,0.0848022945824635,0.0751761555424841
0.725252175632912,0.80879191370823,0.65077302791115,0.728398450761434,0.0835397380753188,0.0776254228502837
0.732216279693763,0.806509446047081,0.663998215936232,0.725870714671556,0.0742931663533182,0.0618724987353247
0.754181163192886,0.819459155401564,0.659022434458946,0.736119299379447,0.0652779922086781,0.0770968649205011
0.718749895937396,0.795972777222777,0.643411172161172,0.722919996669997,0.0772228812853814,0.0795088245088245
0.712087686359042,0.803798477279337,0.638821456941233,0.724650502546349,0.0917107909202952,0.0858290456051165
0.715575924197106,0.796099267980513,0.655632109414582,0.714396497553791,0.0805233437834066,0.0587643881392097
0.733189266204026,0.804608638869028,0.664785895066602,0.723961912241092,0.071419372665002,0.0591760171744893
0.713611642735757,0.789564461131171,0.648220222802967,0.71716685714383,0.0759528183954136,0.0689466343408625
0.710639989820712,0.78950601646299,0.642233659106767,0.712836421440307,0.0788660266422785,0.0706027623335392
0.717707944831736,0.78419342769438,0.654273552165104,0.705536788890134,0.0664854828626448,0.0512632367250301
0.721468575097632,0.78465615683621,0.657714393811241,0.711505153964105,0.0631875817385785,0.0537907601528637
0.724332924913832,0.791634429400387,0.660360160556129,0.717846871773244,0.0673015044865549,0.0574867112171144
0.716188875244096,0.775467953860873,0.653060936557876,0.703979187822787,0.0592790786167767,0.0509182512649118
0.738661710681361,0.802626325639426,0.675668018299023,0.720657101268455,0.0639646149580647,0.0449890829694324
0.736944066121828,0.800645308351271,0.664124909222949,0.728978235514183,0.0637012422294436,0.0648533262912348
0.723268156288683,0.803072215090502,0.645417289002842,0.722776774240182,0.0798040588018201,0.0773594852373403
0.696966750202447,0.764904189549753,0.630543050114955,0.696964036435398,0.0679374393473065,0.066420986320443
0.740279199877563,0.801914370011829,0.66452462704961,0.724187537978344,0.061635170134266,0.0596629109287338
0.685436383955639,0.777622880720592,0.638430703393733,0.705636199389157,0.0921864967649528,0.0672054959954243
0.716548698717362,0.788646053936916,0.652188328912467,0.708753315649867,0.0720973552195541,0.0565649867374005
0.727625012988976,0.793453044458509,0.662776074778715,0.719347000884825,0.0658280314695334,0.0565709261061098
0.721848767740255,0.783215211378208,0.658537379525918,0.70703896343974,0.0613664436379525,0.0485015839138216
0.709129332952013,0.778695502897763,0.645823055947454,0.698346900095355,0.0695661699457502,0.0525238441479003
0.692169360963437,0.765294001824326,0.643032399873021,0.687398888527238,0.0731246408608891,0.0443664886542179
0.711363806498142,0.774056363486977,0.651224312801833,0.696026346780599,0.062692556988835,0.0448020339787656
0.730905808477237,0.792791208791209,0.664500196232339,0.706805533751962,0.0618854003139717,0.0423053375196232
0.709219455723345,0.794966505467099,0.644122298766671,0.718448226044376,0.0857470497437536,0.0743259272777043
0.739762076423937,0.816642667831067,0.663355301237853,0.727369944250942,0.0768805914071307,0.0640146430130893
0.711970128538037,0.793025352993438,0.642914393133453,0.722177482393225,0.0810552244554006,0.0792630892597719
0.742290600075551,0.799004327275966,0.665848814580269,0.723812711974587,0.0567137272004152,0.0579638973943186
0.707120820232207,0.783355398388186,0.654053910722147,0.710305903445791,0.0762345781559791,0.0562519927236436
0.732856030943996,0.800577465712973,0.661478224730407,0.721231708117331,0.0677214347689773,0.0597534833869239
0.713845555747538,0.805360254733049,0.63659627773801,0.719714906326364,0.0915146989855108,0.0831186285883543
0.733690726290516,0.812905912364946,0.664522058823529,0.725521458583433,0.0792151860744298,0.0609993997599039
0.759591692025881,0.815645404319437,0.687802464029308,0.735106878009868,0.0560537122935563,0.0473044139805596
0.744960986348218,0.787866132681433,0.676900195508912,0.71357298118071,0.042905146333215,0.0366727856717984
0.706017522929506,0.781097880682984,0.635398065334843,0.702279082667801,0.0750803577534783,0.0668810173329584
0.673897789193983,0.76081138351241,0.606970811125003,0.693788933122765,0.0869135943184275,0.0868181219977627
0.741281158152517,0.798738460628266,0.669306274840419,0.720455792417734,0.0574573024757485,0.0511495175773148
0.744781235369529,0.797835582243658,0.673270824690956,0.719781262400423,0.0530543468741294,0.046510437709467
0.731234104205545,0.780615272359302,0.658377382741354,0.708054636408403,0.0493811681537569,0.0496772536670489
0.722823520621638,0.797088874775852,0.648573670053796,0.721577256425583,0.074265354154214,0.0730035863717872
0.734110332493334,0.797546555204925,0.664404281725101,0.714228567200348,0.0634362227115911,0.049824285475247
0.710500891788803,0.781172301002042,0.645864941672896,0.696891923249544,0.0706714092132397,0.0510269815766481
0.703730452225418,0.797589781289458,0.646368305333145,0.712976144664522,0.09385932906404,0.066607839331377
0.707009553994595,0.777683082868744,0.644517632620021,0.701521066443838,0.0706735288741497,0.0570034338238175
0.740429518064489,0.822701782351426,0.669023965138478,0.742575813596166,0.0822722642869371,0.0735518484576883
0.719965085742711,0.79729062102644,0.658804674957572,0.707836211067708,0.0773255352837289,0.049031536110136
0.703777289180662,0.773078503068515,0.643550539943197,0.694307366011665,0.0693012138878536,0.050756826068468
0.678007438225445,0.770257919917755,0.633274603084691,0.699522746276026,0.0922504816923103,0.0662481431913352
0.750132156950339,0.826880526613147,0.672161198631787,0.751459091566043,0.0767483696628082,0.0792978929342566
0.699775527095635,0.768848703414944,0.642069085924163,0.700700300036211,0.0690731763193094,0.0586312141120481
0.685602145213997,0.755723580355941,0.62847386032856,0.68072422529129,0.070121435141944,0.0522503649627298
0.724086621470218,0.781114327132298,0.654023765417454,0.703828205721634,0.0570277056620802,0.0498044403041802
0.774146347314007,0.840733393201962,0.694996259460043,0.759770380320712,0.0665870458879547,0.0647741208606689
0.725207664436427,0.798094204877751,0.653546005145532,0.72644925806162,0.0728865404413239,0.0729032529160881
0.729889838935795,0.80232226449092,0.650721957589567,0.719790158689241,0.0724324255551246,0.0690682010996745
0.700223396818697,0.788137216755916,0.640078213616819,0.707663087921074,0.0879138199372181,0.0675848743042549
0.708408488565974,0.788247377870681,0.637794552752345,0.711059700052393,0.0798388893047063,0.0732651473000477
0.734396091066162,0.81708878326483,0.657322480714329,0.742080726477556,0.0826926921986677,0.0847582457632267
0.701663871099016,0.769798821480932,0.626526832331856,0.697459670337274,0.0681349503819154,0.0709328380054181
0.698923715221866,0.788459000223415,0.649328436671652,0.713932403920506,0.0895352850015485,0.0646039672488535
0.738803105538992,0.802869146950945,0.668776543832179,0.727291394078491,0.064066041411953,0.0585148502463124
0.720661047269427,0.786312041892184,0.663825511383325,0.711904954556408,0.0656509946227575,0.0480794431730831
0.704092182452022,0.787141766396231,0.635291398201316,0.712147501549753,0.0830495839442097,0.0768561033484367
0.719738304062703,0.790187790233532,0.657881372431734,0.711616261131402,0.0704494861708291,0.0537348886996677
0.749021651964715,0.809659311379569,0.673696872493986,0.72745229410801,0.0606376594148538,0.0537554216140241
0.710460651174387,0.794444890976106,0.656925104611433,0.721825036866201,0.0839842398017181,0.064899932254768
0.726174248618937,0.797926653399401,0.650370088757585,0.724882389297267,0.0717524047804635,0.0745123005396818
0.715591624665733,0.772192094647656,0.654250895895314,0.699909549582704,0.0566004699819223,0.0456586536873909
0.707046405636706,0.782344033411388,0.6401133540828,0.712309139120563,0.0752976277746825,0.0721957850377638
0.744913544850555,0.803588714997825,0.660581181008651,0.721967668426093,0.0586751701472701,0.0613864874174412
0.7410210736884,0.81207617755691,0.678312363542709,0.735272673128816,0.0710551038685093,0.0569603095861064
0.732580778328201,0.792539089886945,0.658951803655828,0.714379470989049,0.0599583115587439,0.055427667333221
0.716380667620697,0.785094267778819,0.649170100560695,0.701152393197257,0.0687136001581222,0.0519822926365621
0.72240762364999,0.789716495338732,0.653441482984545,0.707399856641802,0.0673088716887411,0.0539583736572575
0.75792430008857,0.802982675514969,0.690791186769739,0.724377201588998,0.0450583754263988,0.0335860148192587
0.714353350470178,0.781611835328761,0.64679939516129,0.70692502832578,0.0672584848585831,0.0601256331644895
0.719795449939916,0.786191088262056,0.655129286304962,0.708944826710547,0.0663956383221395,0.0538155404055858
0.74722808202902,0.804844418756635,0.675753729454474,0.725671188476751,0.0576163367276141,0.0499174590222766
0.719934497201646,0.782714986380407,0.65753563827005,0.713805076869224,0.0627804891787608,0.0562694385991736
0.732909882588499,0.783030833609095,0.673239351074213,0.712050910431319,0.0501209510205962,0.038811559357106
0.749304644554701,0.815925810421938,0.672396595724975,0.734129470697751,0.0666211658672371,0.0617328749727756
0.748315829569571,0.797993642415338,0.673900006348515,0.710369166167855,0.0496778128457673,0.0364691598193393
0.754939464539844,0.815415502566001,0.685917238994137,0.733232694055817,0.0604760380261571,0.0473154550616805
0.721545626477541,0.806789913317573,0.661732387706856,0.722067612293144,0.0852442868400315,0.0603352245862885
0.731073082968024,0.809782835468382,0.65956549839812,0.733039847447669,0.0787097525003578,0.0734743490495498
0.708209635621348,0.760884956330336,0.643369135748533,0.695519995851678,0.0526753207089875,0.0521508601031446
0.73870810837103,0.806926009861117,0.6629963936545,0.728217444865003,0.0682179014900868,0.0652210512105031
0.710570168355606,0.786961188044195,0.640021296782268,0.71466349065364,0.0763910196885892,0.0746421938713715
0.736245518164113,0.808551946583524,0.660170473865796,0.726630153105856,0.0723064284194113,0.0664596792400604
0.700952688607964,0.789419152236888,0.639084723595889,0.707184473574552,0.0884664636289241,0.0680997499786629
0.742340304720251,0.799645590675172,0.670621598915875,0.720229616714442,0.057305285954921,0.0496080177985672
0.698572895391379,0.78278504097829,0.645964630046298,0.707800887399593,0.0842121455869107,0.0618362573532955
0.710886663168218,0.794192073433011,0.641863311023554,0.714510891072074,0.0833054102647924,0.0726475800485195
0.71238108113123,0.784216074270229,0.639679472396509,0.707228305672851,0.0718349931389987,0.0675488332763424
0.726776079480971,0.800405299865751,0.655168509119247,0.719265696011489,0.0736292203847797,0.0640971868922416
0.750646930709343,0.79315434080373,0.677486030424243,0.721821468319825,0.0425074100943873,0.0443354378955816
0.709730584891693,0.791025706792518,0.647838102993889,0.711113319782068,0.081295121900825,0.0632752167881792
0.732004282588099,0.786995670375107,0.652189674751769,0.702446697233117,0.0549913877870084,0.0502570224813477
0.710449817058597,0.763546784339347,0.637722335323683,0.690145494123693,0.0530969672807495,0.0524231588000095
0.725878256763737,0.791846589074708,0.662860382901789,0.71770396138697,0.0659683323109706,0.0548435784851812
0.704301028223948,0.79029660560481,0.63956101266,0.715613475065599,0.0859955773808622,0.0760524624055985
0.740004420967582,0.801260737996692,0.666034392078846,0.7173972696714,0.0612563170291098,0.0513628775925545
0.723019807057885,0.806187724137159,0.652069288337128,0.733842356631476,0.0831679170792748,0.0817730682943476
0.723739274935333,0.806664129486261,0.663453671461042,0.734585085664338,0.0829248545509281,0.0711314142032956
0.707694172161825,0.780967741935484,0.647683567991446,0.702276510425949,0.073273569773659,0.0545929424345035
0.734847120893556,0.783718545303441,0.663243767214271,0.704647047364382,0.0488714244098852,0.0414032801501119
0.728564241085181,0.811709960663299,0.662128952411588,0.727462496558379,0.0831457195781187,0.0653335441467915
0.748268918923945,0.797899829286163,0.670392353582201,0.714848268314545,0.0496309103622182,0.0444559147323438
0.728652044315997,0.791394296247213,0.657300095616532,0.712207187859506,0.0627422519312165,0.054907092242974
0.739946199882167,0.801559156873081,0.667387167043939,0.722972611553847,0.0616129569909144,0.0555854445099073
0.739928621564099,0.802744758411448,0.669367084786186,0.712584246554665,0.0628161368473487,0.0432171617684796
0.713512816914214,0.80031529229414,0.654515114522953,0.722970967864371,0.0868024753799262,0.0684558533414186
0.725491295838897,0.811551675951826,0.647297598116986,0.729025872954453,0.0860603801129293,0.0817282748374675
0.719938047822192,0.780701594100148,0.64869111457072,0.706557745829181,0.0607635462779561,0.0578666312584613
0.704023373553885,0.780517154813067,0.63118564523472,0.700370347648922,0.076493781259182,0.0691847024142017
0.698378751324418,0.770171064688869,0.642516680507431,0.700835278199364,0.0717923133644512,0.0583185976919333
0.702410043901834,0.764413918277435,0.639769166330551,0.690484316341411,0.0620038743756012,0.0507151500108591
0.751802262856961,0.803012576182,0.689331925006601,0.730393451280697,0.0512103133250389,0.0410615262740957
0.743484157971711,0.817325324506991,0.663495341308539,0.734724703230162,0.0738411665352802,0.0712293619216228
0.726972627630657,0.780271135509355,0.656081768034998,0.70640967104844,0.0532985078786978,0.0503279030134427
0.71779970663105,0.785143169099871,0.654267711141491,0.711428397077597,0.0673434624688202,0.0571606859361052
0.741581697240316,0.80908685413778,0.667241220575525,0.729186491984288,0.0675051568974645,0.0619452714087636
0.707544529262087,0.793350902702048,0.644884688396139,0.712932872894705,0.0858063734399612,0.0680481844985661
0.697489993214143,0.769571621935773,0.63964725853537,0.695011652555415,0.0720816287216299,0.0553643940200448
0.69815173416632,0.757501173216582,0.648844218582406,0.687802718541487,0.0593494390502619,0.0389584999590809
0.726561579448969,0.787129396984925,0.650257754288685,0.710600415872466,0.0605678175359557,0.0603426615837809
0.703346465961103,0.783635165175164,0.636735541498095,0.701831505527138,0.0802886992140602,0.0650959640290432
0.696163430491919,0.762600048182742,0.64097666269619,0.690622228653218,0.0664366176908234,0.0496455659570279
0.693993909085146,0.773561951140462,0.635788989771291,0.694891391794047,0.0795680420553159,0.0591024020227561
0.70765658395587,0.799939544446028,0.638760661143567,0.720560282533027,0.0922829604901582,0.08179962138946
0.716657921105574,0.768520686720387,0.646951196268284,0.701738797772546,0.0518627656148135,0.0547876015042624
0.723045679185258,0.787684027291462,0.648159527001341,0.714414354028692,0.0646383481062045,0.0662548270273515
0.741930351626796,0.791505678918746,0.668133863520744,0.716413637601326,0.04957532729195,0.0482797740805819
0.745484910425236,0.797521046183776,0.667576216684188,0.726750380644698,0.0520361357585401,0.0591741639605099
0.748786089238845,0.81542999507874,0.660613517060367,0.729729535761155,0.066643905839895,0.0691160187007874
0.709816080010963,0.781163844961474,0.652424959865031,0.707773188080574,0.0713477649505117,0.0553482282155433
0.710809932866527,0.776069384912235,0.639125782102033,0.702519309896773,0.0652594520457077,0.0633935277947405
0.729297369857385,0.810981786982415,0.663543384899623,0.732609216677106,0.0816844171250301,0.0690658317774828
0.731050903715478,0.800654050821343,0.653580796021518,0.720052257595675,0.0696031471058645,0.066471461574157
0.727077029666466,0.786851884015577,0.665660365285116,0.710177203502934,0.0597748543491111,0.0445168382178182
0.742720464531646,0.801797598122177,0.674923313589845,0.732125388037841,0.0590771335905319,0.057202074447996
0.696193787039975,0.800813379267996,0.634892328670901,0.721283043762853,0.10461959222802,0.0863907150919516
0.723400299185239,0.790227724792882,0.650905013297344,0.711032946862344,0.0668274256076424,0.0601279335649996
0.71514874420873,0.791786486054705,0.642139007306881,0.715450815192258,0.0766377418459754,0.0733118078853771
0.716323206088798,0.766807757656759,0.650912507542517,0.689857356061266,0.050484551567961,0.038944848518749
0.70908978479043,0.785161448709832,0.635330622370794,0.709339622815648,0.0760716639194021,0.0740090004448538
0.739371444674909,0.790464296381121,0.682766247655017,0.712264176912564,0.051092851706212,0.0294979292575469
0.737165309473543,0.795108757264566,0.674537459884908,0.720904392571409,0.0579434477910229,0.0463669326865008
0.712327083557089,0.805049437649886,0.644331303255309,0.729930483823649,0.0927223540927973,0.0855991805683402
0.737593328539822,0.817567959270729,0.67114929191878,0.734452021191819,0.0799746307309066,0.0633027292730389
0.711690472810203,0.769172321485976,0.656088567564556,0.699567185022747,0.0574818486757721,0.0434786174581905
0.711883450478308,0.797270689503828,0.640382483545859,0.715282871857243,0.0853872390255204,0.0749003883113839
0.698795547040702,0.788474542743794,0.638669973295432,0.718673325103393,0.0896789957030921,0.0800033518079616
0.689903975029018,0.765197491845493,0.625950060633583,0.68859196334641,0.0752935168164743,0.0626419027128265
0.745548365703206,0.792697424260181,0.671055931694775,0.72164384528515,0.0471490585569749,0.0505879135903746
0.744510162894285,0.799335855210645,0.671894514682084,0.717999051557105,0.0548256923163605,0.0461045368750215
0.70745124460269,0.798763968290839,0.638307314147434,0.721282110841847,0.0913127236881488,0.0829747966944136
0.732534127065959,0.800857634211971,0.653116402540715,0.727133315548544,0.0683235071460122,0.0740169130078281
0.716815499483455,0.78415047897818,0.654180689039852,0.705848112262468,0.067334979494725,0.0516674232226153
0.715370690119101,0.78080644544281,0.652239935317341,0.705814663693616,0.0654357553237084,0.0535747283762746
0.734113370724811,0.800293500729636,0.65478216656979,0.721331441387022,0.0661801300048248,0.0665492748172321
0.711631139555784,0.779995436521525,0.640557932415792,0.706453286193696,0.0683642969657411,0.0658953537779033
0.732701487560136,0.801903615910794,0.661273832260463,0.72468535969386,0.0692021283506582,0.0634115274333965
0.747543430569624,0.831738355313723,0.665340611209235,0.749777470821478,0.0841949247440994,0.0844368596122426
0.712507021173002,0.815219387005696,0.639836945582339,0.732749674951991,0.102712365832694,0.0929127293696517
0.732608294151356,0.810235644206936,0.670218159033948,0.729547353231564,0.0776273500555798,0.0593291941976153
0.731265264331312,0.773950028380003,0.66814198104617,0.697247808367519,0.0426847640486917,0.0291058273213486
0.740265602867778,0.788190831377627,0.668565484553217,0.717321903460215,0.0479252285098487,0.0487564189069981
0.712874963604281,0.778135030747805,0.652759321689042,0.705123727903852,0.0652600671435237,0.0523644062148103
0.714550861886285,0.759907803794951,0.648725986657021,0.68855052992984,0.045356941908666,0.039824543272819
0.722433576692353,0.790087832503368,0.658813312550127,0.712749841491823,0.0676542558110148,0.0539365289416958
0.720933467933625,0.784133318206114,0.65352392963606,0.704139658055604,0.0631998502724897,0.0506157284195438
0.691608140981134,0.791833013231967,0.629507435176351,0.715539880717493,0.100224872250833,0.0860324455411421
0.715629317765866,0.799736503251662,0.656102382140816,0.7184534531276,0.0841071854857961,0.0623510709867836
0.728208910180472,0.787030972900513,0.66202261547378,0.706467595532314,0.0588220627200404,0.0444449800585334
0.74179209565091,0.826959354092258,0.668798313127756,0.744489578617301,0.085167258441348,0.0756912654895452
0.708385197103441,0.785927120097664,0.6412627451146,0.708159618296729,0.0775419229942226,0.0668968731821287
0.741689914729108,0.801972749326151,0.66693250710465,0.720752031173826,0.0602828345970426,0.0538195240691761
0.748251753766803,0.813369440490227,0.669680832186501,0.729641912167731,0.0651176867234234,0.05996107998123
0.700949660684942,0.781769077980355,0.634436576294017,0.704314113104334,0.0808194172954133,0.0698775368103168
0.726997056460888,0.785252024112683,0.669249456146685,0.700403832058581,0.0582549676517948,0.0311543759118966
0.727895621608933,0.79524542807876,0.657795136438187,0.712774395213336,0.0673498064698271,0.0549792587751487
0.715878561285216,0.782317218653737,0.658590188462263,0.699422934530065,0.0664386573685203,0.0408327460678017
0.714797458835714,0.785871590773404,0.660267106673625,0.711260610544873,0.0710741319376899,0.0509935038712474
0.744339995098974,0.808088130742445,0.673658759979791,0.721797542225974,0.0637481356434715,0.0481387822461827
0.702924616633768,0.760536419569933,0.641489811546026,0.689971981529485,0.0576118029361651,0.048482169983459
0.751882902898724,0.80819422491948,0.677713825599427,0.726343492783013,0.0563113220207563,0.0486296671835859
0.717838165684374,0.80757653345763,0.654555498895122,0.725475475475476,0.0897383677732556,0.070919976580354
0.750049230961715,0.787852221649024,0.677740842930985,0.708168110407756,0.0378029906873083,0.0304272674767712
0.706447017296673,0.781122485675242,0.637641149816595,0.704730720359691,0.0746754683785683,0.067089570543096
0.724625707069981,0.796536614370686,0.654039561707273,0.719477703903348,0.0719109073007049,0.0654381421960754
0.73181140274007,0.806290506828865,0.665739274083823,0.728388978725453,0.0744791040887946,0.0626497046416292
0.754901473379734,0.805396982570896,0.67789673604891,0.72529089594307,0.0504955091911614,0.04739415989416
0.721786130761615,0.796514233310117,0.66175067535173,0.720906149903623,0.0747281025485022,0.059155474551893
0.721582538676408,0.786772539435026,0.643961878197811,0.712525108597778,0.0651900007586178,0.0685632303999662
0.737584132507218,0.814545264924365,0.665866876514006,0.731767600392516,0.0769611324171474,0.0659007238785098
0.743433666785757,0.825094155650828,0.669052563415506,0.743513308324402,0.0816604888650708,0.074460744908896
0.713051636992474,0.77003333614012,0.643711597257265,0.701489393881569,0.0569816991476456,0.0577777966243044
0.729967709894793,0.788503636735952,0.670339596297168,0.70880151313867,0.058535926841159,0.0384619168415015
0.720435499574795,0.809414727516968,0.65440411771397,0.733410926404394,0.0889792279421722,0.079006808690424
0.754541488191116,0.818143268876334,0.680188459206046,0.73868837734282,0.0636017806852181,0.0584999181367747
0.730635348606462,0.7896724162764,0.662465483428409,0.711476650939622,0.0590370676699387,0.0490111675112133
0.735151053446018,0.801030036106813,0.666116335356902,0.724655160099988,0.0658789826607944,0.0585388247430861
0.707881461625807,0.779485862139573,0.640604232981516,0.698883118333613,0.0716044005137655,0.058278885352097
0.747808836562389,0.820375454554056,0.671655854088542,0.735425885217413,0.0725666179916674,0.063770031128871
0.705555678553835,0.793814539503665,0.638880894000697,0.715306828434004,0.0882588609498297,0.0764259344333069
0.719447133960112,0.794304372424198,0.652444558924541,0.717695147679325,0.074857238464086,0.0652505887547836
0.728065754339119,0.783578326657766,0.662289719626168,0.711620493991989,0.0555125723186472,0.0493307743658211
0.721028226183977,0.777968351412822,0.651602577029279,0.699683308870449,0.0569401252288444,0.0480807318411693
0.731036543427626,0.79629182279008,0.667815087991718,0.717650103519669,0.0652552793624539,0.0498350155279503
0.703962435555751,0.787000320587349,0.639357979116417,0.708494945589585,0.0830378850315978,0.0691369664731677
0.718054448592642,0.792585587738032,0.650036294198217,0.716446652088193,0.0745311391453901,0.0664103578899757
0.700289335462196,0.777754898419982,0.643410160340272,0.704997999319249,0.0774655629577857,0.0615878389789772
0.748580778674824,0.802503072324072,0.682242026988353,0.717447894746546,0.0539222936492476,0.0352058677581936
0.702406152399358,0.765022302555519,0.648659474056563,0.686379479923386,0.0626161501561611,0.0377200058668231
0.710247418685559,0.800575866082139,0.639397099242189,0.72462044034625,0.0903284473965803,0.0852233411040608
0.745938767879285,0.806027062487326,0.677672400734322,0.721056044556776,0.0600882946080411,0.0433836438224542
0.702857905236369,0.810792116807145,0.622990322841515,0.734154291180843,0.107934211570776,0.111163968339328
0.712044004694686,0.767266543178334,0.65611007760603,0.696281776954522,0.0552225384836484,0.0401716993484926
0.7127644356994,0.78649802811449,0.65358359375562,0.713364976357645,0.0737335924150906,0.0597813826020257
0.706986900628571,0.786286729485382,0.642149821207467,0.705927144090298,0.0792998288568116,0.0637773228828306
0.71732130042767,0.772398573181247,0.660839019195935,0.695693320775245,0.0550772727535779,0.0348543015793098
0.719304984658763,0.790156958478115,0.655031363586239,0.712413320388601,0.0708519738193518,0.0573819568023628
0.704925840062601,0.77831779676151,0.638399846744788,0.705284707272804,0.0733919566989087,0.0668848605280162
0.712166786496787,0.792458736356212,0.646557296691726,0.709923303786755,0.0802919498594249,0.063366007095029
0.726643889110136,0.800551213692528,0.6636569818388,0.721866998644676,0.073907324582392,0.0582100168058763
0.713725755848334,0.792437682241207,0.644276752710931,0.716642382040624,0.0787119263928724,0.072365629329693
0.688535923809639,0.768410395352397,0.621865878576971,0.698687041613528,0.0798744715427585,0.0768211630365573
0.705968827100437,0.795637888445091,0.625444685240832,0.718097222490416,0.0896690613446539,0.0926525372495838
