auc_a,auc_b,eb_a,eb_b,d_auc,d_eb
0.71665095898602,0.814855689820216,0.666525355933708,0.721850843601719,0.0982047308341966,0.0553254876680108
0.698080102880733,0.796158672877268,0.657246488182471,0.712809506463729,0.0980785699965349,0.0555630182812577
0.738836910094555,0.833566370718648,0.676605758451547,0.735922208399752,0.0947294606240924,0.0593164499482051
0.722840113559377,0.803021708193983,0.67012130206149,0.714805733888226,0.0801815946346062,0.044684431826736
0.730959404125818,0.814283975739834,0.676690901444318,0.724020329396493,0.0833245716140163,0.0473294279521752
0.696785501161663,0.79461577704908,0.655911279034135,0.688915948603331,0.0978302758874177,0.033004669569196
0.736620820203081,0.834642711251167,0.673538165266106,0.73249299719888,0.0980218910480859,0.0589548319327732
0.785957230490135,0.849015417998732,0.71769506762634,0.761574617549441,0.0630581875085974,0.0438795499231013
0.725958562236238,0.818482501972132,0.679512939425776,0.71986529366194,0.0925239397358935,0.040352354236163
0.723502487964575,0.81279697951726,0.674851797455604,0.721162863797036,0.0892944915526848,0.0463110663414328
0.746523293220541,0.835699590928949,0.687116446244887,0.734408832757457,0.0891762977084079,0.04729238651257
0.75994864028973,0.822802990240854,0.695023877057193,0.727246286236239,0.0628543499511242,0.0322224091790458
0.724578226300014,0.814046964247937,0.671201947310825,0.710197786814387,0.0894687379479238,0.0389958395035611
0.782783167330758,0.847745060436012,0.71087355546815,0.758127692910302,0.0649618931052539,0.0472541374421516
0.767502816686035,0.828627966482003,0.705212877030952,0.732136447849222,0.061125149795969,0.0269235708182705
0.756548777469069,0.830658446751939,0.690251441472585,0.732554820770862,0.07410966928287,0.042303379298277
0.735750345313915,0.833286549787677,0.677776760330748,0.739253976458748,0.0975362044737622,0.0614772161279997
0.69161777359172,0.795452855509013,0.657342016649022,0.698261935280558,0.103835081917293,0.0409199186315369
0.721937840385421,0.809194532251717,0.676016554315675,0.711199235759353,0.0872566918662959,0.0351826814436785
0.800405378612158,0.85260510103411,0.726332888221088,0.761177294020128,0.052199722421952,0.0348444057990402
0.746734267833943,0.839407178143034,0.680862785902046,0.742875109526543,0.0926729103090914,0.0620123236244976
0.795428782443554,0.839599493564043,0.724787929943026,0.741154251951889,0.0441707111204895,0.0163663220088626
0.736585629092263,0.81749700553183,0.678054886591131,0.721628736736516,0.0809113764395668,0.0435738501453851
0.711650890619004,0.811096248534163,0.661310386191909,0.714741250703781,0.099445357915159,0.053430864511872
0.779991371897369,0.849266756530631,0.70988900638344,0.757881011589353,0.0692753846332621,0.0479920052059124
0.751804943479376,0.829991963355922,0.685092779848775,0.734442207851009,0.0781870198765451,0.0493494280022336
0.793941995446232,0.842306534843791,0.716301649807771,0.754567765294315,0.0483645393975589,0.038266115486544
0.81197028918349,0.847232295961997,0.73946062958635,0.753318457777599,0.0352620067785076,0.0138578281912488
0.700963432745348,0.810518957992362,0.655479405346427,0.713401300236407,0.109555525247015,0.05792189488998
0.781896148289825,0.859361202107962,0.71160421795837,0.770772631086333,0.0774650538181374,0.059168413127963
0.778945883508987,0.842153932138898,0.710519173531821,0.741498857252891,0.0632080486299104,0.03097968372107
0.765892743176784,0.826836355445433,0.69662781093967,0.739163194053384,0.0609436122686489,0.042535383113714
0.790005705540773,0.85804507910439,0.719037043356778,0.755169646523086,0.0680393735636168,0.0361326031663085
0.710817577147778,0.799911661433163,0.667945348863105,0.701972770935869,0.0890940842853856,0.0340274220727643
0.723367857970492,0.815973026867277,0.672590999991417,0.723405944503094,0.0926051688967852,0.0508149445116771
0.772100692843366,0.843761466449781,0.700764904177271,0.748528860624874,0.0716607736064155,0.0477639564476031
0.754704653153955,0.81937514305333,0.697106296041979,0.733244322372269,0.0646704898993752,0.0361380263302901
0.7277204122298,0.813537661636851,0.671472930328205,0.717760820303029,0.0858172494070505,0.0462878899748237
0.672581352523007,0.805373522046082,0.636673999032556,0.708721382342316,0.132792169523075,0.0720473833097596
0.749331149892984,0.827332302373168,0.684997569599611,0.733647717383635,0.0780011524801844,0.0486501477840237
0.77974564917443,0.835227965727005,0.709859203244348,0.746610624933299,0.0554823165525757,0.0367514216889513
0.741012907359053,0.816687407379814,0.687887578738072,0.715331480832593,0.0756745000207602,0.0274439020945212
0.724877100023129,0.806513593641582,0.674695641203558,0.707704114888875,0.0816364936184528,0.0330084736853172
0.827618317387294,0.860869975886478,0.736240290695736,0.771147114711471,0.0332516584991832,0.034906824015735
0.733112303160882,0.827507770086737,0.66984153088263,0.732687766317182,0.0943954669258543,0.062846235434552
0.753842228943593,0.828410663048518,0.690240858360345,0.731297235364614,0.0745684341049252,0.0410563770042687
0.745378484540619,0.82825499964686,0.676113069981474,0.733504017646132,0.0828765151062407,0.0573909476646584
0.774882417777375,0.850191189071459,0.703764046640319,0.747771977306442,0.075308771294084,0.0440079306661231
0.665383971892254,0.793629605920926,0.636103452930275,0.695198744947419,0.128245634028672,0.0590952920171447
0.700166102981179,0.798188881420532,0.660334750442949,0.701053557312868,0.0980227784393526,0.0407188068699197
0.767654663246013,0.831967517764021,0.698554386112043,0.75737483227105,0.0643128545180081,0.0588204461590072
0.786810768923459,0.847941805012261,0.715595536001976,0.754113729965862,0.0611310360888021,0.0385181939638861
0.755460220201934,0.822621963181158,0.693880154852473,0.730725817328029,0.0671617429792243,0.0368456624755552
0.732133564168756,0.810875962926681,0.681362504030378,0.722330862737125,0.0787423987579247,0.0409683587067465
0.788836529740631,0.844012077969214,0.715130577751524,0.744729770729434,0.0551755482285833,0.0295991929779099
0.739732583157696,0.814446791909857,0.686491772049287,0.721690242650238,0.0747142087521617,0.0351984706009512
0.669516660179652,0.789409567201655,0.627767474872359,0.688102433775214,0.119892907022002,0.060334958902855
0.705784281368275,0.805747571658423,0.664475543922538,0.710897856091826,0.0999632902901481,0.0464223121692879
0.757596949221182,0.826493412560923,0.696697614422955,0.732107547202828,0.0688964633397412,0.0354099327798734
0.760585184374658,0.842153846153846,0.693501477185688,0.753309990152095,0.0815686617791881,0.0598085129664077
0.815152283594021,0.858092222356295,0.726200150077678,0.761043247258631,0.042939938762274,0.034843097180953
0.685029929461593,0.792386272806184,0.654160010960959,0.703044936206639,0.107356343344591,0.0488849252456798
0.776388492676897,0.83359361696952,0.705525885727302,0.735862308408466,0.0572051242926234,0.0303364226811647
0.677264152349433,0.795208865793233,0.640418341294921,0.70322599001975,0.1179447134438,0.0628076487248287
0.768175139268578,0.834690630593967,0.704872630812196,0.736964490567484,0.0665154913253886,0.0320918597552884
0.790044494119172,0.843146933750738,0.721776414280404,0.740926831514011,0.0531024396315659,0.0191504172336064
0.779907804676055,0.841450662713699,0.712929833077574,0.751527381959016,0.0615428580376437,0.0385975488814423
0.692376436985524,0.804126947519475,0.649344486233324,0.715062180669884,0.111750510533952,0.0657176944365597
0.742150018181889,0.81506623681813,0.692878808910299,0.713448293052954,0.072916218636241,0.0205694841426555
0.756795731015586,0.814936500456685,0.696595153323909,0.716168058537096,0.0581407694410992,0.0195729052131874
0.772669134915408,0.838469003852065,0.710381613875417,0.738202427998323,0.0657998689366572,0.0278208141229068
0.755766802096161,0.838935717431754,0.691162326630772,0.737105733881044,0.0831689153355925,0.045943407250272
0.703694406566106,0.809821547142066,0.662172010481413,0.716915408584005,0.10612714057596,0.0547433981025921
0.737879146812597,0.825461927319555,0.683073717378599,0.730261782722636,0.0875827805069581,0.0471880653440366
0.756377532324766,0.827471706014762,0.696052766581165,0.727911636915668,0.0710941736899963,0.0318588703345024
0.760097941324501,0.817794635754063,0.701692156576234,0.722870699592486,0.0576966944295618,0.0211785430162517
0.727478987064815,0.8243531765292,0.678166321266143,0.725030623801049,0.0968741894643852,0.046864302534906
0.738403877466654,0.827729665657085,0.689801964605603,0.714128230870687,0.0893257881904312,0.0243262662650839
0.71139098606938,0.815428789948102,0.655990166621142,0.727801147227534,0.104037803878722,0.0718109806063917
0.758921561093608,0.820856289445812,0.689348252439835,0.725584524712415,0.0619347283522049,0.03623627227258
0.791415265752451,0.837572390597544,0.723055175808405,0.749052292220205,0.0461571248450922,0.0259971164118002
0.765122002929612,0.823766864543983,0.700671305219335,0.729337367974713,0.0586448616143706,0.0286660627553774
0.755134136301811,0.832771754339154,0.702293511932266,0.733367594804079,0.0776376180373425,0.0310740828718136
0.723802780977023,0.814437186977931,0.671558225391667,0.723665388721476,0.090634406000908,0.0521071633298098
0.799149003272332,0.845010329222811,0.725072812554239,0.751658919749559,0.045861325950479,0.0265861071953197
0.68644700816832,0.812747331189954,0.647712103654727,0.724114720016359,0.126300323021635,0.0764026163616327
0.732979960636965,0.830359756990192,0.68036341677646,0.738508271116967,0.0973797963532263,0.0581448543405065
0.762454723170483,0.844863763114129,0.701000154222572,0.746915131735254,0.0824090399436462,0.0459149775126817
0.715418288961381,0.80124886877828,0.675712511838367,0.697428180574556,0.0858305798168999,0.0217156687361886
0.742774906015038,0.823819593626925,0.682758980785297,0.725741436925647,0.0810446876118869,0.0429824561403509
0.728333550573514,0.822895811609315,0.676390337156761,0.729883559263121,0.0945622610358011,0.0534932221063608
0.776075579324567,0.842147073913871,0.704549430256076,0.735190805828998,0.0660714945893037,0.0306413755729225
0.775853300226927,0.84794150802727,0.712527509368276,0.738672421134373,0.0720882078003436,0.0261449117660973
0.746694481149774,0.834466213876971,0.690575430811813,0.741300836881515,0.0877717327271969,0.0507254060697021
0.778345334804871,0.846685875052016,0.702443641330897,0.755122713538746,0.0683405402471459,0.0526790722078486
0.746176327795694,0.840988045900143,0.683261768422271,0.736935451719005,0.0948117181044489,0.0536736832967336
0.789043012012049,0.850422661390077,0.717443052696033,0.762903809089377,0.0613796493780282,0.0454607563933442
0.770103057023188,0.841354709619461,0.700029242885878,0.740651826560707,0.0712516525962721,0.0406225836748297
0.770988240257343,0.853168570016366,0.702494912036553,0.752383320954186,0.0821803297590222,0.0498884089176335
0.742980796687607,0.826668094422235,0.684962957674979,0.725514388603338,0.0836872977346278,0.0405514309283583
0.73756005247199,0.821502763381433,0.681965979226253,0.723776908023483,0.0839427109094428,0.0418109287972302
0.767884366645163,0.83408642927982,0.69773158789306,0.744089285771599,0.0662020626346576,0.0463576978785391
0.766115767917106,0.833375922413493,0.703172706518049,0.740126231634209,0.0672601544963872,0.0369535251161601
0.780734706789513,0.823395986836613,0.709293895896767,0.734766927649703,0.0426612800471,0.025473031752936
0.804025223309139,0.856457760780018,0.720356525879944,0.76419579881998,0.0524325374708785,0.043839272940036
0.822700171195813,0.861418848156092,0.741550950978527,0.75328234627906,0.0387186769602795,0.0117313953005328
0.747333010444744,0.825446428571429,0.696722119272237,0.724925876010782,0.0781134181266846,0.0282037567385445
0.767150519970024,0.838257389776322,0.698994720518932,0.746065205344372,0.0711068698062988,0.04707048482544
0.789462276193206,0.845998137799292,0.717402140996722,0.751791656059007,0.0565358616060858,0.0343895150622842
0.719581364320747,0.816648156706072,0.668725868725869,0.722490347490347,0.0970667923853251,0.0537644787644788
0.766993751142489,0.833105634265249,0.710467235648126,0.735791524909355,0.0661118831227605,0.0253242892612292
0.718094865390187,0.812679847767567,0.669294764689502,0.716962861699704,0.09458498237738,0.0476680970102023
0.707927246420118,0.804270957020448,0.659471779023714,0.706386776651543,0.0963437106003298,0.0469149976278286
0.769244810927345,0.847394841613294,0.694936031598659,0.75039367187541,0.0781500306859491,0.0554576402767506
0.772082384583932,0.830087516270974,0.70538395747602,0.730213370145435,0.0580051316870421,0.0248294126694151
0.684109491748804,0.793612195845918,0.64367164381489,0.700649504200632,0.109502704097114,0.056977860385742
0.758050780450596,0.821797268888021,0.694701028818069,0.72225726033004,0.0637464884374245,0.0275562315119718
0.767475234679624,0.827321204516938,0.701667860354516,0.728261922364675,0.0598459698373148,0.0265940620101586
0.773492340368494,0.853698744250441,0.696450499142233,0.760228659949065,0.0802064038819474,0.0637781608068319
0.731858512669212,0.825506768483166,0.675151856994099,0.730839986115932,0.0936482558139535,0.0556881291218327
0.746543855468089,0.820157789598065,0.684778490239113,0.728048558835872,0.0736139341299757,0.0432700685967589
0.754676782072673,0.835471539144023,0.694742670427459,0.732038574606706,0.0807947570713492,0.0372959041792469
0.703247215313553,0.804696446952885,0.660050032039331,0.706883367585047,0.101449231639332,0.0468333355457165
0.721460784211929,0.816381531205691,0.667746524208537,0.722865983449107,0.094920746993762,0.0551194592405694
0.782554472585625,0.840931273953081,0.712136702790908,0.750933844391788,0.0583768013674555,0.0387971416008799
0.724685327941362,0.817651965120687,0.672536753864948,0.723434011542188,0.0929666371793252,0.05089725767724
0.785865224129709,0.838607733269751,0.711085032188841,0.73476022293753,0.0527425091400413,0.0236751907486887
0.752686609234889,0.823337385268573,0.686314808942445,0.731834998150204,0.0706507760336839,0.0455201892077586
0.749534614991501,0.822494539356382,0.681138634100915,0.735994916017762,0.0729599243648809,0.0548562819168468
0.755267987732956,0.831625855154518,0.688059447983015,0.744751592356688,0.0763578674215617,0.056692144373673
0.700012544665871,0.81346238658348,0.655985275698434,0.719003012679913,0.113449841917609,0.0630177369814789
0.741384938744329,0.823225289130959,0.687085669638139,0.72998939046694,0.0818403503866303,0.0429037208288012
0.716801170621661,0.812205760420062,0.668962438813834,0.719894442025654,0.0954045897984007,0.0509320032118207
0.782563065783239,0.832436307727672,0.713836035087157,0.7471772662654,0.0498732419444338,0.0333412311782424
0.781426610746724,0.839365333227467,0.709166910063983,0.743349109260346,0.0579387224807433,0.0341821991963636
0.723855819380959,0.820180386948701,0.665935577317749,0.722930675451773,0.0963245675677418,0.0569950981340244
0.733046240147677,0.816119924472897,0.676421796805943,0.723905217934918,0.0830736843252206,0.0474834211289749
0.844061260299054,0.881361763808361,0.746728333841929,0.789410283796155,0.0373005035093073,0.0426819499542264
0.749116369649758,0.817245758776234,0.688850558698698,0.713491251024719,0.0681293891264755,0.0246406923260201
0.78588715392837,0.845479759574313,0.708080655232783,0.748312260330911,0.0595926056459429,0.0402316050981278
0.738337888416916,0.832884489038791,0.682826237281438,0.736038394415358,0.0945466006218747,0.0532121571339196
0.769529401173706,0.814793450152673,0.710974908170232,0.714275061596553,0.0452640489789673,0.00330015342632162
0.77404563306045,0.841897586576844,0.706793330304875,0.734411496541437,0.067851953516394,0.0276181662365613
0.752140786749482,0.832305299087908,0.69186570421353,0.735543394326003,0.0801645123384254,0.0436776901124727
0.781516428776703,0.836369813773475,0.714476983776689,0.734802228881092,0.0548533849967725,0.0203252451044027
0.756203718940267,0.829735066644726,0.693050024683232,0.73962666611815,0.0735313477044595,0.0465766414349186
0.770877097606204,0.848399679091322,0.702181044219949,0.752894379875648,0.0775225814851175,0.0507133356556987
0.689219396133049,0.7915763629403,0.648022704334263,0.700372235914992,0.10235696680725,0.0523495315807292
0.731565061268032,0.810869182156311,0.679262211935479,0.719177870167969,0.0793041208882793,0.03991565823249
0.792838468061051,0.856762704713217,0.720701380866944,0.749997439804688,0.0639242366521657,0.0292960589377442
0.709853832830935,0.805444995006312,0.667025522916996,0.707257190664965,0.0955911621753771,0.0402316677479697
0.76782111169463,0.841866935132365,0.694767682909975,0.75117471461345,0.0740458234377358,0.0564070317034744
0.744948601507172,0.823554109490882,0.688412125446359,0.737926653768526,0.0786055079837101,0.0495145283221669
0.779006895469483,0.838987441383894,0.705604068973157,0.744002233873648,0.0599805459144113,0.038398164900491
0.776143190518896,0.82693464865334,0.70903703917995,0.728788777350267,0.0507914581344442,0.0197517381703165
0.732020743104627,0.814513774749159,0.674091414426195,0.722793420752702,0.0824930316445319,0.048702006326507
0.698995231642859,0.799610670362747,0.653771760154739,0.708237569689385,0.100615438719887,0.0544658095346456
0.707355961517674,0.804972513743129,0.662117804733997,0.705380264413248,0.0976165522254546,0.0432624596792512
0.792877661709924,0.878883301424004,0.711197175664458,0.768678553891579,0.0860056397140796,0.0574813782271207
0.757456174861578,0.823201543870693,0.693356966260959,0.733234011537617,0.065745369009115,0.0398770452766585
0.704404924804543,0.796382844771651,0.661580293072767,0.697256645316853,0.091977919967108,0.0356763522440861
0.776859547496117,0.851639347129525,0.712114037204942,0.747329261637913,0.0747797996334075,0.0352152244329711
0.780183101451987,0.84050868613755,0.70868317105062,0.746611231165583,0.0603255846855625,0.0379280601149633
0.751535213694853,0.830243278952206,0.68304993872549,0.734126072303922,0.0787080652573529,0.0510761335784313
0.779268772616888,0.82915934767376,0.710191877597643,0.734809850164617,0.0498905750568722,0.0246179725669748
0.706151947942043,0.806556670105747,0.649527081408979,0.716883994951214,0.100404722163704,0.0673569135422349
0.758972890733057,0.835255878284924,0.694232088520055,0.744614937759336,0.0762829875518673,0.0503828492392807
0.733954806646995,0.829496298597091,0.676685044261531,0.734929078014184,0.0955414919500958,0.0582440337526531
0.743783355014518,0.815744959449438,0.683987476284076,0.710372543784172,0.0719616044349195,0.0263850675000956
0.725544972841228,0.820381840469626,0.676761635493693,0.726946498477599,0.0948368676283976,0.050184862983906
0.761674588438429,0.844272013447913,0.698811665754343,0.756625229355494,0.0825974250094846,0.0578135636011516
0.783213804925765,0.831374391058855,0.712102796044667,0.736311293618587,0.0481605861330906,0.0242084975739203
0.71289316356066,0.801687008103025,0.66787534492427,0.706298590587037,0.0887938445423646,0.0384232456627666
0.73715713683211,0.814727995009685,0.675671962562537,0.714119610977683,0.0775708581775755,0.0384476484151457
0.759864312728378,0.831342800259061,0.696472290852103,0.734851519585502,0.0714784875306835,0.0383792287333988
0.828975404378246,0.872003657074955,0.735567188081555,0.782336174310329,0.0430282526967086,0.0467689862287739
0.741879368537125,0.837808464517625,0.681789295647628,0.743684239983202,0.0959290959804992,0.0618949443355735
0.748247564913134,0.832648992866985,0.686937667180028,0.729318648509902,0.0844014279538515,0.0423809813298749
0.744246594079121,0.826326549437826,0.680184699723219,0.737402261964971,0.0820799553587048,0.0572175622417528
0.676066274252547,0.789168621606783,0.639119243028173,0.695095521701618,0.113102347354235,0.0559762786734455
0.788449353536376,0.845803534234736,0.713341755593536,0.7551185669959,0.0573541806983597,0.0417768114023647
0.757552643402174,0.836789802021035,0.691236963438706,0.743125193338833,0.0792371586188611,0.0518882299001267
0.812132551496942,0.868011679411139,0.724413502369673,0.778389864365955,0.055879127914197,0.0539763619962821
0.774006436974187,0.837455518578807,0.692698605243822,0.747529071392056,0.0634490816046197,0.054830466148234
0.7492083323394,0.830956271490252,0.689475654888276,0.729476063820724,0.0817479391508518,0.0400004089324478
0.724741495976861,0.806391869733095,0.669164763171185,0.712695665505966,0.0816503737562344,0.0435309023347814
0.788451234650926,0.844505349529284,0.714638056956299,0.752735032746895,0.0560541148783577,0.0380969757905963
0.757518638734891,0.835678443535338,0.691043624822994,0.738601064520733,0.0781598048004465,0.0475574396977391
0.800912176931979,0.846772791564871,0.711989198919892,0.74977754918349,0.0458606146328918,0.0377883502635977
0.791811540127995,0.847511302248361,0.717026047000858,0.756859728972,0.0556997621203657,0.0398336819711416
0.753685537001815,0.839572922467222,0.691450855890712,0.742009471929533,0.0858873854654064,0.0505586160388206
0.739679119805175,0.833268151293812,0.686930224750602,0.744572606493537,0.0935890314886377,0.0576423817429357
0.716617693443509,0.819675710898831,0.674175196181735,0.730398940410665,0.103058017455322,0.0562237442289295
0.640549757229714,0.768426573260621,0.60997755027457,0.676646115438102,0.127876816030908,0.0666685651635317
0.729281309042707,0.832083941244572,0.680636789712205,0.723821512956579,0.102802632201865,0.0431847232443738
0.779114831900185,0.837657346812002,0.711363765123017,0.753627242914349,0.0585425149118176,0.0422634777913313
0.772951455836312,0.83855335310279,0.709892151225067,0.747138878553146,0.065601897266478,0.037246727328079
0.767916753886324,0.832814789516014,0.69563828263576,0.746307303315082,0.0648980356296892,0.0506690206793219
0.769258359395427,0.838686249741077,0.703675052378866,0.743243380907266,0.0694278903456496,0.0395683285284001
0.738608343069467,0.824046008134544,0.679483379877574,0.731050348158033,0.0854376650650776,0.0515669682804586
0.750713133136418,0.81882133610473,0.686947088210626,0.728875852386683,0.0681082029683113,0.0419287641760566
0.758160252602817,0.817958195590494,0.70453224227595,0.715787715507892,0.0597979429876767,0.0112554732319421
0.731238853198553,0.81009823070562,0.671244955011664,0.719068975944508,0.0788593775070661,0.0478240209328446
0.735803783462987,0.830334970206186,0.680808014300319,0.729885949794064,0.0945311867431985,0.0490779354937444
0.736031743901512,0.81969141849968,0.686014073606843,0.723055708399877,0.0836596745981686,0.0370416347930339
0.762029823400682,0.828227797852308,0.70202493765586,0.733422158888493,0.0661979744516261,0.0313972212326327
0.720581288684183,0.806422757162307,0.670959126328901,0.720548651545436,0.0858414684781245,0.0495895252165349
0.745799391904216,0.835805588488196,0.689641526395331,0.734055806712179,0.0900061965839805,0.0444142803168482
0.691686511075949,0.806266613924051,0.647068037974684,0.711756329113924,0.114580102848101,0.0646882911392405
0.72474826514958,0.826668118983112,0.668258372103505,0.732840338673518,0.101919853833531,0.0645819665700125
0.745965310859311,0.82009879392746,0.691423714165207,0.723696052124276,0.0741334830681492,0.0322723379590696
0.795769926217174,0.848475574608029,0.724558463484782,0.745351977755934,0.0527056483908548,0.0207935142711518
0.723679002951721,0.812071243024986,0.668751085191351,0.723543460424135,0.0883922400732653,0.0547923752327841
0.773633856027315,0.833201166928365,0.698997818595682,0.739829773183129,0.0595673109010499,0.0408319545874475
0.720250107893709,0.824536879097392,0.673632832569514,0.725441747672579,0.104286771203683,0.0518089151030642
0.773722158610228,0.850591378832521,0.704133726188045,0.742932991044079,0.0768692202222935,0.0387992648560342
0.689476496181321,0.790432443017821,0.645512520327972,0.695410774038093,0.100955946836499,0.049898253710121
0.779516637874689,0.83651874966762,0.713080078295881,0.740986709943268,0.0570021117929311,0.0279066316473873
0.715225859247136,0.808231938274492,0.668496142155717,0.709914425999532,0.0930060790273556,0.0414182838438157
0.734128309195515,0.829433140032844,0.67882937101589,0.736013959660419,0.0953048308373283,0.0571845886445289
0.772003901010003,0.841519600333305,0.701085575604489,0.749530589672786,0.0695156993233018,0.0484450140682975
0.689000857632933,0.791843354932978,0.650315656565657,0.695429531160663,0.102842497300044,0.0451138745950067
0.783880334721675,0.846060745288926,0.716729290291901,0.758829841770129,0.0621804105672508,0.0421005514782289
0.711687215301825,0.804550457596434,0.670893068543815,0.711388481489593,0.0928632422946084,0.0404954129457786
0.747971404303511,0.825436822520628,0.690225489403009,0.725370287979291,0.0774654182171171,0.0351447985762822
0.789406433779196,0.844325918780031,0.716007457840937,0.744741248168006,0.0549194850008349,0.028733790327069
0.753214054571368,0.827969116847171,0.691983066076384,0.737953427406862,0.0747550622758037,0.0459703613304783
0.750489507891719,0.830161012624789,0.680387076269328,0.737812865841043,0.0796715047330705,0.0574257895717149
0.76335611999024,0.831932837186604,0.704658238272433,0.726820136643689,0.0685767171963643,0.022161898371256
0.729789070313101,0.824683629509962,0.676323178706054,0.723677782906377,0.0948945591968613,0.0473546042003231
0.70192858294692,0.788018366829788,0.663997837841396,0.691215284519668,0.0860897838828683,0.0272174466782728
0.710122696504211,0.817537575686961,0.655208540834314,0.725858161412899,0.10741487918275,0.0706496205785849
0.744707411839442,0.834162979136002,0.689193066431536,0.736826359876556,0.0894555672965599,0.0476332934450205
0.724884045992943,0.813674729401628,0.671862920238159,0.727200082414559,0.0887906834086849,0.0553371621763998
0.752680685758885,0.829662848129717,0.693397981299267,0.738547773412209,0.0769821623708321,0.045149792112942
0.725298475783945,0.807624793554425,0.676103455289184,0.708384918354309,0.0823263177704806,0.0322814630651249
0.808683335701958,0.862081704088768,0.730859880403996,0.767185678033024,0.05339836838681,0.0363257976290282
0.748261534355393,0.834267179958111,0.684404248677943,0.736359852888621,0.0860056456027179,0.0519556042106787
0.720178426816333,0.830503911326762,0.665142940283466,0.733559371354598,0.110325484510429,0.0684164310711326
0.738372154600168,0.813302671725744,0.682200910316122,0.7148289560667,0.0749305171255758,0.0326280457505783
0.76818381521904,0.836926688409592,0.703675681321838,0.734253902937494,0.0687428731905521,0.030578221615656
0.766817265412245,0.847427737742462,0.70758601645638,0.763716893821802,0.0806104723302176,0.0561308773654221
0.740653333512105,0.818863179966446,0.684329614749656,0.728326559493374,0.0782098464543414,0.0439969447437178
0.731203035290572,0.813311801839337,0.673662924756983,0.719097479751433,0.0821087665487655,0.0454345549944497
0.808002815334371,0.843898592967375,0.734387691214295,0.746619906592663,0.0358957776330039,0.0122322153783674
0.722809879236922,0.818746217817223,0.67573372590811,0.726398828453528,0.0959363385803003,0.0506651025454178
0.744211772716577,0.82585351444178,0.683642412620849,0.727647909959796,0.0816417417252031,0.0440054973389474
0.710131191986031,0.823392610973256,0.6622070581748,0.727626137303557,0.113261418987225,0.0654190791287566
0.813783768917666,0.85434946977277,0.736828790648863,0.759431548913091,0.0405657008551038,0.0226027582642283
0.719723216595322,0.825040261680059,0.674173905424688,0.723406221576923,0.105317045084737,0.0492323161522351
0.781886469700567,0.84158850470435,0.716740906960399,0.755741960028717,0.0597020350037831,0.0390010530683181
0.778036704336907,0.852915290254033,0.704807495411958,0.756130590167101,0.0748785859171255,0.0513230947551435
0.787298759687104,0.854287587968718,0.713437196895652,0.749847238904371,0.0669888282816136,0.0364100420087188
0.79296345763025,0.860100054655746,0.71450648170957,0.756604877447962,0.0671365970254958,0.0420983957383915
0.756288933655769,0.835438278673115,0.690736460273785,0.740225462717687,0.0791493450173466,0.0494890024439014
0.735498180628807,0.819641486205941,0.676933507774916,0.729552175749894,0.0841433055771337,0.0526186679749785
0.723835770792326,0.834832395304831,0.665576882001218,0.74460764435372,0.110996624512504,0.0790307623525021
0.728148217472513,0.825696264209019,0.674617180954418,0.73370233702337,0.097548046736506,0.0590851560689519
0.781454159169043,0.859661216312492,0.709637149537551,0.764960050747425,0.0782070571434491,0.0553229012098735
0.769023545012882,0.824759234364774,0.695698890470223,0.724214989222318,0.0557356893518927,0.028516098752095
0.729615988576209,0.814213977664155,0.672182028424644,0.714846985622882,0.0845979890879458,0.042664957198238
0.824689833715025,0.865317534601215,0.738648411829135,0.76899452354874,0.0406277008861894,0.0303461117196057
0.744894033420872,0.839739662613117,0.689711121890839,0.74762265192446,0.0948456291922453,0.0579115300336217
0.773572149297176,0.825695500346413,0.710466100315724,0.734890798424633,0.0521233510492373,0.0244246981089086
0.706483723374923,0.809985696560281,0.660929206589922,0.724256824291721,0.103501973185359,0.0633276177017992
0.800761841068392,0.854338787275517,0.72289100410601,0.761662467338559,0.0535769462071254,0.0387714632325494
0.756878727369476,0.829008890206176,0.690928853199404,0.723218050467097,0.0721301628366993,0.0322891972676931
0.757909377114874,0.828549499851178,0.689418914264465,0.73756060790607,0.0706401227363033,0.0481416936416045
0.71423494408536,0.815481686672822,0.67009746588694,0.721013645224172,0.101246742587463,0.0509161793372319
0.773070412537199,0.846352612631587,0.710226940313352,0.749948808256205,0.0732822000943878,0.0397218679428526
0.768824949186992,0.838819867886179,0.698407859078591,0.749542682926829,0.0699949186991871,0.0511348238482384
0.771344600363405,0.836452048062529,0.702779176426805,0.737523128035142,0.0651074476991238,0.0347439516083372
0.740136741337051,0.820185685080463,0.688251794060623,0.722469338366897,0.0800489437434124,0.0342175443062733
0.780973733966989,0.831285759848881,0.714449401851274,0.741620719611067,0.0503120258818927,0.0271713177597924
0.777481998895121,0.856942012565661,0.704650792610418,0.764860157866647,0.07946001367054,0.060209365256229
0.774912046744633,0.844963195620323,0.705072117282705,0.739321027188742,0.0700511488756899,0.034248909906037
0.751636331140287,0.832097208938353,0.687378392217102,0.742118559738767,0.0804608777980659,0.0547401675216648
0.810673207022294,0.854120937641818,0.734395088671158,0.751620354583595,0.0434477306195236,0.0172252659124378
0.751887701935347,0.837390947150715,0.685373126129934,0.742690802184759,0.0855032452153672,0.0573176760548243
0.768372263765239,0.850250549809535,0.697752051941688,0.749268726233603,0.0818782860442965,0.0515166742919145
0.727486955777949,0.83062184586434,0.67470215183841,0.73376590050955,0.103134890086391,0.0590637486711391
0.781240486028053,0.836883857054837,0.714265294842521,0.736824734514878,0.0556433710267841,0.022559439672357
0.746216146750032,0.832955618508026,0.684475417805119,0.742368037279783,0.0867394717579943,0.0578926194746634
0.789196301234394,0.839291398432907,0.717002574817537,0.751490460261379,0.0500950971985125,0.0344878854438417
0.821217314626708,0.847482057228438,0.741778872292168,0.75171596807763,0.0262647426017294,0.00993709578546254
0.744066579451835,0.829875968979103,0.692097802135379,0.731379661761327,0.0858093895272679,0.0392818596259484
0.78165605869873,0.826032463127017,0.714692721875159,0.736630627026985,0.0443764044282874,0.0219379051518254
0.766413343738774,0.838237428086549,0.701139333804056,0.747791940738539,0.0718240843477753,0.0466526069344828
0.738619329692423,0.828387934155491,0.683961185016292,0.733139284091172,0.0897686044630684,0.04917809907488
0.713968969267363,0.829345361322805,0.661536200122939,0.72766780217137,0.115376392055442,0.0661316020484313
0.751602076758281,0.848848966518874,0.684891327958295,0.750117765312685,0.0972468897605936,0.0652264373543905
0.760158017258076,0.805096848680635,0.699282073075108,0.709476522586116,0.0449388314225596,0.0101944495110086
0.755632420739407,0.843517222477805,0.690204379276255,0.753717588559459,0.0878848017383984,0.0635132092832043
0.755696294911033,0.842330972135432,0.690166439365259,0.747220385059228,0.0866346772243989,0.0570539456939687
0.717594255954115,0.810544965786901,0.668435179610676,0.71207104154124,0.0929507098327863,0.0436358619305639
0.767517293444292,0.839091962498683,0.699153968971977,0.741546918988811,0.0715746690543909,0.0423929500168339
0.725732815651015,0.814304792689698,0.671066759965075,0.723926707082216,0.0885719770386837,0.0528599471171412
0.696965949530463,0.812855770170151,0.64995698501875,0.721196966567858,0.115889820639689,0.0712399815491082
0.75844094742502,0.837127267609497,0.687710431635205,0.740197449379125,0.0786863201844762,0.0524870177439203
0.740111854059741,0.82155671204055,0.67986347986866,0.721118779686952,0.081444857980809,0.0412552998182918
0.727872643959901,0.825884233771289,0.67623658430277,0.729917668270197,0.0980115898113881,0.0536810839674276
0.741678005252666,0.819798225906823,0.688485534073769,0.727368220015279,0.0781202206541573,0.0388826859415095
0.740561158218752,0.831950162878016,0.684196533866106,0.735640008746634,0.0913890046592645,0.0514434748805279
0.730805597579425,0.833094063625322,0.672278628909108,0.741690815594525,0.102288466045897,0.0694121866854176
0.747578648236666,0.819482093055872,0.690570028716406,0.713122179228083,0.0719034448192062,0.0225521505116763
0.735599550554685,0.830443194226843,0.684475541629081,0.735698064536549,0.0948436436721581,0.0512225229074682
0.779116140880109,0.838561572146246,0.703110234984428,0.747288377598809,0.0594454312661371,0.0441781426143804
0.692661776136805,0.802786318083393,0.656567514296819,0.708075967464327,0.110124541946588,0.0515084531675087
0.794672077447337,0.846529548825206,0.718771066628941,0.739726701139188,0.051857471377869,0.0209556345102477
0.740391923650576,0.820286096814246,0.685760307258547,0.723999076843258,0.07989417316367,0.0382387695847113
0.712938104528494,0.812592652981669,0.66430993090032,0.717344450754062,0.0996545484531755,0.0530345198537417
0.708553764884528,0.810998494077595,0.658287912263924,0.71652404372357,0.102444729193067,0.0582361314596456
0.78346758102015,0.825900637519333,0.709773443378714,0.727369453472604,0.0424330564991831,0.0175960100938906
0.74608816026518,0.827167030993923,0.680196907677117,0.726372672822111,0.0810788707287423,0.046175765144994
0.68335797846768,0.781718925277895,0.644650017846477,0.686820058347052,0.0983609468102155,0.0421700405005754
0.741005563625401,0.829719626168224,0.684896264422945,0.734286732260805,0.0887140625428234,0.0493904678378601
0.739184560052385,0.821600012379584,0.682365119544431,0.734353875298495,0.0824154523271989,0.0519887557540633
0.764987383885763,0.815910299627715,0.702587802956689,0.723083490284992,0.0509229157419515,0.0204956873283029
0.773233070974719,0.828527054144577,0.709266375640928,0.740152933662824,0.0552939831698581,0.0308865580218959
0.730423961335632,0.82561231168112,0.676835676437642,0.72725699470127,0.0951883503454873,0.0504213182636275
0.714283565363238,0.832992527659318,0.660487977315975,0.741595497040397,0.118708962296081,0.0811075197244222
0.76451737130291,0.826254571314558,0.701256570655903,0.726035279454604,0.0617372000116474,0.0247787087987015
0.750133067470421,0.824553147193024,0.69124969170058,0.732631181403379,0.074420079722603,0.0413814897027993
0.739415442778909,0.828069211106531,0.679599241985288,0.738842870614747,0.0886537683276217,0.0592436286294582
0.782103681255065,0.848156445543134,0.703916656550385,0.752865866736657,0.0660527642880688,0.0489492101862724
0.767675741568468,0.84199990439085,0.698135024021799,0.74310696444364,0.0743241628223821,0.0449719404218412
0.738539697591158,0.812660689937306,0.687157604649354,0.719001529782608,0.0741209923461481,0.031843925133254
0.727834927333354,0.814079311718966,0.676134022023086,0.719230775780736,0.0862443843856118,0.0430967537576505
0.734776156769921,0.829286933563967,0.676822495846325,0.737008899105538,0.094510776794046,0.0601864032592121
0.775043052903019,0.840039541425901,0.707075743262657,0.735123509420216,0.0649964885228818,0.0280477661575594
0.804791005291005,0.857957671957672,0.720079365079365,0.774678130511464,0.0531666666666666,0.0545987654320987
0.766450855340409,0.840392788893238,0.705119379273824,0.747704510395321,0.0739419335528285,0.0425851311214974
0.750414331092915,0.833838283244529,0.686274558318313,0.741490593993467,0.0834239521516145,0.0552160356751547
0.746105317536995,0.824363888615278,0.684332672474678,0.730717562563265,0.0782585710782824,0.0463848900885873
0.730529042446115,0.818437109228424,0.675002351030776,0.72878858134613,0.0879080667823095,0.0537862303153547
0.723139707514708,0.827174127955378,0.663401702464203,0.725834061771562,0.10403442044067,0.0624323593073592
0.794086863624986,0.849319918354076,0.718840493694633,0.749516549814594,0.0552330547290898,0.0306760561199607
0.776006868512405,0.820409216621243,0.706020356364053,0.717019184785889,0.0444023481088376,0.0109988284218363
0.676174430128841,0.811310328257801,0.646065411298315,0.711778438497963,0.135135898128961,0.0657130271996477
0.779357147305027,0.846052058035992,0.701886125270209,0.759572958643573,0.0666949107309652,0.0576868333733644
0.735093975468976,0.812765873015873,0.686948051948052,0.717907647907648,0.0776718975468975,0.030959595959596
0.721671846367472,0.824041687224009,0.667342214650126,0.733572554711825,0.102369840856537,0.0662303400616986
0.734224576574855,0.823579077184014,0.678317825661117,0.716693155622178,0.0893545006091589,0.0383753299610616
0.726874959819994,0.827252973320476,0.675730204650166,0.731454837672774,0.100378013500482,0.055724633022608
0.733452685421995,0.827392562156723,0.677611420904784,0.729809651586936,0.093939876734728,0.0521982306821517
0.741844532973029,0.822539772046915,0.687215451417934,0.729413565594897,0.0806952390738864,0.0421981141769631
0.767918769153725,0.845348581921242,0.704191184342074,0.743726786456264,0.0774298127675172,0.0395356021141903
0.762499306394691,0.83123815147047,0.703480632654238,0.727412574754491,0.0687388450757794,0.0239319421002531
0.754785118787113,0.82089450090682,0.689777518429067,0.730471177172991,0.0661093821197074,0.0406936587439238
0.8018198650687,0.855501091147551,0.734130993298817,0.766994190568197,0.0536812260788518,0.0328631972693798
0.784540977027569,0.834438944897786,0.716631845212759,0.740775881988106,0.0498979678702162,0.0241440367753469
0.720125976260503,0.838226561523328,0.668465387576242,0.738008527269497,0.118100585262826,0.0695431396932551
0.764550670880227,0.848720551261359,0.689548356323178,0.750852759613305,0.0841698803811318,0.0613044032901269
0.750891302097799,0.814657563521098,0.695128516529298,0.719137827173768,0.0637662614232986,0.0240093106444702
0.71911672660941,0.817904058433169,0.668015697406224,0.730386616339007,0.0987873318237588,0.0623709189327831
0.768818248651435,0.838772229869848,0.700668765262864,0.751417081329338,0.0699539812184135,0.0507483160664737
0.684491019394287,0.799099550969714,0.644007834145409,0.711735454284895,0.114608531575428,0.067727620139486
0.754597123721787,0.816620164765317,0.699247478952288,0.712549066777988,0.0620230410435294,0.0133015878256999
0.764688771467399,0.830346475507766,0.70243998571235,0.748281786941581,0.0656577040403668,0.0458418012292305
0.711116991169004,0.806460394401061,0.670372652697831,0.705818616866585,0.0953434032320567,0.0354459641687537
0.740300522724813,0.824231579424223,0.67973541617905,0.739449867997513,0.0839310566994094,0.0597144518184631
0.80395181873349,0.846773488255872,0.725678232312415,0.744705325908474,0.0428216695223816,0.0190270935960593
0.738154922786293,0.814795029811658,0.685442174546691,0.7163971491996,0.0766401070253642,0.0309549746529091
0.804907770596739,0.857265892027365,0.724208469141452,0.765552094162698,0.0523581214306264,0.0413436250212459
0.787957804267081,0.839078953567811,0.71328142790957,0.744796697213126,0.0511211493007295,0.0315152693035565
0.814687222715173,0.868655723158829,0.732531055900621,0.779994824016563,0.0539685004436558,0.047463768115942
0.733697794845627,0.812941382358175,0.684521544719044,0.717840966181865,0.0792435875125478,0.033319421462821
0.771096568525814,0.847874248393116,0.701119635081899,0.757533433547585,0.0767776798673026,0.0564137984656853
0.74051831243391,0.818715395673165,0.685738013840371,0.719917868705738,0.0781970832392545,0.0341798548653678
0.790249020936266,0.866628602837132,0.712208966075648,0.775538495925025,0.0763795819008665,0.0633295298493768
0.737846417100135,0.813832890143027,0.678759440706239,0.724066049085609,0.0759864730428921,0.0453066083793704
0.734090254031888,0.828217790280047,0.671093695899143,0.729132860942199,0.0941275362481587,0.0580391650430561
0.644349272931707,0.788693245704032,0.61868798340293,0.694133102145429,0.144343972772324,0.0754451187424993
0.761749484925049,0.841671153259174,0.691040875330665,0.75214402597843,0.0799216683341247,0.0611031506477651
0.690702994572038,0.811423852023137,0.6503175874296,0.714983841970897,0.120720857451099,0.0646662545412967
0.722089489481989,0.81215743088253,0.666030964959389,0.711596456389697,0.090067941400542,0.0455654914303081
0.760531331893461,0.833973452388862,0.698072265141311,0.73331390397265,0.0734421204954013,0.035241638831339
0.779279644225635,0.827873077814308,0.717166474126264,0.733951701463867,0.0485934335886732,0.0167852273376028
0.775984352828252,0.82899983531044,0.709659375410684,0.728041391976125,0.0530154824821878,0.0183820165654409
0.743367043426532,0.823985961533488,0.68477037278734,0.733395872420263,0.0806189181069558,0.0486254996329229
0.742355166283997,0.819397069215515,0.685135670429788,0.725820294447745,0.077041902931518,0.0406846240179574
0.671297669256382,0.80216692563818,0.634994450610433,0.70638179800222,0.130869256381798,0.071387347391787
0.757872912235577,0.834361758256253,0.692768668282469,0.726924123262601,0.0764888460206757,0.0341554549801323
0.738066026650502,0.817689835954676,0.685865174906271,0.719491281591738,0.0796238093041746,0.0336261066854675
0.795480481824282,0.855096507784696,0.724938899256016,0.760316107576492,0.0596160259604137,0.0353772083204765
0.755479245862771,0.824831884533377,0.699312382308793,0.729182644296946,0.0693526386706058,0.0298702619881536
0.712452809842273,0.818504935641977,0.652885613729712,0.728134590719619,0.106052125799704,0.0752489769899073
0.776159108122086,0.845636589386335,0.709262453535919,0.752660728432822,0.0694774812642491,0.0433982748969025
0.748531938298166,0.832858150694116,0.690826642878383,0.739433016739256,0.0843262123959506,0.0486063738608735
0.78048374337893,0.839532254470733,0.713220566373392,0.741910888322749,0.0590485110918031,0.0286903219493563
0.754641339140473,0.821003267002113,0.694320741479266,0.72526591764667,0.0663619278616393,0.0309451761674042
0.783926243667588,0.834927898633089,0.709853359294438,0.738400690539022,0.0510016549655006,0.0285473312445845
0.731208872248695,0.825293867882363,0.681103066058818,0.719643250063604,0.0940849956336682,0.0385401840047859
0.784514796301668,0.843842211046006,0.713298017901306,0.748034966274907,0.0593274147443381,0.0347369483736009
0.801724264715424,0.842605369089196,0.733436902258215,0.751682003749417,0.040881104373772,0.0182451014912022
0.766428172955167,0.827080805978872,0.700227351214458,0.726957721971824,0.0606526330237047,0.0267303707573652
0.755628948153899,0.817300681940881,0.703957369316412,0.714103095238484,0.0616717337869819,0.0101457259220717
0.744939124186659,0.838632789110215,0.691219911380783,0.738357750189613,0.093693664923556,0.0471378388088301
0.679779864448149,0.796862911749643,0.639068680330816,0.705358602203262,0.117083047301494,0.0662899218724461
0.758857080869283,0.838066824775617,0.691582793500214,0.748330917003975,0.079209743906334,0.0567481235037615
0.70419337393725,0.79013581921505,0.663775632330647,0.692584909173116,0.0859424452777999,0.0288092768424691
0.678779640991882,0.802688894509748,0.638586905027712,0.713809379822416,0.123909253517866,0.0752224747947037
0.794413757330261,0.84074892397119,0.72001928338659,0.740340092417709,0.0463351666409291,0.0203208090311187
0.794826292311729,0.854976646549462,0.713998950406718,0.759291524534243,0.0601503542377329,0.0452925741275255
0.724531360095711,0.819007286370987,0.669314203989365,0.715260343857375,0.0944759262752762,0.0459461398680101
0.735895178730038,0.818099631368925,0.678352259879958,0.722543241585418,0.0822044526388861,0.0441909817054602
0.717491740943815,0.813663030507668,0.668555729924067,0.718276207395356,0.0961712895638528,0.0497204774712899
0.756505185106197,0.826117568427026,0.692050535267481,0.731621007392061,0.0696123833208292,0.0395704721245797
0.700562747354582,0.804775553421899,0.656318895464567,0.712738740034726,0.104212806067317,0.0564198445701591
0.70458143340666,0.815794116742502,0.659429949157234,0.71473602552336,0.111212683335842,0.0553060763661262
0.708439488700423,0.825216721368978,0.655508543582292,0.730366672512715,0.116777232668554,0.0748581289304237
0.719542872854098,0.825173065768759,0.664416058394161,0.727454370146061,0.105630192914661,0.0630383117519002
0.733707866019461,0.831141080794323,0.682818601752212,0.725286655147827,0.097433214774862,0.0424680533956153
0.748222850754051,0.828704084006132,0.689605892673242,0.728151937721738,0.0804812332520816,0.0385460450484959
0.779150416612136,0.845491427823583,0.709531474937835,0.74246499149326,0.0663410112114471,0.0329335165554245
0.703691968330673,0.804165588011103,0.658370457062318,0.709909518775798,0.10047361968043,0.0515390617134802
0.754472439520723,0.825273444642294,0.701699015611135,0.727070910987189,0.0708010051215706,0.0253718953760538
0.750513370552698,0.840131482449144,0.680688672845448,0.751380256318583,0.0896181118964459,0.0706915834731352
0.73654354493635,0.833933109226163,0.684815491286896,0.735266041802032,0.0973895642898129,0.0504505505151355
0.741406943382905,0.825542051110412,0.688348294793212,0.730398156335183,0.0841351077275067,0.0420498615419712
0.781846545597,0.84313549915587,0.710620878454636,0.747474139780433,0.0612889535588699,0.0368532613257968
0.723559574045274,0.827449675026423,0.664311939638778,0.735671979366334,0.103890100981149,0.0713600397275562
0.706965937963294,0.804880374208602,0.661688596666795,0.711283099695559,0.0979144362453084,0.0495945030287636
0.77318594436924,0.837115846426581,0.701771255484915,0.750983827097888,0.0639299020573407,0.0492125716129734
0.78233603430013,0.84676920584259,0.718717769585639,0.749339276505596,0.0644331715424605,0.0306215069199571
0.714460689179282,0.832572370533297,0.665050818705884,0.74294360345596,0.118111681354015,0.0778927847500756
0.743680193328201,0.816570812217223,0.688359139244884,0.720013338657818,0.0728906188890215,0.0316541994129343
0.759105150779038,0.839778898670916,0.687912147421516,0.747447432346707,0.0806737478918785,0.0595352849251907
0.699215223819843,0.797914047753022,0.65985948655325,0.702744022890802,0.0986988239331793,0.0428845363375515
0.682782668929166,0.788741197976867,0.650063530318307,0.688786284009214,0.105958529047701,0.0387227536909067
0.748348300033171,0.834010062548292,0.689083346740795,0.729065589302633,0.0856617625151206,0.0399822425618381
0.758291105305536,0.826139348265561,0.695888927394007,0.726811089032938,0.0678482429600252,0.0309221616389312
0.729005806389084,0.819935227231247,0.6709301676716,0.733208610020353,0.0909294208421635,0.0622784423487535
0.755719145855426,0.834305552318467,0.694676381815851,0.728175874887835,0.0785864064630409,0.0334994930719837
0.725962866010581,0.821177263725614,0.667937479213532,0.73286612103339,0.0952143977150328,0.0649286418198576
0.793467443578905,0.850657530815667,0.721687238088603,0.766975258728859,0.0571900872367617,0.0452880206402559
0.720616009004705,0.812728583854132,0.672344528362526,0.714821361615512,0.0921125748494266,0.0424768332529862
0.73289214947603,0.823159036409063,0.676520516956231,0.730978073822719,0.0902668869330327,0.0544575568664877
0.709681090739057,0.819805823290144,0.657167173796886,0.726418444821992,0.110124732551087,0.0692512710251069
0.787223631778077,0.855316726064871,0.720359766102062,0.749904788729408,0.0680930942867938,0.0295450226273465
0.759374145624719,0.857352303995319,0.685512353367218,0.762404929515538,0.0979781583705994,0.0768925761483204
0.746307678231474,0.845261580591414,0.67859263991576,0.747149997913262,0.0989539023599397,0.0685573579975023
0.713441286723874,0.820905057471704,0.667087724395797,0.729905931064541,0.10746377074783,0.0628182066687439
0.7798231547978,0.839156753101986,0.705985600204667,0.745842241836157,0.0593335983041865,0.0398566416314894
0.76005559518831,0.84221741162579,0.688371995768862,0.751841037120858,0.08216181643748,0.0634690413519962
0.803872859692772,0.842067766299099,0.720734060961001,0.751744838860505,0.0381949066063267,0.0310107778995041
0.757345249594114,0.858656158161902,0.690398487432952,0.761889116093631,0.101310908567788,0.0714906286606794
0.729026555588685,0.805236363512803,0.678192621248379,0.719124381684875,0.0762098079241177,0.0409317604364968
0.814060177880048,0.857413459437337,0.734110738599391,0.764444755653372,0.0433532815572895,0.030334017053981
0.741893956353605,0.819901049613909,0.678417654499532,0.733859902844217,0.078007093260304,0.0554422483446846
0.728845611930524,0.815767516620462,0.675545606105688,0.717498594955062,0.0869219046899377,0.0419529888493745
0.69863823419379,0.821213302616811,0.653039163565479,0.720910863016126,0.122575068423022,0.0678716994506469
0.783610043858277,0.85323957012633,0.714046677909911,0.760642188150326,0.0696295262680527,0.0465955102404145
0.711844924131614,0.816833515907138,0.666035362329853,0.726971533261148,0.104988591775525,0.0609361709312953
0.779200531307183,0.843234657576236,0.708312588822114,0.754054003845475,0.0640341262690531,0.0457414150233608
0.780661540571043,0.833334388085519,0.709968673860077,0.741914164267105,0.0526728475144764,0.0319454904070289
0.769995530356837,0.845206971010588,0.700522172695583,0.760765411084715,0.0752114406537516,0.0602432383891325
0.732735373970923,0.8137760553512,0.679354965843405,0.711152347171133,0.0810406813802768,0.0317973813277281
0.832982698873578,0.877798135533906,0.741035026496358,0.780073264707641,0.0448154366603272,0.0390382382112826
0.768364243429731,0.844912309131925,0.700363431193622,0.758879509417295,0.076548065702194,0.0585160782236731
0.769635535417786,0.858399605883595,0.698420704367639,0.746689165261901,0.0887640704658088,0.0482684608942614
0.747011951213527,0.823309529068198,0.692841051314143,0.726779307467668,0.0762975778546713,0.0339382561535251
0.738188583344306,0.820733169301419,0.678079836897542,0.721236323860619,0.0825445859571125,0.0431564869630774
0.755851572322186,0.833028518678025,0.693106425055185,0.736675093327359,0.0771769463558394,0.0435686682721741
0.736060467055068,0.824240777425217,0.681562593131497,0.719985361919955,0.0881803103701496,0.038422768788458
0.706485541939739,0.806025030086029,0.661982063882979,0.713752948058287,0.0995394881462908,0.0517708841753074
0.792312222144841,0.838175568757334,0.721680922882439,0.740471050170184,0.0458633466124921,0.0187901272877458
0.699875111090897,0.818763165474936,0.656781471861685,0.733082326293582,0.118888054384039,0.0763008544318968
0.746248164464024,0.837099328718271,0.685985945038809,0.75070694357038,0.0908511642542479,0.0647209985315712
0.724680334916555,0.816495131455761,0.6705691804117,0.721426973395477,0.091814796539206,0.0508577929837774
0.769851245052317,0.833163467211725,0.704882828207225,0.737625319394756,0.0633122221594072,0.0327424911875314
0.792725348869264,0.83813970570932,0.719105823956754,0.740863928380527,0.0454143568400563,0.0217581044237731
0.759780671383672,0.833220093958311,0.692964450645855,0.748821833245692,0.0734394225746382,0.0558573825998372
0.797392395217187,0.857977444321206,0.718322244061751,0.751812891840208,0.0605850491040192,0.0334906477784573
0.688227122849003,0.806933393122172,0.642198896993418,0.71626045187689,0.118706270273168,0.0740615548834727
0.771886735429739,0.845072428641107,0.697219554087333,0.754166629262907,0.0731856932113671,0.0569470751755733
0.741279983613686,0.824144510639603,0.688690705038682,0.721480310682759,0.0828645270259169,0.0327896056440775
0.7452809160527,0.827649993125164,0.689342594862064,0.733283045970876,0.0823690770724642,0.0439404511088128
0.752007257113282,0.820699655026112,0.693480815408982,0.727047463342359,0.0686923979128302,0.0335666479333776
0.793597747977235,0.849274268151257,0.722446322154219,0.747562459360357,0.0556765201740214,0.0251161372061377
0.791558649410125,0.837307712896414,0.70833538170103,0.747566539176261,0.045749063486289,0.0392311574752311
0.7604401698688,0.835001823278711,0.689855068334967,0.73077841655841,0.0745616534099111,0.0409233482234428
0.753946436497989,0.826506524492141,0.692402752754713,0.731442405608648,0.0725600879941512,0.0390396528539349
0.729266451005208,0.817690149399203,0.674186632626342,0.7272764467138,0.0884236983939949,0.0530898140874575
0.641966679495099,0.781293962982966,0.621375428917011,0.692377970887005,0.139327283487867,0.0710025419699945
0.788165993278707,0.854179568024771,0.71055582826719,0.754878129366008,0.0660135747460635,0.0443223010988182
0.760692433846308,0.836752618127664,0.695313096186141,0.743434022808341,0.0760601842813555,0.0481209266221998
0.750049030178991,0.841886013988859,0.693509909792609,0.740892389946575,0.0918369838098686,0.0473824801539668
0.764366096917028,0.848857044563781,0.696245817850143,0.752956802791622,0.0844909476467536,0.0567109849414796
0.691953906713616,0.799117327563341,0.649354728102425,0.709229478953897,0.107163420849725,0.0598747508514719
0.772436043403955,0.831287137731096,0.704535267511511,0.729827275843307,0.0588510943271404,0.0252920083317953
0.735451328198372,0.825644614812689,0.6832603144892,0.740425346316394,0.090193286614317,0.057165031827194
0.690472252604198,0.803756178003772,0.643653225358608,0.715467966934752,0.113283925399573,0.0718147415761444
0.719837986719463,0.808755629266072,0.670306767341933,0.71423427229948,0.0889176425466094,0.0439275049575474
0.744374266111896,0.83111967720861,0.6883762976661,0.743416006303027,0.0867454110967137,0.0550397086369269
0.744026152620037,0.847050494246667,0.681447909196825,0.752075783910114,0.10302434162663,0.0706278747132882
0.747722008765418,0.81992980035386,0.692634918919091,0.727012636254238,0.0722077915884419,0.0343777173351476
0.716980755141369,0.81316740646531,0.671030805737035,0.716089968599564,0.0961866513239409,0.0450591628625286
0.723744823575525,0.811604244242027,0.670963400761765,0.717482787856066,0.0878594206665019,0.0465193870943005
0.763773291925466,0.842046583850932,0.696829710144928,0.748245341614907,0.0782732919254658,0.0514156314699793
0.700419573836702,0.813826661317399,0.647037320106597,0.722206931485296,0.113407087480697,0.075169611378699
0.723925678964993,0.831571470844228,0.669931940793784,0.740164260195648,0.107645791879234,0.0702323194018635
0.770972628033671,0.829829791810147,0.706063109050847,0.735699560465207,0.0588571637764757,0.0296364514143594
0.738696632327356,0.826787174336356,0.679318702458638,0.732267836898944,0.0880905420089996,0.0529491344403055
0.804909328813506,0.851343491174174,0.730525165079627,0.759409195415828,0.0464341623606681,0.0288840303362012
0.724702765087617,0.819466372908625,0.679282516493874,0.71973077765838,0.0947636078210077,0.0404482611645065
0.723527736817487,0.822108698707286,0.668748125323808,0.724204455594034,0.0985809618897995,0.055456330270226
0.6931780636846,0.799871767192029,0.652071188835895,0.714440543484661,0.106693703507429,0.0623693546487664
0.767053230609432,0.843749741840934,0.70239753356894,0.748209408720737,0.0766965112315027,0.0458118751517975
0.70321560433724,0.802795603040033,0.660965619532508,0.704575223921146,0.0995799987027932,0.0436096043886384
0.748600090502573,0.843115375752658,0.680744241732039,0.73869510985543,0.0945152852500843,0.0579508681233907
0.732719521643483,0.819104005217886,0.674884727691557,0.727977380990531,0.0863844835744029,0.0530926532989746
0.758225630474765,0.841911530908071,0.692865114249197,0.746209254236936,0.0836859004333053,0.0533441399877386
0.71816720386461,0.806221716729228,0.674975886376607,0.713016734854635,0.0880545128646181,0.0380408484780284
0.806222301522906,0.843124697223125,0.732624594553106,0.74568636402602,0.0369023957002195,0.0130617694729139
0.768230622163618,0.846408952702397,0.699505391047659,0.757861379261695,0.0781783305387792,0.0583559882140357
0.746291791791792,0.829610610610611,0.681629129129129,0.730465465465465,0.0833188188188188,0.0488363363363363
0.748038910891535,0.820421910130079,0.691819070662287,0.723580153462826,0.0723829992385433,0.0317610828005389
0.783276186483398,0.840964059871931,0.715531216154841,0.753409845229361,0.0576878733885337,0.0378786290745203
0.758843808567475,0.825213893051558,0.689025628839823,0.732987246263499,0.0663700844840824,0.0439616174236762
0.699553069757749,0.814966616185984,0.654275986494206,0.716186027045523,0.115413546428234,0.0619100405513169
0.744679789899769,0.819932054741712,0.682556380107941,0.7313299922899,0.0752522648419429,0.0487736121819584
0.732017085089678,0.817554374160885,0.674366562662274,0.724859281610863,0.0855372890712066,0.0504927189485885
0.761800362507737,0.837175547505667,0.697187618585409,0.742142819340302,0.0753751849979301,0.0449552007548929
0.74588421173787,0.82238074311245,0.690045620533426,0.737620983352691,0.0764965313745802,0.0475753628192652
0.729331518990743,0.813924020739532,0.667136946220377,0.720474790980079,0.0845925017487884,0.0533378447597014
0.765277885125588,0.851255448323536,0.701491140693755,0.745346291492582,0.0859775631979477,0.043855150798827
0.752018682817938,0.829300488317362,0.68832834708958,0.73142273853729,0.0772818054994245,0.0430943914477104
0.760901256203425,0.834788506172336,0.693708585049497,0.748422822544154,0.0738872499689111,0.0547142374946573
0.742549875800327,0.814848852586414,0.686464916789106,0.721661767702475,0.072298976786087,0.0351968509133688
0.728204295634727,0.815669200953403,0.671864261900594,0.722610765736532,0.0874649053186761,0.0507465038359375
0.780701961823944,0.838300020868261,0.711677596573788,0.748448467634904,0.0575980590443167,0.0367708710611158
0.799373468063148,0.860819001660942,0.711816725928434,0.759399994759163,0.061445533597794,0.0475832688307291
0.782848921859352,0.841417726547986,0.720541218554388,0.743950155041268,0.0585688046886346,0.02340893648688
0.713233441071477,0.823838593417779,0.65206933084092,0.725679521026065,0.110605152346302,0.0736101901851449
0.722746398061966,0.812216870045226,0.670136727392729,0.729070883740465,0.0894704719832598,0.058934156347736
0.785097832778152,0.841551171634535,0.714202580875288,0.744045749265032,0.0564533388563835,0.0298431683897433
0.79156377920003,0.840093024135225,0.713862628688114,0.744416424810218,0.0485292449351951,0.0305537961221036
0.761151863837948,0.824174997003476,0.704991010427904,0.721026249550521,0.063023133165528,0.0160352391226177
0.778238535666814,0.838334902525476,0.707848729877418,0.745241655590016,0.0600963668586619,0.0373929257125978
0.803325021132713,0.843172865595943,0.725129120879121,0.748907016060862,0.0398478444632291,0.0237778951817413
0.749241067938839,0.834576717026869,0.683633288581639,0.731825094999321,0.0853356490880293,0.0481918064176814
0.764037146685549,0.828061470070603,0.70083016932332,0.725526545161248,0.0640243233850539,0.0246963758379284
0.74137474645246,0.818321039006809,0.68908975611905,0.719256165228947,0.0769462925543487,0.030166409109897
0.685736706052212,0.786428092768301,0.644210851091912,0.68515803943421,0.100691386716089,0.0409471883422974
0.756834704537765,0.821001089261695,0.695265631317924,0.731704323213652,0.0641663847239299,0.0364386918957278
0.74439240393804,0.825639487076916,0.685258276477691,0.730637042469498,0.081247083138876,0.0453787659918068
0.823554590441192,0.862383706536297,0.740334853587312,0.772488374382179,0.0388291160951049,0.0321535207948671
0.698292760397701,0.818425640802369,0.648789144752466,0.725355182226937,0.120132880404667,0.0765660374744708
0.77430367967535,0.852944012482578,0.703606595798572,0.75119411709614,0.0786403328072283,0.0475875212975681
0.743726241636927,0.826852194017264,0.690358271592815,0.730955838839804,0.0831259523803371,0.0405975672469888
0.767403204824532,0.839205711836495,0.702651011001075,0.733553279643875,0.0718025070119636,0.0309022686427997
0.779994650786287,0.853824451113867,0.70454115107505,0.756267574297265,0.0738298003275802,0.051726423222215
0.713032149549852,0.808704056145188,0.662049543250953,0.716867491127797,0.0956719065953364,0.0548179478768438
0.822027997407647,0.857862864549579,0.741613220998056,0.770960207388205,0.0358348671419313,0.0293469863901491
0.718461494883826,0.833294100870082,0.665682517884143,0.731136917715362,0.114832605986255,0.0654543998312189
0.710788614832706,0.811867697561123,0.658494086818754,0.711615046396726,0.101079082728417,0.053120959577972
0.701637705441889,0.800123070811058,0.654196066915975,0.715912408128719,0.0984853653691693,0.0617163412127442
0.813191204341505,0.866693390908853,0.734011122697254,0.760514424748001,0.0535021865673472,0.0265033020507472
0.706936359202648,0.817838005678494,0.659760719414239,0.722886868343395,0.110901646475846,0.0631261489291561
0.767070045854887,0.841564522693138,0.700611730838431,0.734616768621806,0.0744944768382516,0.0340050377833753
0.730137348493371,0.815998426736933,0.6714458501081,0.720853987885218,0.0858610782435618,0.0494081377771173
0.745291760911402,0.821682165578105,0.69107035634304,0.731667350265804,0.0763904046667034,0.0405969939227636
0.717377551187742,0.805673870883382,0.660603024096625,0.707360090866172,0.0882963196956398,0.0467570667695469
0.779567349263995,0.852569319403329,0.708500337399077,0.758009837132888,0.073001970139334,0.0495094997338108
0.73992226648654,0.828033268735244,0.683243917492846,0.732044033165148,0.0881110022487041,0.0488001156723021
0.786396874515544,0.840768203973899,0.709157957361821,0.746938237254148,0.0543713294583554,0.0377802798923275
0.749504945204674,0.810560100311157,0.696130219270358,0.714256580693308,0.0610551551064827,0.0181263614229509
0.72609636419825,0.813901538582532,0.673787129224498,0.723606924654879,0.0878051743842821,0.0498197954303812
0.692407398250842,0.808643065375972,0.645513178222608,0.7100089708181,0.11623566712513,0.0644957925954929
0.732362946599663,0.821288222299733,0.676551176219819,0.723121342479557,0.0889252757000694,0.0465701662597372
0.742080112835382,0.825944059843357,0.68680568065814,0.728780099681739,0.0838639470079752,0.0419744190235993
0.761032083790943,0.822286646424188,0.691418211770786,0.726820208023774,0.061254562633245,0.0354019962529878
0.799226727705156,0.849652651686256,0.730596175478065,0.758530183727034,0.0504259239810996,0.027934008248969
0.767545148321549,0.829168111669846,0.693794193013891,0.738998709130494,0.0616229633482972,0.0452045161166021
0.705287598590086,0.801221813784663,0.66868188965468,0.713824550059726,0.0959342151945769,0.0451426604050459
0.692225727911466,0.799312547995149,0.654343426369163,0.701914243883534,0.107086820083682,0.0475708175143716
0.721478028950436,0.826646353159906,0.667001741157722,0.727600301013708,0.10516832420947,0.0605985598559857
0.766553924099325,0.833405036425171,0.699721370220778,0.744079433528703,0.0668511123258458,0.0443580633079251
0.756296511663334,0.834924018799221,0.693584491600154,0.732335469819485,0.078627507135887,0.0387509782193317
0.772708260907353,0.827919491279912,0.715128338837708,0.732211817023003,0.0552112303725593,0.0170834781852947
0.713391926113511,0.815068351877528,0.660574316194754,0.727448463944814,0.101676425764017,0.0668741477500601
0.779366606827286,0.826219909141045,0.716013686752307,0.731023020218819,0.0468533023137592,0.0150093334665112
0.740911005598701,0.8366442963999,0.681526331071769,0.74732231587471,0.0957332908011991,0.0657959848029411
0.702998253981773,0.812393322544928,0.654131888254834,0.720053658121114,0.109395068563155,0.0659217698662806
0.736313532656723,0.802707334707977,0.669696574101349,0.713323112765445,0.0663938020512546,0.0436265386640959
0.757478136833625,0.816759022286596,0.690114164560441,0.724583557063789,0.0592808854529716,0.0344693925033484
0.820829677305097,0.87092440651593,0.728677167300641,0.780324593748772,0.050094729210833,0.0516474264481304
0.748772830300962,0.840306475185312,0.684388099801343,0.747799670946117,0.0915336448843498,0.0634115711447749
0.722540467992551,0.818768128845229,0.667899525217713,0.720442805625496,0.0962276608526778,0.0525432804077836
0.75208177453365,0.831826018018356,0.684734826184551,0.736043514259645,0.079744243484706,0.0513086880750944
0.708639371624939,0.815075503190967,0.655915562101129,0.713171330387825,0.106436131566028,0.0572557682866962
0.70364445113949,0.800527425506629,0.65840570100065,0.700601171643538,0.0968829743671394,0.0421954706428882
0.748366709594011,0.812697688427528,0.68881277373687,0.727115922842851,0.0643309788335169,0.0383031491059805
0.711825995900667,0.813540750696812,0.667905245464456,0.717122909318343,0.101714754796145,0.0492176638538864
0.72890643040146,0.812270689699409,0.66867845793519,0.718180618629251,0.0833642592979484,0.0495021606940611
0.731231002253882,0.834158722937904,0.668170547204014,0.742688237078086,0.102927720684022,0.074517689874072
0.799998738792544,0.844861311932406,0.727606041102344,0.745096547464932,0.0448625731398614,0.0174905063625882
0.763968634773695,0.80834013199496,0.705731354326426,0.713904611749629,0.044371497221265,0.00817325742320263
0.772555792823347,0.83424146417489,0.708997334226577,0.743390696311184,0.0616856713515425,0.034393362084607
0.78999715748119,0.847511101824295,0.713320918491244,0.759423138103118,0.0575139443431052,0.0461022196118739
0.711691026831043,0.804378401816336,0.655024501793239,0.71104389187399,0.0926873749852923,0.0560193900807503
0.705837911620049,0.803921034346517,0.665810331203422,0.700832947315359,0.0980831227264677,0.0350226161119361
0.678767916286892,0.799645284799158,0.647569065560933,0.704774012478016,0.120877368512266,0.0572049469170828
0.812086839789725,0.875809399183268,0.73007759327362,0.777247422331521,0.0637225593935429,0.0471698290579008
0.782237991942981,0.851145129635368,0.71054725751472,0.760960644561512,0.0689071376923872,0.0504133870467927
0.701856456330965,0.816092248223987,0.651408796489762,0.724744567488508,0.114235791893021,0.0733357709987462
0.779237338743979,0.8403530578631,0.7122331518822,0.753494913121084,0.0611157191191208,0.0412617612388843
0.727968038025837,0.822483911977877,0.66812015884874,0.722601213646313,0.0945158739520395,0.0544810547975728
0.757534922489346,0.821561022659349,0.682265507952896,0.720566231437421,0.0640261001700033,0.0383007234845251
0.743954113633433,0.826234402660487,0.685083609164768,0.73256009347657,0.0822802890270542,0.0474764843118023
0.755313741008644,0.830484847369358,0.688181281152576,0.743496906544243,0.075171106360713,0.0553156253916669
0.734554825074048,0.824383256768482,0.680958334537183,0.73051010839902,0.089828431694434,0.0495517738618365
0.699268559995936,0.797828055380404,0.655614505231135,0.702529988255721,0.0985594953844683,0.0469154830245853
0.785068106496678,0.849374335981479,0.711899211899212,0.761752136752137,0.0643062294848009,0.0498529248529248
0.795826432228744,0.863831511625292,0.71339018512629,0.776610269210771,0.0680050793965485,0.063220084084481
0.755305993161582,0.843387986678006,0.689402091637884,0.755152437319325,0.088081993516424,0.0657503456814408
0.741397971946752,0.82781068524971,0.683971008666131,0.732861609934781,0.0864127133029573,0.0488906012686501
0.764886791237375,0.835323494472793,0.698528991092589,0.74077826435004,0.0704367032354177,0.0422492732574509
0.686576600061114,0.814077261601369,0.642604846254895,0.721050919698464,0.127500661540255,0.078446073443569
0.740695264115144,0.826052998532233,0.68418688230009,0.734533436015916,0.0853577344170886,0.050346553715826
0.784060749735434,0.84832539287492,0.713816711353531,0.753975544921802,0.0642646431394858,0.0401588335682705
0.770534720088287,0.844377893203017,0.705178688844173,0.741835839536889,0.0738431731147303,0.0366571506927166
0.734527783147213,0.821903032572261,0.676001873129471,0.732004994335458,0.0873752494250477,0.0560031212059869
0.741822039904088,0.841550339288998,0.677594040977068,0.748009246840507,0.0997282993849106,0.0704152058634386
0.746929718094739,0.818791070458056,0.685206149800971,0.726868430606366,0.0718613523633169,0.0416622808053946
0.745947786852171,0.817900936081663,0.688824962399997,0.722400680968563,0.0719531492294918,0.0335757185685653
0.786552683407555,0.846113176815898,0.705448104188892,0.749328583948209,0.0595604934083435,0.0438804797593169
0.724763348626244,0.815713403090177,0.674682086948754,0.723545788163833,0.0909500544639334,0.0488637012150792
0.738396564439753,0.818096486947085,0.678966353837446,0.710445216425951,0.0796999225073322,0.0314788625885047
0.795379526957387,0.847009276042222,0.720020346874223,0.752910758076554,0.0516297490848349,0.0328904112023314
0.760372458600446,0.832767313075932,0.698856811790807,0.736340737914565,0.0723948544754853,0.0374839261237582
0.764242568678853,0.827561058494347,0.705888345558272,0.720846242339185,0.0633184898154932,0.0149578967809131
0.720624259780155,0.808887187411328,0.670435619378956,0.712234137705565,0.0882629276311732,0.0417985183266096
0.751317402883054,0.834191265746321,0.69434768037151,0.728362944544453,0.0828738628632667,0.0340152641729431
0.748914465904612,0.828876851174053,0.687455374739569,0.737661805281829,0.0799623852694409,0.0502064305422603
0.743604640823787,0.834605135942331,0.682397599845006,0.736063676550007,0.091000495118543,0.0536660767050001
0.728517005797791,0.810797462056247,0.674214157063881,0.715119709810141,0.0822804562584566,0.04090555274626
0.766372377223838,0.828646724492262,0.703528118362681,0.733235996734514,0.0622743472684245,0.0297078783718336
0.708775111866477,0.803933982181031,0.658907227171936,0.711412903482799,0.0951588703145539,0.0525056763108627
0.72659520381642,0.824840784507513,0.668435617705428,0.726875147495078,0.0982455806910927,0.0584395297896503
0.71456705038403,0.809311750014084,0.665826932827553,0.711108711573492,0.0947446996300539,0.045281778745939
0.736268215498934,0.822797071278677,0.686959399176507,0.7365632552704,0.0865288557797428,0.0496038560938933
0.79317103163424,0.847908300741292,0.722724757630801,0.750674291570839,0.054737269107052,0.0279495339400382
0.762894303390648,0.841215651614977,0.698832154909208,0.74108026675237,0.0783213482243291,0.0422481118431624
0.714222702194756,0.804654241983666,0.671660431951308,0.705656111399441,0.0904315397889106,0.0339956794481328
0.789606809343033,0.835031451428181,0.725846316210027,0.736084050030982,0.0454246420851476,0.0102377338209549
0.707503000630963,0.80943977152508,0.663638520036624,0.713745261849527,0.101936770894117,0.050106741812903
0.757176660177802,0.84257667236501,0.696000783933965,0.753134088940273,0.0854000121872087,0.0571333050063078
0.782341286935866,0.84479397764232,0.71363165368674,0.749882303708741,0.0624526907064547,0.0362506500220007
0.70117191726476,0.809934360010099,0.66239405633498,0.704922999242616,0.108762442745338,0.0425289429076352
0.766339177427236,0.82936443045392,0.696740048785141,0.731732096378881,0.0630252530266838,0.0349920475937402
0.779728824998001,0.83945031699473,0.712992556311916,0.747108307045216,0.0597214919967286,0.0341157507333001
0.750847406428851,0.84007056350111,0.685543947125705,0.744075606052673,0.0892231570722591,0.0585316589269677
0.803807710680604,0.862898064212754,0.730198719551563,0.766209699089019,0.0590903535321493,0.0360109795374562
0.779254652119471,0.856381920337168,0.697130988617612,0.748532431799609,0.0771272682176971,0.051401443181997
0.738901969978208,0.827287931749019,0.674743611162133,0.738333396405618,0.0883859617708113,0.0635897852434851
0.758392845536382,0.823729729290566,0.696915521107536,0.721344772675571,0.0653368837541841,0.0244292515680347
0.723538102516736,0.811223955991859,0.671472360042831,0.712554254093068,0.0876858534751228,0.0410818940502367
0.786749283776738,0.822726686859573,0.719330314161789,0.731812469608113,0.0359774030828358,0.0124821554463238
0.745411795366531,0.814428040399976,0.689658365072035,0.716507668344665,0.0690162450334456,0.0268493032726297
0.742210810148199,0.835214135057979,0.680236817151867,0.73797326676493,0.0930033249097793,0.0577364496130627
0.730039133552484,0.813555934330115,0.66839300456252,0.714053015436036,0.0835168007776315,0.0456600108735157
0.67964816594765,0.795465051299819,0.641809687730514,0.700962737778573,0.115816885352169,0.0591530500480586
0.744229452116846,0.811545444332912,0.692331121604041,0.724569401311093,0.0673159922160658,0.0322382797070515
0.73541677738554,0.823953715749648,0.685439491438185,0.71851082448371,0.0885369383641077,0.033071333045525
0.662099980327839,0.786030935617134,0.633543322216275,0.694581463334294,0.123930955289295,0.0610381411180192
0.723287163688008,0.810025690827379,0.673462027892408,0.70913123444769,0.086738527139371,0.0356692065552824
0.757708537220859,0.838491952532866,0.692603013510594,0.746747596775082,0.0807834153120062,0.0541445832644882
0.792540351063078,0.850744772903864,0.722630147630148,0.761052836052836,0.0582044218407856,0.0384226884226884
0.746201168236649,0.815017594883239,0.688182314703685,0.715035514205037,0.0688164266465902,0.0268531995013529
0.780651288728658,0.841706902196615,0.709583519928348,0.742571323200126,0.0610556134679577,0.0329878032717789
0.816963780418789,0.85785816899569,0.732880806233947,0.764458012276348,0.0408943885769013,0.0315772060424013
0.715343713295493,0.808210816221439,0.672565424427048,0.720854813606198,0.0928671029259459,0.0482893891791498
0.739406093174085,0.82300502885358,0.676686368583955,0.731336385914345,0.0835989356794946,0.0546500173303903
0.676878365325992,0.786719356681235,0.641394231694873,0.68606923506421,0.109840991355244,0.0446750033693371
0.72160379348727,0.811075930651635,0.664409090387496,0.711486297421901,0.0894721371643648,0.047077207034405
0.739620659735436,0.831395821690069,0.673343974461293,0.738642299353486,0.0917751619546332,0.0652983248921933
0.765125710639442,0.825194204593761,0.697890577546005,0.725991465557622,0.0600684939543188,0.0281008880116176
0.781806266137566,0.845772073168992,0.707872195094935,0.757443734072217,0.0639658070314264,0.0495715389772821
0.691953244778954,0.795543756948699,0.643197487285705,0.686744556920175,0.103590512169744,0.0435470696344702
0.714597738323817,0.815316750486629,0.66043637678145,0.714826575035798,0.100719012162812,0.0543901982543486
0.749684279752369,0.82341076761803,0.691310399731007,0.730224341858027,0.0737264878656619,0.0389139421270199
0.742210570651425,0.829821329459973,0.683696067201222,0.73241695303551,0.0876107588085482,0.048720885834288
0.666073569551797,0.783512703285158,0.641574477975335,0.691840344208906,0.117439133733361,0.0502658662335712
0.832023765900644,0.87634810122901,0.748474061665707,0.768185916115561,0.0443243353283661,0.0197118544498537
0.767318814047563,0.841268356809169,0.703265295319096,0.742393697036001,0.0739495427616052,0.0391284017169049
0.733134663422141,0.810072918521388,0.672455739196803,0.712316232935265,0.0769382550992465,0.0398604937384617
0.758174825718658,0.827818765012553,0.700212248335688,0.732943465495156,0.0696439392938946,0.0327312171594673
0.709932854166453,0.81049201233984,0.663953478157106,0.712892263587661,0.100559158173387,0.0489387854305546
0.783369481007609,0.849368230700786,0.70983676975945,0.751856283750614,0.0659987496931762,0.0420195139911634
0.719845037905361,0.806767642393359,0.670417188413746,0.708267483987825,0.0869226044879977,0.0378502955740796
0.713179984367338,0.812170172687507,0.661801203035261,0.713155952791304,0.0989901883201686,0.0513547497560432
0.746111543987694,0.836269460863147,0.689052507492263,0.746235066851011,0.090157916875453,0.0571825593587481
0.759865171460308,0.837702754866511,0.694078061115969,0.746243471273604,0.077837583406203,0.0521654101576348
0.737874893897953,0.808744675249143,0.677149647112453,0.715053620830583,0.0708697813511899,0.03790397371813
0.72316709705369,0.817592952454981,0.672626176671324,0.728798953927249,0.094425855401291,0.0561727772559248
0.792647197034158,0.838103401689349,0.725660861524106,0.74674583075299,0.0454562046551906,0.0210849692288845
0.773207810143528,0.838149009540271,0.704375518953451,0.748080666548049,0.0649411993967432,0.043705147594598
0.785714729896959,0.849375878926464,0.716605014111684,0.746161595433092,0.0636611490295054,0.0295565813214079
0.729059036554706,0.802620786105958,0.682927671197669,0.708121149069215,0.0735617495512516,0.0251934778715451
0.745268737901156,0.831682793846534,0.689907517207629,0.74238346480917,0.0864140559453784,0.0524759476015404
0.747514051909407,0.821534551165482,0.68494585881964,0.725471152256571,0.0740204992560753,0.0405252934369318
0.741949287326376,0.812788111503254,0.680704292198711,0.723471020968711,0.0708388241768784,0.0427667287700004
0.743316196749778,0.826760738545296,0.675345817560364,0.734300043458637,0.0834445417955171,0.0589542258982732
0.724669361138966,0.816667055339195,0.67614444625825,0.718830163708869,0.0919976942002285,0.0426857174506192
0.739198590637765,0.82438222524395,0.68225239387005,0.728820210491733,0.0851836346061855,0.046567816621683
0.748293696352848,0.8193399176028,0.694830520743063,0.726382686534753,0.0710462212499522,0.0315521657916906
0.749891744197236,0.844982332990629,0.687973012440343,0.751152196263339,0.095090588793393,0.0631791838229957
0.747639523039484,0.822877279969561,0.68819013420212,0.720604147344891,0.0752377569300769,0.0324140131427712
0.75891,0.832804782608696,0.689820652173913,0.736391304347826,0.0738947826086957,0.0465706521739131
0.717485970474018,0.827967875776641,0.657405011986685,0.741988405335019,0.110481905302622,0.0845833933483337
0.787012532140852,0.844935743108067,0.717945574135474,0.754319010926029,0.0579232109672153,0.0363734367905546
0.753377497212195,0.835128239051957,0.686452446653688,0.739399251545106,0.0817507418397626,0.0529468048914175
0.74110718121147,0.831062260761636,0.674263224624067,0.741042455037127,0.0899550795501652,0.0667792304130597
0.732902584254568,0.842587261374687,0.66724083883515,0.743687304877425,0.109684677120119,0.0764464660422743
0.716679182364321,0.8151024165903,0.671610579370736,0.721770101483216,0.0984232342259783,0.0501595221124801
0.750833400125296,0.838108549752924,0.69080364635046,0.73113072522986,0.087275149627628,0.0403270788793999
0.748161520666972,0.831149063066292,0.687570734678164,0.745451407557866,0.0829875423993203,0.0578806728797021
0.702431132429391,0.812062096932669,0.65357244939886,0.718885881701413,0.109630964503278,0.0653134323025529
0.709284905519297,0.810428585162341,0.664790735504388,0.721960602393643,0.101143679643044,0.0571698668892554
0.699501163155238,0.804908040858792,0.6544386029043,0.710416314306663,0.105406877703554,0.0559777114023627
0.733230943061291,0.817265627321073,0.678572224367925,0.725602736266675,0.0840346842597819,0.0470305118987493
0.738004509246397,0.831249186056607,0.674151780546391,0.734352842652081,0.0932446768102101,0.0602010621056898
0.735888143890556,0.819919172546065,0.68128582588889,0.716138004943984,0.0840310286555088,0.0348521790550939
0.797551472423755,0.847243488533682,0.719396784056706,0.756263028100151,0.0496920161099265,0.0368662440434453
0.765475304219791,0.826515486652625,0.702992429994784,0.733025674631734,0.0610401824328339,0.0300332446369501
0.791752049180328,0.856902943368107,0.718936289120715,0.752207526080477,0.0651508941877795,0.0332712369597615
0.767603171555214,0.842244731409918,0.702459875506057,0.744529987358584,0.0746415598547038,0.0420701118525275
0.739779924054008,0.821370864178265,0.682358162080972,0.718941714051634,0.0815909401242575,0.036583551970662
0.731299720840721,0.830097917232093,0.672180165239735,0.736485271880695,0.0987981963913729,0.0643051066409597
0.696259718525706,0.796486348839992,0.652130120866409,0.698282739638598,0.100226630314286,0.0461526187721888
0.739274595352325,0.833212894392254,0.67966569591069,0.741945759009829,0.0939382990399296,0.0622800630991385
0.798078028574953,0.853561106984143,0.718216992201342,0.758494656961437,0.0554830784091893,0.0402776647600949
0.751032303654351,0.829242075509792,0.690646073087018,0.727961841308298,0.0782097718554411,0.03731576822128
0.68040213976972,0.782809894616499,0.647330150244029,0.683006683222526,0.102407754846779,0.0356765329784972
0.74021557046005,0.834573137806576,0.676056971798297,0.740353918587357,0.0943575673465263,0.0642969467890604
0.760023717709741,0.841218525249701,0.696925920748093,0.750282515494664,0.0811948075399599,0.0533565947465708
0.75924879460233,0.843489718910594,0.692286108952776,0.75325908659242,0.0842409243082644,0.0609729776396443
0.811966693831979,0.863506518428798,0.729837980097048,0.770398283351651,0.0515398245968194,0.0405603032546037
0.72931077640819,0.823624187490874,0.67573437583609,0.738357096797306,0.0943134110826834,0.0626227209612165
0.78898776598298,0.845980769853346,0.709018164037862,0.748748298970396,0.0569930038703656,0.0397301349325339
0.783009515475458,0.848977303186541,0.709090156567807,0.763193409725179,0.0659677877110828,0.054103253157372
0.747317322043963,0.809270970232661,0.685129604503859,0.717104136542482,0.0619536481886984,0.0319745320386224
0.767003648647205,0.843805758060323,0.700415614571796,0.753259119837316,0.076802109413118,0.0528435052655196
0.728506364979528,0.821531380403184,0.671521399756584,0.731012089300704,0.0930250154236558,0.0594906895441194
0.786663783846238,0.839251185977599,0.712694377990431,0.741028708133971,0.0525874021313615,0.0283343301435406
0.746302694805223,0.820666488663771,0.687425152866596,0.718854119577411,0.0743637938585476,0.0314289667108149
0.732312720527474,0.818949085644852,0.68026472565975,0.72962327545479,0.0866363651173778,0.0493585497950404
0.766113302270748,0.833967086243381,0.701492444638724,0.724033930410536,0.0678537839726332,0.0225414857718125
0.761099045980388,0.827355847916404,0.692370203673395,0.738059892008337,0.0662568019360164,0.045689688334942
0.784340912271398,0.845894926015128,0.713261438377857,0.759976817582547,0.0615540137437303,0.0467153792046903
0.704998151704955,0.799186750180306,0.660466649260811,0.702890319845519,0.0941885984753504,0.0424236705847075
0.739364760432767,0.821524839920512,0.680651357915655,0.730169573857364,0.0821600794877456,0.049518215941709
0.657783812951965,0.791995980380119,0.626600254619009,0.698743384106346,0.134212167428154,0.0721431294873369
0.754501261218526,0.821872171186892,0.700560302454351,0.730156011976196,0.0673709099683654,0.029595709521845
0.751144573731843,0.831998208566769,0.681225864239782,0.734503680043265,0.0808536348349261,0.0532778158034831
0.716679539115194,0.830855600111845,0.655454849247431,0.731993916702471,0.114176060996651,0.0765390674550402
0.71195505382121,0.800251601131471,0.661600514945606,0.714328493607952,0.0882965473102606,0.0527279786623451
0.754395395729587,0.831198671420044,0.697243383365201,0.727693249939104,0.0768032756904576,0.0304498665739028
0.728950684817682,0.827329003309837,0.671214114584055,0.732864093580209,0.0983783184921547,0.0616499789961547
0.762633493617707,0.835390082984161,0.694599071867331,0.750290124288494,0.0727565893664534,0.0556910524211629
0.736800104146844,0.806701706081364,0.679089575044251,0.710008169316652,0.0699016019345197,0.0309185942724013
0.704293068238332,0.815008941136635,0.646263768821357,0.718262139312432,0.110715872898304,0.0719983704910747
0.765865172321539,0.829469553532207,0.703702099352375,0.731349532419226,0.0636043812106685,0.0276474330668514
0.746861830012623,0.83052004509991,0.686999739067556,0.735008660838854,0.0836582150872872,0.048008921771298
0.751591955509622,0.824150663263629,0.682307278806819,0.722869611960968,0.0725587077540068,0.0405623331541496
0.726390833450297,0.828915586250949,0.674227353415513,0.734907335768498,0.102524752800652,0.0606799823529844
0.785192387853659,0.840925984920888,0.71945207856861,0.738541483408063,0.0557335970672284,0.0190894048394537
0.760400799605484,0.823538896184958,0.703664153613669,0.733698069633947,0.0631380965794738,0.0300339160202786
0.771845539791368,0.843280896393803,0.700355782235494,0.75148389062228,0.0714353566024345,0.0511281083867857
0.760148339970479,0.83826281547442,0.691345817435035,0.746481214243971,0.0781144755039401,0.0551353968089365
0.763487000844493,0.83871596895484,0.694317770539269,0.742964571520489,0.0752289681103471,0.0486468009812201
0.677192060376615,0.8088269592425,0.637576476771592,0.717194031321601,0.131634898865885,0.0796175545500086
0.717780369301751,0.814495537357379,0.669428638795415,0.714305431410695,0.0967151680556285,0.0448767926152794
0.727321214800251,0.818823568578619,0.673502203040376,0.71236046910033,0.091502353778368,0.038858266059954
0.797700249350386,0.844215270087363,0.716313948059844,0.748198407269885,0.0465150207369769,0.0318844592100406
0.717391144787607,0.81700044882694,0.674708179916848,0.719186452546001,0.0996093040393323,0.0444782726291533
0.730556213718754,0.816374160136748,0.679583072418637,0.71790876165654,0.0858179464179938,0.0383256892379034
0.765384383323134,0.823784014411681,0.704712024961859,0.729702759078411,0.0583996310885474,0.0249907341165518
0.707215681343544,0.809675341894912,0.661315478306287,0.721857899712975,0.102459660551368,0.060542421406688
0.740165380397717,0.844726815546338,0.680382377389859,0.75498753117207,0.10456143514862,0.0746051537822111
0.773998775399129,0.838114132103383,0.705370101596517,0.745373730043542,0.0641153567042536,0.0400036284470248
0.782096307053401,0.83568074543475,0.71238110139712,0.740197588452737,0.0535844383813492,0.0278164870556175
0.755509725522182,0.831544558317671,0.692424598390014,0.736456080002837,0.0760348327954892,0.0440314816128231
0.732348857203175,0.82015724791769,0.676171003702114,0.726670712647629,0.0878083907145151,0.0504997089455153
0.729555606744263,0.827993297290461,0.668360636486407,0.728730866338758,0.0984376905461987,0.0603702298523506
0.751481748937874,0.826084454623997,0.686836525790091,0.737606435487087,0.0746027056861229,0.0507699096969961
0.721158955385433,0.799782339165174,0.674981992797119,0.703601440576231,0.0786233837797414,0.0286194477791117
0.755338142928171,0.829520359603462,0.691372358020558,0.732987326616136,0.0741822166752915,0.041614968595578
0.756206843262153,0.836478807332955,0.693702202752707,0.74160175709113,0.0802719640708017,0.0478995543384232
0.784936441163374,0.844563007472061,0.712778658256572,0.742881818716113,0.0596265663086865,0.0301031604595403
0.736709063096895,0.834379552591537,0.683076499724821,0.733551587943928,0.0976704894946421,0.0504750882191072
0.722703298207501,0.824546576500796,0.673161523635424,0.733791006815427,0.101843278293295,0.0606294831800028
0.769378059314714,0.840069104520587,0.692877195508206,0.748256790478933,0.0706910452058739,0.0553795949707265
0.771094164932346,0.849009737396042,0.698750290638377,0.749358455900708,0.0779155724636957,0.0506081652623306
0.694795618907871,0.802313698773714,0.648379886804318,0.71124567655382,0.107518079865842,0.0628657897495022
0.742947047546539,0.845687630364953,0.683318142484602,0.756551850667253,0.102740582818414,0.0732337081826512
0.691520877401923,0.784179391009119,0.654657909237962,0.69979167036991,0.0926585136071955,0.045133761131948
0.748300900982821,0.824020399039154,0.690932202747657,0.726405465002614,0.0757194980563323,0.0354732622549578
0.746839104223787,0.822473287234065,0.692876454385262,0.722523966742368,0.0756341830102779,0.0296475123571061
0.713067207152999,0.813272264711626,0.66425167626417,0.711991556660456,0.100205057558628,0.0477398803962863
0.754546212726646,0.835323170150523,0.687633806482833,0.733135800749316,0.0807769574238769,0.0455019942664838
0.708342087762313,0.804280961446408,0.662415135326724,0.713105791260309,0.0959388736840951,0.0506906559335845
0.732403375068046,0.826995469769244,0.67545071644077,0.732157949124863,0.0945920947011984,0.0567072326840926
0.724170561051875,0.829886443533251,0.674428061207116,0.739628382506415,0.105715882481376,0.0652003212992991
0.760142270687802,0.819184687674821,0.698637884157768,0.728574993435292,0.059042416987019,0.0299371092775232
0.748118437968716,0.817558120848511,0.690623884008285,0.72252606956646,0.0694396828797944,0.0319021855581744
0.762382568634131,0.821869261591782,0.698229208306658,0.724097596579289,0.0594866929576513,0.0258683882726316
0.711456067029442,0.804890958605846,0.667599486392576,0.70603780925395,0.0934348915764041,0.0384383228613744
0.790884398598027,0.851787495914747,0.718218407934927,0.758361231259351,0.0609030973167195,0.0401428233244232
0.731969865760061,0.8189877265792,0.674907309602283,0.718549238947861,0.0870178608191388,0.0436419293455779
0.780420596465666,0.840484385924597,0.715676903293942,0.739902718630466,0.0600637894589304,0.0242258153365245
0.728144253871589,0.82264773549832,0.676983541709854,0.73002461267115,0.0945034816267302,0.0530410709612961
0.756967311210594,0.84566660047312,0.694855364584238,0.733927615469356,0.0886992892625259,0.0390722508851186
0.687832113977667,0.799937950382309,0.644536003080478,0.717740469772815,0.112105836404643,0.0732044666923374
0.752694817547599,0.830435209878413,0.693288020007826,0.730878425772157,0.0777403923308143,0.037590405764331
0.701054141716567,0.816569176461891,0.653919244843646,0.722625582168995,0.115515034745324,0.0687063373253494
0.78364239301628,0.849392763017309,0.710468259056122,0.756265779455643,0.0657503700010289,0.0457975203995219
0.749373103131768,0.835572140292386,0.690284677655527,0.739138683236091,0.0861990371606176,0.0488540055805637
0.793729933475758,0.845642517122342,0.717729098764496,0.757291324523948,0.051912583646584,0.0395622257594516
0.685611716216718,0.798852014563025,0.643709488573289,0.703574453296082,0.113240298346307,0.059864964722793
0.776921004622321,0.843394480197233,0.711508153726773,0.751760976402014,0.0664734755749115,0.0402528226752404
0.781711226815981,0.835847159376571,0.712899543378995,0.74165594847001,0.0541359325605901,0.0287564050910143
0.698322651445294,0.815568883571231,0.647624200763609,0.721380033887369,0.117246232125937,0.07375583312376
0.667801889480825,0.791759667037014,0.630614343551678,0.691164496172315,0.123957777556189,0.0605501526206376
0.751958868296331,0.835443140598815,0.678200502271477,0.737342825558427,0.0834842723024846,0.0591423232869499
0.736191996501556,0.815601480706918,0.681442672630804,0.718058540851762,0.0794094842053626,0.0366158682209571
0.704754447530758,0.820663062156838,0.664527584406875,0.727000864929948,0.11590861462608,0.0624732805230731
0.792383455359521,0.854125858664027,0.714640127436546,0.754775604142693,0.061742403304506,0.0401354767061473
0.75833540444262,0.832463827626077,0.688780530852324,0.735746265699909,0.074128423183457,0.0469657348475844
0.746043248955566,0.809440153677495,0.685231915404951,0.710346070656092,0.0633969047219287,0.0251141552511416
0.768294698474439,0.844809825321694,0.693908657740835,0.747663456880024,0.0765151268472554,0.0537547991391891
0.736357280769384,0.837553918701565,0.678282103643542,0.745412133286366,0.10119663793218,0.067130029642824
0.785007491884155,0.838772739803341,0.714480294561927,0.742580077936466,0.0537652479191868,0.0280997833745394
0.712799326001065,0.808130065300676,0.655812819099885,0.716722239715706,0.095330739299611,0.0609094206158206
0.735992731780585,0.821766593967326,0.679673247328642,0.723308711575655,0.0857738621867413,0.0436354642470131
0.729768898420987,0.822824713000953,0.671181246287317,0.730220248456215,0.0930558145799659,0.0590390021688978
0.759484929693264,0.817251160151391,0.703501769076231,0.726368950248052,0.0577662304581265,0.0228671811718209
0.723805227660168,0.812156634127361,0.677247689628136,0.721188602180499,0.0883514064671926,0.043940912552363
0.76645270463535,0.837315305155111,0.704405503252591,0.748866088065117,0.0708626005197607,0.0444605848125266
0.789596009561627,0.860206712060066,0.711457733591746,0.756468424196718,0.0706107024984389,0.045010690604972
0.74320876269806,0.828253458895592,0.691539665741694,0.742416033084452,0.0850446961975314,0.0508763673427587
0.78090785150607,0.834496695285005,0.708606367260767,0.742278344848242,0.0535888437789356,0.0336719775874759
0.737384452405497,0.831968717021999,0.67995055486441,0.737287832200606,0.0945842646165012,0.0573372773361952
0.717805168689953,0.810263896129689,0.655551997219533,0.712132270797647,0.0924587274397359,0.0565802735781138
0.715996888869229,0.821561536987069,0.665778298757022,0.72797234632341,0.10556464811784,0.0621940475663879
0.72480149562777,0.828880674914866,0.66902775638722,0.730619299416466,0.104079179287096,0.0615915430292452
0.696794377129448,0.80511970035425,0.654986800243688,0.707262122340306,0.108325323224802,0.0522753220966177
0.8108049488169,0.84577224717272,0.732947265606297,0.743485526051193,0.0349672983558207,0.0105382604448957
0.735115799052069,0.815071303498494,0.681159514055127,0.72044645819985,0.0799555044464249,0.0392869441447232
0.788817140969785,0.849047607228907,0.712213814420393,0.745032322360659,0.0602304662591211,0.0328185079402656
0.734412515662516,0.831680894180894,0.67743048993049,0.733504483504484,0.0972683785183786,0.0560739935739936
0.730465798245513,0.813436650134444,0.682063977015991,0.715225275505077,0.0829708518889312,0.0331612984890853
0.710073930696466,0.812095201670293,0.661156647268891,0.710633516383612,0.102021270973827,0.0494768691147215
0.72978227619124,0.82674255731531,0.673726353481825,0.725937624670268,0.0969602811240701,0.0522112711884433
0.758806781539877,0.831142132068171,0.692098821056448,0.725949002499416,0.0723353505282937,0.0338501814429684
0.762498876404495,0.814990398365679,0.707596935648621,0.719362206332993,0.0524915219611848,0.0117652706843717
0.714252823169863,0.808584606441101,0.672933075337605,0.715906830432499,0.0943317832712381,0.0429737550948938
0.662010085292448,0.796860973128254,0.629770156529687,0.70445817623237,0.134850887835806,0.0746880197026825
0.709779116828592,0.814342812431369,0.660059962560241,0.729941492057124,0.104563695602777,0.0698815294968831
0.790620502507482,0.849083001864593,0.717080643010128,0.754191412409876,0.0584624993571119,0.0371107693997474
0.756203130980452,0.817563448898298,0.704430239682712,0.715290739524415,0.061360317917846,0.0108604998417026
0.777231045746139,0.839143378256756,0.708000109734805,0.726299715839954,0.0619123325106173,0.018299606105149
0.767619807046179,0.839042623441024,0.70381671463517,0.747932578296641,0.0714228163948452,0.0441158636614711
0.759090271937202,0.849462667040464,0.690204186524624,0.740085038781422,0.0903723951032613,0.0498808522567985
0.72218279221182,0.812767703188603,0.668800539083558,0.720148823922409,0.0905849109767832,0.051348284838851
0.752968114374398,0.83911279892774,0.691742500842602,0.74649477586788,0.0861446845533426,0.0547522750252781
0.751828105394092,0.831153750750732,0.693960210541045,0.735287022541485,0.0793256453566396,0.0413268120004398
0.755934643065551,0.829126629060494,0.696627115347209,0.73544057576347,0.0731919859949426,0.0388134604162613
0.746795698081062,0.834997085724534,0.677214849354376,0.73999730989957,0.088201387643472,0.0627824605451937
0.737636272204675,0.81908508834778,0.679136351251804,0.729798623234474,0.0814488161431056,0.0506622719826702
0.759849825564815,0.80959071215655,0.692206380460134,0.715717039954057,0.0497408865917357,0.0235106594939231
0.707673877578519,0.807469335787096,0.665154384920618,0.707220193054704,0.0997954582085773,0.042065808134086
0.7229151380148,0.829798695725736,0.664086915967322,0.738936286228501,0.106883557710936,0.0748493702611792
0.764262184033644,0.841443657286631,0.697684761440109,0.742120447241834,0.0771814732529867,0.044435685801725
0.80769304757137,0.861197384337261,0.729286143189077,0.76428485386173,0.0535043367658907,0.0349987106726533
0.756659864918141,0.821286912876573,0.69417140957672,0.729952466529844,0.0646270479584318,0.0357810569531238
0.706310446713424,0.826530454976412,0.662986935828603,0.728885505914102,0.120220008262988,0.0658985700854986
0.694223465681991,0.823175166567113,0.651151530409914,0.726359729016822,0.128951700885122,0.0752081986069083
0.762613405356649,0.823233877407771,0.700485241832525,0.727844734481841,0.0606204720511216,0.0273594926493154
0.735739887716771,0.814111070039587,0.680874254788782,0.713980273030857,0.0783711823228158,0.0331060182420755
0.767900217829914,0.833095863017123,0.701538646954845,0.741084150195511,0.0651956451872088,0.0395455032406663
0.771507512992466,0.841159125296515,0.707033345071376,0.74748006145059,0.0696516123040489,0.0404467163792135
0.772462396268421,0.837524519376099,0.709560405372308,0.7408768062699,0.0650621231076778,0.0313164008975912
0.694740635515272,0.803797335747001,0.659528957723107,0.716569659027577,0.109056700231729,0.0570407013044699
0.79855202466493,0.842550708684544,0.719297723362753,0.738990240841169,0.0439986840196145,0.0196925174784157
0.70666618987419,0.8013378235966,0.65967534639324,0.699309211841001,0.0946716337224099,0.0396338654477608
0.786638543349248,0.847504266677793,0.705304190781592,0.752622591239353,0.0608657233285451,0.0473184004577614
0.704142544688164,0.810459123200806,0.663609981406168,0.712256743042129,0.106316578512642,0.0486467616359609
0.709560690510219,0.818609157914904,0.653714498380309,0.726084400097776,0.109048467404685,0.0723699017174668
0.722856427653835,0.810598779696322,0.661779501042446,0.725285691585189,0.0877423520424866,0.0635061905427422
0.735176686274994,0.821160254449327,0.683278715416732,0.722977731708368,0.0859835681743333,0.0396990162916366
0.729092356279471,0.830463928486621,0.672246202878837,0.736745136780756,0.10137157220715,0.064498933901919
0.69259608267103,0.812443509428082,0.645067788686302,0.72481884057971,0.119847426757052,0.0797510518934081
0.790332273361975,0.849205943438766,0.716842229661206,0.757054229520398,0.0588736700767907,0.0402119998591921
0.765902331284325,0.843992475369937,0.701898351991386,0.748115669694123,0.0780901440856121,0.0462173177027362
0.681023937887001,0.799549203568458,0.64535631466359,0.700155004682008,0.118525265681457,0.0547986900184175
0.774409630892852,0.831236399522667,0.711015199501195,0.730990094103948,0.0568267686298152,0.0199748946027525
0.740350927553913,0.830233353666559,0.680059325176122,0.7387319243604,0.0898824261126461,0.0586725991842788
0.782488768036882,0.853024076147093,0.707827362392044,0.748075212297983,0.0705353081102111,0.0402478499059393
0.80134690815561,0.851594470046083,0.716296216911371,0.761678276712035,0.0502475618904725,0.0453820598006645
0.760416918408142,0.844037668580477,0.698888808331617,0.741834849152672,0.0836207501723349,0.042946040821055
0.759935271818651,0.835816769455874,0.688535719631364,0.753608313554429,0.0758814976372227,0.0650725939230654
0.81938637649613,0.858964993102841,0.735140580639253,0.757772704005748,0.0395786166067115,0.0226321233664951
0.800956965091177,0.854957555972878,0.72745947195067,0.757614914790179,0.0540005908817008,0.0301554428395083
0.691760108263367,0.794433090293121,0.655914606181122,0.696699164088968,0.102672982029754,0.0407845579078456
0.690760933611541,0.799126096711656,0.653483482026291,0.712816477998757,0.108365163100115,0.0593329959724659
0.81201619387326,0.848093101697611,0.729374709928771,0.760271190724693,0.0360769078243514,0.0308964807959228
0.738226301141635,0.832742479032167,0.678430899234493,0.741702796342225,0.0945161778905318,0.0632718971077327
0.766609366099276,0.826662904217351,0.704491999756209,0.734636945236686,0.0600535381180747,0.0301449454804776
0.786104956281864,0.839317075225142,0.718968078858766,0.744617299606689,0.0532121189432776,0.0256492207479229
0.75939689890955,0.839850843356186,0.69441881615513,0.736074734114929,0.0804539444466363,0.0416559179597993
0.769504430869827,0.833823262305582,0.701652136090319,0.738674515089812,0.0643188314357547,0.0370223789994935
0.791507741683004,0.845977582917179,0.71920295960918,0.742149948413746,0.0544698412341754,0.0229469888045659
0.714040368476818,0.819910922233407,0.664391786795201,0.726176367035441,0.105870553756589,0.0617845802402405
0.675468791601689,0.781598753205006,0.639781674337226,0.698862045996046,0.106129961603317,0.0590803716588205
0.740638092641909,0.813859380569943,0.689035416972468,0.71821929585439,0.0732212879280337,0.0291838788819224
0.675410745706544,0.785542161609639,0.644876714899288,0.690663742485376,0.110131415903095,0.0457870275860882
0.735726494510221,0.82892822809148,0.682513028739122,0.726801254806719,0.0932017335812588,0.0442882260675976
0.685163321262055,0.807611636892341,0.642287843908043,0.718268242664118,0.122448315630287,0.075980398756075
0.709762400467529,0.808720505515377,0.658052998758127,0.716507323398349,0.0989581050478486,0.058454324640222
0.741734664367186,0.826868567725407,0.683794415532699,0.734635976978949,0.0851339033582208,0.0508415614462501
0.767696972448258,0.839231536020035,0.705409530943221,0.741564335947401,0.0715345635717771,0.0361548050041802
0.760624879230803,0.83264614210326,0.697320409178084,0.727899303780631,0.0720212628724576,0.0305788946025469
0.744512160702294,0.827219340334213,0.686609115417182,0.732565961712523,0.0827071796319185,0.0459568462953411
0.742464759439065,0.825835086289496,0.686181099927397,0.730569719930836,0.0833703268504312,0.0443886200034396
0.76759220286355,0.843224656431488,0.697559657294003,0.74826174458053,0.0756324535679375,0.0507020872865276
0.765844312615299,0.84656496336275,0.694573780637583,0.755464025326565,0.0807206507474512,0.0608902446889824
0.735770861209866,0.812800980488913,0.679130412828981,0.711122535867487,0.0770301192790469,0.0319921230385057
0.731739175520883,0.811638730239764,0.672797480403731,0.716298139816853,0.0798995547188809,0.0435006594131223
0.74695252272176,0.83302834857072,0.686624995950656,0.739315064271983,0.0860758258489599,0.0526900683213276
0.715234576279707,0.812922589199311,0.671359527579836,0.71227448818007,0.0976880129196044,0.0409149606002338
0.718043688707437,0.826943312169963,0.671536818436414,0.710949615854073,0.108899623462526,0.0394127974176588
0.76231639100165,0.848383057194869,0.700029117043413,0.736838267843658,0.0860666661932188,0.0368091508002453
0.769713615074969,0.851150475480142,0.698215441313575,0.749403867457854,0.0814368604051726,0.0511884261442784
0.707497494859609,0.804884053098237,0.664504907431655,0.70792479374413,0.0973865582386282,0.0434198863124746
0.741824101903535,0.818801495546403,0.685857067887982,0.73015759426236,0.0769773936428677,0.0443005263743779
0.75254974453414,0.828728454008938,0.689647309909769,0.736773848612727,0.0761787094747979,0.0471265387029576
0.794021283333507,0.853791920267538,0.721102985443397,0.764311919501951,0.0597706369340307,0.0432089340585535
0.742795029825341,0.824196003585975,0.682441022101956,0.728193573311892,0.0814009737606346,0.0457525512099364
0.775774922201013,0.829024903979489,0.704841989402915,0.737028120193785,0.0532499817784761,0.0321861307908695
0.737824295175398,0.826417564875526,0.680027111175609,0.724817444821172,0.088593269700128,0.0447903336455625
0.729997822036154,0.820103009623374,0.672468923682534,0.731446974646888,0.0901051875872194,0.0589780509643539
0.749810177661327,0.827423744928305,0.682134147015577,0.735585110499375,0.0776135672669784,0.0534509634837982
0.763874196298981,0.818020898328773,0.70760881813274,0.724930330494977,0.0541467020297918,0.0173215123622377
0.716840957847185,0.823213000189277,0.669670893592944,0.731614391317414,0.106372042342093,0.0619434977244706
0.796275695180764,0.8342023805452,0.722610048910627,0.746613879673017,0.0379266853644354,0.0240038307623902
0.75175943585242,0.829790175988631,0.689486746503749,0.736769712203417,0.078030740136211,0.0472829656996673
0.781495802011225,0.832733620651111,0.710666526701308,0.734088563080638,0.0512378186398866,0.0234220363793294
0.808208560223697,0.840693898288348,0.731248198282137,0.750004910759554,0.0324853380646512,0.0187567124774172
0.791589401021865,0.849116684292013,0.711225927221503,0.760985452674258,0.0575272832701477,0.0497595254527552
0.72108261506394,0.828619081048522,0.664926244675273,0.733235505691987,0.107536465984582,0.0683092610167142
0.748308515311631,0.823253706281074,0.684796241783777,0.741969040082439,0.0749451909694424,0.057172798298662
0.769976406460107,0.826584841700636,0.705774213079322,0.727807464042073,0.0566084352405292,0.0220332509627503
0.772653173878048,0.836905940235086,0.710922034414497,0.742620026539625,0.0642527663570377,0.0316979921251278
0.780807937792161,0.848007910823445,0.711185724559511,0.753772024451636,0.0671999730312838,0.0425862998921251
0.749190364842505,0.824623314709557,0.685566321113434,0.737458595624068,0.0754329498670523,0.0518922745106343
0.748889389758806,0.83298096309029,0.679270672855437,0.746434851959915,0.084091573331484,0.0671641791044777
0.726397673992375,0.807788580431489,0.66537934007536,0.712097614534278,0.081390906439114,0.0467182744589184
0.695109282222041,0.806037461867408,0.64607251321022,0.713082883913494,0.110928179645367,0.067010370703274
0.674894128887321,0.812714001669837,0.637206164625277,0.716832215804922,0.137819872782517,0.0796260511796453
0.737299467864227,0.817485044229518,0.686365070730335,0.719368046577383,0.0801855763652906,0.0330029758470488
0.77785587363539,0.836518725549106,0.706804951461128,0.753851274248764,0.058662851913716,0.0470463227876361
0.735469585108574,0.812090068407758,0.684067551305819,0.72247780271246,0.0766204832991837,0.0384102514066412
0.710675437084733,0.797415168160284,0.668816873597442,0.701882636148961,0.0867397310755511,0.0330657625515188
0.711074035394573,0.812677064848541,0.666195841455018,0.72748357772174,0.101603029453968,0.0612877362667219
0.740542999000891,0.833597439510202,0.673367665074608,0.736935197292056,0.0930544405093105,0.0635675322174487
0.738826813535595,0.825475483629606,0.681663747691974,0.720290947105463,0.0866486700940107,0.0386271994134897
0.746233380799852,0.826607676792068,0.682874233847771,0.720386840292328,0.080374295992216,0.0375126064445566
0.75482315497272,0.820690150282378,0.688020484349574,0.731229459813025,0.0658669953096582,0.0432089754634504
0.71570408825438,0.814179581631485,0.662607359621331,0.723693075543001,0.0984754933771043,0.0610857159216705
0.722141635850332,0.813053401725715,0.669756252733707,0.72534693228359,0.0909117658753827,0.0555906795498827
0.756331076494009,0.84521856741816,0.688955903823521,0.750838123546881,0.0888874909241507,0.0618822197233604
0.754270089761966,0.83103830487197,0.690697698095601,0.723471793459833,0.0767682151100048,0.0327740953642315
0.775703956623951,0.833893719688309,0.70172350731363,0.744176732676808,0.0581897630643581,0.0424532253631784
0.748889076837483,0.8199723261284,0.689156764626186,0.719673180555177,0.0710832492909173,0.0305164159289908
0.76724130172953,0.842149095637853,0.691489066509878,0.743741872439865,0.0749077939083234,0.0522528059299878
0.797033232196075,0.845528564880968,0.723559312543163,0.748526493053467,0.0484953326848935,0.0249671805103041
0.756237710991469,0.841306795464735,0.6950209416833,0.744692987020303,0.0850690844732656,0.0496720453370034
0.754529222264717,0.820265650552911,0.691455165310102,0.730652113214719,0.0657364282881939,0.0391969479046175
0.733333509801015,0.82026501916439,0.675062557793166,0.726400315171279,0.0869315093633751,0.0513377573781138
0.809867313513843,0.853390359893338,0.728815732705364,0.756254644427733,0.0435230463794947,0.0274389117223687
0.731029652739515,0.831956032514973,0.674773123269243,0.733732898154575,0.100926379775458,0.0589597748853319
0.754416531254152,0.827022992219578,0.69517365426689,0.735504571793789,0.0726064609654264,0.0403309175268998
0.789604848997699,0.861651740591872,0.701023082528266,0.764041141262423,0.0720468915941732,0.0630180587341578
0.735762564600212,0.822917299576594,0.683746699465144,0.727899653324491,0.0871547349763819,0.0441529538593474
0.768042238830106,0.842719319730336,0.698300318781839,0.744000262893359,0.0746770809002301,0.0456999441115197
0.816639636402482,0.863404745025298,0.730715201367375,0.759433238484622,0.0467651086228161,0.0287180371172466
0.686510215536916,0.791075636065375,0.656772835739727,0.692160900955607,0.10456542052846,0.0353880652158803
0.76174211400957,0.821340091620901,0.698862555054103,0.726348825512479,0.0595979776113316,0.0274862704583764
0.774704334622992,0.837633510967734,0.708152903591583,0.743081214718504,0.062929176344742,0.0349283111269207
0.74209821393165,0.828454757429394,0.683427167352701,0.730617054097568,0.0863565434977437,0.0471898867448667
0.763979117693295,0.832382721123751,0.696249760410209,0.74837353132111,0.0684036034304558,0.0521237709109008
0.73815668279939,0.821472711134929,0.681109641116675,0.733793730008541,0.0833160283355383,0.052684088891866
0.74728253818482,0.828925714061056,0.682522458768257,0.733381494368108,0.081643175876236,0.0508590355998506
0.720813286026826,0.830297441134652,0.670190627324791,0.730984038455613,0.109484155107826,0.0607934111308222
0.745527832855989,0.825358375559962,0.688758537122714,0.727371667768231,0.0798305427039729,0.0386131306455166
0.670536035578104,0.792768195292291,0.640058729367266,0.700046554258706,0.122232159714188,0.0599878248914406
0.783770062533178,0.844795907568372,0.71566168585844,0.751430298223714,0.0610258450351937,0.035768612365274
